address,origin,subsystem,disposition,confidence,evidence_id
0x00401000,unknown,,review,unknown,ghidra-12.1.3-initial-inventory
0x00401030,unknown,,review,unknown,ghidra-12.1.3-initial-inventory
0x00401060,unknown,,review,unknown,ghidra-12.1.3-initial-inventory
0x00401090,unknown,,review,unknown,ghidra-12.1.3-initial-inventory
0x004010B0,unknown,,review,unknown,ghidra-12.1.3-initial-inventory
0x004010D0,unknown,,review,unknown,ghidra-12.1.3-initial-inventory
0x004010F0,unknown,,review,unknown,ghidra-12.1.3-initial-inventory
0x00401100,unknown,,review,unknown,ghidra-12.1.3-initial-inventory
0x00401120,unknown,,review,unknown,ghidra-12.1.3-initial-inventory
0x00401140,unknown,,review,unknown,ghidra-12.1.3-initial-inventory
0x00401160,unknown,,review,unknown,ghidra-12.1.3-initial-inventory
0x00401180,unknown,Session,review,pending,"EXACT-073: Twenty whole Session/PlayerTable construction, real process initializer, indexed/current-record/Controller lookups, mode/clamp queries, continue and flag updates add1167body/1177comparisonbytes. Complete560unit/101fresh-object graph replays98007disjointbytes. Actual704-byte BSS, original CRT registration, two real Contexts/two PlayerRecords, independent double-clock consumer, natural alignment gaps and complete EH/array helper establish the owned protocol. O2/UBSan checks run actual production lifetimes/lookups, whole-object preservation, signed/wrapped counters and retained flags. Whole Enemy readers, Player/card/game/Controller owners,41KB opcode root and whole-game link/runtime remain open; authored origins are not inferred. See docs/EXACT_SESSION_RECONSTRUCTION.md."
0x00401190,unknown,,review,unknown,ghidra-12.1.3-initial-inventory
0x004011C0,unknown,,review,unknown,ghidra-12.1.3-initial-inventory
0x004011F0,unknown,,review,unknown,ghidra-12.1.3-initial-inventory
0x00401210,unknown,,review,unknown,ghidra-12.1.3-initial-inventory
0x00401240,unknown,,review,unknown,ghidra-12.1.3-initial-inventory
0x00401280,unknown,,review,unknown,ghidra-12.1.3-initial-inventory
0x0040A990,unknown,,review,unknown,ghidra-12.1.3-initial-inventory
0x0040A9C0,unknown,,review,unknown,ghidra-12.1.3-initial-inventory
0x0040A9F0,unknown,,review,unknown,ghidra-12.1.3-initial-inventory
0x0040AA10,unknown,,review,unknown,ghidra-12.1.3-initial-inventory
0x0040AA40,unknown,,review,unknown,ghidra-12.1.3-initial-inventory
0x0040AE40,unknown,,review,unknown,ghidra-12.1.3-initial-inventory
0x0040AE50,unknown,,review,unknown,ghidra-12.1.3-initial-inventory
0x0040AE60,unknown,,review,unknown,ghidra-12.1.3-initial-inventory
0x0040AE70,unknown,,review,unknown,ghidra-12.1.3-initial-inventory
0x0040AE80,unknown,,review,unknown,ghidra-12.1.3-initial-inventory
0x0040AE90,unknown,,review,unknown,ghidra-12.1.3-initial-inventory
0x0040AF10,unknown,,review,unknown,ghidra-12.1.3-initial-inventory
0x0040AF40,unknown,,review,unknown,ghidra-12.1.3-initial-inventory
0x0040AFD0,unknown,,review,unknown,ghidra-12.1.3-initial-inventory
0x0040B070,unknown,,review,unknown,ghidra-12.1.3-initial-inventory
0x0040B0A0,unknown,,review,unknown,ghidra-12.1.3-initial-inventory
0x0040B0D0,unknown,,review,unknown,ghidra-12.1.3-initial-inventory
0x0040B0F0,unknown,,review,unknown,ghidra-12.1.3-initial-inventory
0x0040B120,unknown,,review,unknown,ghidra-12.1.3-initial-inventory
0x0040B130,unknown,,review,unknown,ghidra-12.1.3-initial-inventory
0x0040B190,unknown,,review,unknown,ghidra-12.1.3-initial-inventory
0x0040B1D0,unknown,Worker,review,pending,"EXACT-053: Real Worker16/jthread12/atomic flag launch, replacement, guarded close/join/detach and destructor. Complete native instructions, reference-argument producers, library ABI, EH/data/unwind contributions and independent relocation anchors audited. Full cold strict replay377units/67objects/58903disjointbytes; owned real-thread C++20/UBSan lifecycle checks pass. Origin remains unknown; original library constructor/move emission and enclosing graphics/loading/resource/global lifetimes remain pending. See docs/EXACT_WORKER_RECONSTRUCTION.md."
0x0040B280,unknown,,review,unknown,ghidra-12.1.3-initial-inventory
0x0040B290,unknown,,review,unknown,ghidra-12.1.3-initial-inventory
0x0040B2A0,unknown,,review,unknown,ghidra-12.1.3-initial-inventory
0x0040B2B0,unknown,,review,unknown,ghidra-12.1.3-initial-inventory
0x0040B310,unknown,,review,unknown,ghidra-12.1.3-initial-inventory
0x0040B3E0,unknown,,review,unknown,ghidra-12.1.3-initial-inventory
0x0040B4D0,unknown,,review,unknown,ghidra-12.1.3-initial-inventory
0x0040B4F0,unknown,,review,unknown,ghidra-12.1.3-initial-inventory
0x0040B520,unknown,,review,unknown,ghidra-12.1.3-initial-inventory
0x0040B530,unknown,,review,unknown,ghidra-12.1.3-initial-inventory
0x0040B550,unknown,,review,unknown,ghidra-12.1.3-initial-inventory
0x0040B5D0,unknown,,review,unknown,ghidra-12.1.3-initial-inventory
0x0040B630,unknown,,review,unknown,ghidra-12.1.3-initial-inventory
0x0040B650,unknown,,review,unknown,ghidra-12.1.3-initial-inventory
0x0040B670,unknown,,review,unknown,ghidra-12.1.3-initial-inventory
0x0040B690,unknown,,review,unknown,ghidra-12.1.3-initial-inventory
0x0040B6B0,unknown,,review,unknown,ghidra-12.1.3-initial-inventory
0x0040B6D0,unknown,,review,unknown,ghidra-12.1.3-initial-inventory
0x0040B6F0,unknown,,review,unknown,ghidra-12.1.3-initial-inventory
0x0040B710,unknown,,review,unknown,ghidra-12.1.3-initial-inventory
0x0040B730,unknown,,review,unknown,ghidra-12.1.3-initial-inventory
0x0040B760,unknown,,review,unknown,ghidra-12.1.3-initial-inventory
0x0040B780,authored,Worker,authored,high,REF-003; independent game storage/RTTI and custom member protocol
0x0040B7B0,unknown,,review,unknown,ghidra-12.1.3-initial-inventory
0x0040B810,unknown,,review,unknown,ghidra-12.1.3-initial-inventory
0x0040B850,unknown,,review,unknown,ghidra-12.1.3-initial-inventory
0x0040B880,unknown,,review,unknown,ghidra-12.1.3-initial-inventory
0x0040B8A0,unknown,,review,unknown,ghidra-12.1.3-initial-inventory
0x0040B8E0,unknown,,review,unknown,ghidra-12.1.3-initial-inventory
0x0040B900,unknown,,review,unknown,ghidra-12.1.3-initial-inventory
0x0040B920,unknown,,review,unknown,ghidra-12.1.3-initial-inventory
0x0040B960,unknown,,review,unknown,ghidra-12.1.3-initial-inventory
0x0040B980,unknown,Worker,review,pending,"EXACT-053: Real Worker16/jthread12/atomic flag launch, replacement, guarded close/join/detach and destructor. Complete native instructions, reference-argument producers, library ABI, EH/data/unwind contributions and independent relocation anchors audited. Full cold strict replay377units/67objects/58903disjointbytes; owned real-thread C++20/UBSan lifecycle checks pass. Origin remains unknown; original library constructor/move emission and enclosing graphics/loading/resource/global lifetimes remain pending. See docs/EXACT_WORKER_RECONSTRUCTION.md."
0x0040B9D0,unknown,,review,unknown,ghidra-12.1.3-initial-inventory
0x0040BA00,unknown,,review,unknown,ghidra-12.1.3-initial-inventory
0x0040BA80,unknown,,review,unknown,ghidra-12.1.3-initial-inventory
0x0040BAA0,unknown,,review,unknown,ghidra-12.1.3-initial-inventory
0x0040BAC0,unknown,,review,unknown,ghidra-12.1.3-initial-inventory
0x0040BB20,unknown,,review,unknown,ghidra-12.1.3-initial-inventory
0x0040BB60,unknown,,review,unknown,ghidra-12.1.3-initial-inventory
0x0040BBC0,unknown,Session,review,pending,"EXACT-073: Twenty whole Session/PlayerTable construction, real process initializer, indexed/current-record/Controller lookups, mode/clamp queries, continue and flag updates add1167body/1177comparisonbytes. Complete560unit/101fresh-object graph replays98007disjointbytes. Actual704-byte BSS, original CRT registration, two real Contexts/two PlayerRecords, independent double-clock consumer, natural alignment gaps and complete EH/array helper establish the owned protocol. O2/UBSan checks run actual production lifetimes/lookups, whole-object preservation, signed/wrapped counters and retained flags. Whole Enemy readers, Player/card/game/Controller owners,41KB opcode root and whole-game link/runtime remain open; authored origins are not inferred. See docs/EXACT_SESSION_RECONSTRUCTION.md."
0x0040BBE0,unknown,,review,unknown,ghidra-12.1.3-initial-inventory
0x0040BC20,unknown,,review,unknown,ghidra-12.1.3-initial-inventory
0x0040BC60,unknown,Worker,review,pending,"EXACT-053: Real Worker16/jthread12/atomic flag launch, replacement, guarded close/join/detach and destructor. Complete native instructions, reference-argument producers, library ABI, EH/data/unwind contributions and independent relocation anchors audited. Full cold strict replay377units/67objects/58903disjointbytes; owned real-thread C++20/UBSan lifecycle checks pass. Origin remains unknown; original library constructor/move emission and enclosing graphics/loading/resource/global lifetimes remain pending. See docs/EXACT_WORKER_RECONSTRUCTION.md."
0x0040BCF0,unknown,Worker,review,pending,"EXACT-053: Real Worker16/jthread12/atomic flag launch, replacement, guarded close/join/detach and destructor. Complete native instructions, reference-argument producers, library ABI, EH/data/unwind contributions and independent relocation anchors audited. Full cold strict replay377units/67objects/58903disjointbytes; owned real-thread C++20/UBSan lifecycle checks pass. Origin remains unknown; original library constructor/move emission and enclosing graphics/loading/resource/global lifetimes remain pending. See docs/EXACT_WORKER_RECONSTRUCTION.md."
0x0040BD90,unknown,,review,unknown,ghidra-12.1.3-initial-inventory
0x0040BDA0,unknown,Motion,review,pending,"EXACT-050: Damage Region routing/configuration and shared value protocols. Complete receiver flow/AL-bool/full-EAX/RET ABI, actual196-byte Region with72-byte Motion, five shape routes, configuration preservation/alias order and independent callee anchors audited. Cold strict replay343units/65objects/55692disjointbytes and public C++20/UBSan routing/state/alias checks pass. Constructor EH/controller lifetime/names/origins pending. See docs/EXACT_DAMAGE_REGION_RECONSTRUCTION.md."
0x0040BDB0,unknown,,review,unknown,ghidra-12.1.3-initial-inventory
0x0040BE90,unknown,,review,unknown,ghidra-12.1.3-initial-inventory
0x0040BEA0,unknown,,review,unknown,ghidra-12.1.3-initial-inventory
0x0040BFB0,unknown,,review,unknown,ghidra-12.1.3-initial-inventory
0x0040BFF0,unknown,,review,unknown,ghidra-12.1.3-initial-inventory
0x0040C050,unknown,,review,unknown,ghidra-12.1.3-initial-inventory
0x0040C080,unknown,,review,unknown,ghidra-12.1.3-initial-inventory
0x0040C0A0,unknown,,review,unknown,ghidra-12.1.3-initial-inventory
0x0040C140,unknown,,review,unknown,ghidra-12.1.3-initial-inventory
0x0040C160,unknown,,review,unknown,ghidra-12.1.3-initial-inventory
0x0040C180,unknown,,review,unknown,ghidra-12.1.3-initial-inventory
0x0040C1E0,unknown,,review,unknown,ghidra-12.1.3-initial-inventory
0x0040C240,unknown,,review,unknown,ghidra-12.1.3-initial-inventory
0x0040C280,unknown,,review,unknown,ghidra-12.1.3-initial-inventory
0x0040C2D0,unknown,,review,unknown,ghidra-12.1.3-initial-inventory
0x0040C300,unknown,Identifier32,review,pending,"EXACT-050: Damage Region routing/configuration and shared value protocols. Complete receiver flow/AL-bool/full-EAX/RET ABI, actual196-byte Region with72-byte Motion, five shape routes, configuration preservation/alias order and independent callee anchors audited. Cold strict replay343units/65objects/55692disjointbytes and public C++20/UBSan routing/state/alias checks pass. Constructor EH/controller lifetime/names/origins pending. See docs/EXACT_DAMAGE_REGION_RECONSTRUCTION.md."
0x0040C310,unknown,LockRegistry,review,pending,"EXACT-052: Shared FunctionChainNode construction/access, real recursive-mutex registry and locked GameRandom seed/next protocol. Complete native boundaries, callers, mutex/engine dependencies and independent relocation anchors audited. Full cold strict replay 372 units/67 objects/58232 disjoint bytes; owned C++20/UBSan recursion, cross-thread locking and seeded stream checks pass. Origin remains unknown; controller dispatch, iterator initialization policy and production global/thread lifetime stay pending. See docs/EXACT_LOCK_RANDOM_RECONSTRUCTION.md."
0x0040C340,unknown,,review,unknown,ghidra-12.1.3-initial-inventory
0x0040C360,unknown,,review,unknown,ghidra-12.1.3-initial-inventory
0x0040C3D0,unknown,,review,unknown,ghidra-12.1.3-initial-inventory
0x0040C3F0,unknown,,review,unknown,ghidra-12.1.3-initial-inventory
0x0040C420,unknown,,review,unknown,ghidra-12.1.3-initial-inventory
0x0040C470,unknown,,review,unknown,ghidra-12.1.3-initial-inventory
0x0040C4B0,unknown,,review,unknown,ghidra-12.1.3-initial-inventory
0x0040C4E0,unknown,,review,unknown,ghidra-12.1.3-initial-inventory
0x0040C510,unknown,,review,unknown,ghidra-12.1.3-initial-inventory
0x0040C550,unknown,,review,unknown,ghidra-12.1.3-initial-inventory
0x0040C590,unknown,,review,unknown,ghidra-12.1.3-initial-inventory
0x0040C600,unknown,,review,unknown,ghidra-12.1.3-initial-inventory
0x0040C640,unknown,,review,unknown,ghidra-12.1.3-initial-inventory
0x0040C660,unknown,,review,unknown,ghidra-12.1.3-initial-inventory
0x0040C680,unknown,,review,unknown,ghidra-12.1.3-initial-inventory
0x0040C6B0,unknown,EclDiagnostic,review,pending,"EXACT-056: Complete ECL invocation/frame protocol and actual empty diagnostic hook. Independent complete flow, shared Runtime72/Manager112/Loader564/Stack24 owners, concrete virtual slots, ordered typed transfer, success restore/failure retention, all27 semantic relocation anchors and CP932 literal. Full cold replay395/72/62507disjointbytes after shared declaration changes; bounded owned C++20/UBSan fixtures pass. Tick and Enemy whole dispatch, constructor/lifetime/flags wrapper and dependency implementations remain pending. See docs/EXACT_ECL_CALL_RECONSTRUCTION.md. Five-byte empty head may be ICF/template/library; origin unresolved and excluded from authored credit."
0x0040C6C0,unknown,,review,unknown,ghidra-12.1.3-initial-inventory
0x0040C6F0,unknown,,review,unknown,ghidra-12.1.3-initial-inventory
0x0040C720,unknown,,review,unknown,ghidra-12.1.3-initial-inventory
0x0040C750,unknown,,review,unknown,ghidra-12.1.3-initial-inventory
0x0040C770,unknown,,review,unknown,ghidra-12.1.3-initial-inventory
0x0040C7C0,unknown,,review,unknown,ghidra-12.1.3-initial-inventory
0x0040C7E0,unknown,,review,unknown,ghidra-12.1.3-initial-inventory
0x0040C800,unknown,,review,unknown,ghidra-12.1.3-initial-inventory
0x0040C890,unknown,,review,unknown,ghidra-12.1.3-initial-inventory
0x0040C920,unknown,,review,unknown,ghidra-12.1.3-initial-inventory
0x0040C990,unknown,,review,unknown,ghidra-12.1.3-initial-inventory
0x0040C9B0,unknown,,review,unknown,ghidra-12.1.3-initial-inventory
0x0040C9E0,unknown,,review,unknown,ghidra-12.1.3-initial-inventory
0x0040CB30,unknown,,review,unknown,ghidra-12.1.3-initial-inventory
0x0040CC50,unknown,,review,unknown,ghidra-12.1.3-initial-inventory
0x0040CD70,unknown,,review,unknown,ghidra-12.1.3-initial-inventory
0x0040CDF0,unknown,,review,unknown,ghidra-12.1.3-initial-inventory
0x0040CE40,unknown,,review,unknown,ghidra-12.1.3-initial-inventory
0x0040CE80,unknown,,review,unknown,ghidra-12.1.3-initial-inventory
0x0040CFC0,unknown,,review,unknown,ghidra-12.1.3-initial-inventory
0x0040D040,unknown,,review,unknown,ghidra-12.1.3-initial-inventory
0x0040D050,unknown,,review,unknown,ghidra-12.1.3-initial-inventory
0x0040D080,unknown,,review,unknown,ghidra-12.1.3-initial-inventory
0x0040D090,unknown,,review,unknown,ghidra-12.1.3-initial-inventory
0x0040D0A0,unknown,,review,unknown,ghidra-12.1.3-initial-inventory
0x0040D0E0,unknown,,review,unknown,ghidra-12.1.3-initial-inventory
0x0040D100,unknown,,review,unknown,ghidra-12.1.3-initial-inventory
0x0040D240,unknown,,review,unknown,ghidra-12.1.3-initial-inventory
0x0040D370,unknown,,review,unknown,ghidra-12.1.3-initial-inventory
0x0040D4B0,unknown,,review,unknown,ghidra-12.1.3-initial-inventory
0x0040D5E0,unknown,,review,unknown,ghidra-12.1.3-initial-inventory
0x0040D700,unknown,,review,unknown,ghidra-12.1.3-initial-inventory
0x0040D720,unknown,,review,unknown,ghidra-12.1.3-initial-inventory
0x0040D790,unknown,,review,unknown,ghidra-12.1.3-initial-inventory
0x0040D7D0,unknown,,review,unknown,ghidra-12.1.3-initial-inventory
0x0040D800,unknown,,review,unknown,ghidra-12.1.3-initial-inventory
0x0040D840,unknown,DiagnosticAllocator,review,pending,"EXACT-054: Complete signed archive decrypt/persistent dictionary/tree and real DiagnosticAllocator8/custom PMR allocation protocol. Independently decoded complete flow, global startup, original diagnostic strings, typed node/resource layout, CRT roles, guard EH metadata and relocation anchors. Full strict cold replay393units/70objects/61579disjointbytes; owned C++20/UBSan codec/tree/allocation tests pass. Startup constructor, first zero-word type/meaning, compression writer/checksum and full manager/stream ownership remain pending. See docs/EXACT_ARCHIVE_CODEC_RECONSTRUCTION.md. Original utility/template/defaulted lifetime authorship is unresolved; excluded from authored credit."
0x0040D8C0,unknown,DiagnosticAllocator,review,pending,"EXACT-054: Complete signed archive decrypt/persistent dictionary/tree and real DiagnosticAllocator8/custom PMR allocation protocol. Independently decoded complete flow, global startup, original diagnostic strings, typed node/resource layout, CRT roles, guard EH metadata and relocation anchors. Full strict cold replay393units/70objects/61579disjointbytes; owned C++20/UBSan codec/tree/allocation tests pass. Startup constructor, first zero-word type/meaning, compression writer/checksum and full manager/stream ownership remain pending. See docs/EXACT_ARCHIVE_CODEC_RECONSTRUCTION.md. Original utility/template/defaulted lifetime authorship is unresolved; excluded from authored credit."
0x0040D950,unknown,,review,unknown,ghidra-12.1.3-initial-inventory
0x0040D980,unknown,,review,unknown,ghidra-12.1.3-initial-inventory
0x0040D9B0,unknown,,review,unknown,ghidra-12.1.3-initial-inventory
0x0040D9E0,unknown,,review,unknown,ghidra-12.1.3-initial-inventory
0x0040DA50,unknown,,review,unknown,ghidra-12.1.3-initial-inventory
0x0040DB00,unknown,,review,unknown,ghidra-12.1.3-initial-inventory
0x0040DB70,unknown,,review,unknown,ghidra-12.1.3-initial-inventory
0x0040DBF0,unknown,,review,unknown,ghidra-12.1.3-initial-inventory
0x0040DC60,unknown,,review,unknown,ghidra-12.1.3-initial-inventory
0x0040DCC0,unknown,,review,unknown,ghidra-12.1.3-initial-inventory
0x0040DD70,unknown,,review,unknown,ghidra-12.1.3-initial-inventory
0x0040DDD0,unknown,,review,unknown,ghidra-12.1.3-initial-inventory
0x0040DE00,unknown,Rectangle,review,pending,"REF-022; Actual8-byte integer coordinate value established by hidden output atlas470680, calling40DE00 for success coordinates or(-1,-1), EAX=this/RET8. Complete33-byte coordinate ctor, no resources, opaque storage or fake owner; original spelling and origin pending."
0x0040DE30,unknown,Rectangle,review,pending,"REF-022; Actual16-byte x/y/width/height record established by Job ctor at63C calling40DE30, atlas reads63C..648, and UV/text-size consumers. Complete53-byte zero ctor initializes four integer fields. Not a renderer facade; original record spelling and origin pending."
0x0040DE70,unknown,,review,unknown,ghidra-12.1.3-initial-inventory
0x0040DE90,unknown,,review,unknown,ghidra-12.1.3-initial-inventory
0x0040DEA0,unknown,,review,unknown,ghidra-12.1.3-initial-inventory
0x0040DEC0,unknown,,review,unknown,ghidra-12.1.3-initial-inventory
0x0040DF50,unknown,,review,unknown,ghidra-12.1.3-initial-inventory
0x0040E000,unknown,,review,unknown,ghidra-12.1.3-initial-inventory
0x0040E040,unknown,,review,unknown,ghidra-12.1.3-initial-inventory
0x0040E070,unknown,,review,unknown,ghidra-12.1.3-initial-inventory
0x0040E0A0,unknown,,review,unknown,ghidra-12.1.3-initial-inventory
0x0040E0D0,unknown,,review,unknown,ghidra-12.1.3-initial-inventory
0x0040E100,unknown,,review,unknown,ghidra-12.1.3-initial-inventory
0x0040E130,unknown,,review,unknown,ghidra-12.1.3-initial-inventory
0x0040E160,unknown,,review,unknown,ghidra-12.1.3-initial-inventory
0x0040E1A0,unknown,,review,unknown,ghidra-12.1.3-initial-inventory
0x0040E200,unknown,,review,unknown,ghidra-12.1.3-initial-inventory
0x0040E230,unknown,,review,unknown,ghidra-12.1.3-initial-inventory
0x0040E260,unknown,,review,unknown,ghidra-12.1.3-initial-inventory
0x0040E310,unknown,,review,unknown,ghidra-12.1.3-initial-inventory
0x0040E420,unknown,,review,unknown,ghidra-12.1.3-initial-inventory
0x0040E450,unknown,,review,unknown,ghidra-12.1.3-initial-inventory
0x0040E470,unknown,,review,unknown,ghidra-12.1.3-initial-inventory
0x0040E4A0,unknown,,review,unknown,ghidra-12.1.3-initial-inventory
0x0040E4D0,unknown,,review,unknown,ghidra-12.1.3-initial-inventory
0x0040E500,unknown,,review,unknown,ghidra-12.1.3-initial-inventory
0x0040E530,unknown,,review,unknown,ghidra-12.1.3-initial-inventory
0x0040E560,unknown,,review,unknown,ghidra-12.1.3-initial-inventory
0x0040E580,unknown,,review,unknown,ghidra-12.1.3-initial-inventory
0x0040E5A0,unknown,,review,unknown,ghidra-12.1.3-initial-inventory
0x0040E5C0,unknown,,review,unknown,ghidra-12.1.3-initial-inventory
0x0040E5E0,unknown,,review,unknown,ghidra-12.1.3-initial-inventory
0x0040E5F0,unknown,,review,unknown,ghidra-12.1.3-initial-inventory
0x0040E610,unknown,,review,unknown,ghidra-12.1.3-initial-inventory
0x0040E630,unknown,,review,unknown,ghidra-12.1.3-initial-inventory
0x0040E650,unknown,,review,unknown,ghidra-12.1.3-initial-inventory
0x0040E680,unknown,,review,unknown,ghidra-12.1.3-initial-inventory
0x0040E6C0,unknown,,review,unknown,ghidra-12.1.3-initial-inventory
0x0040E6E0,unknown,,review,unknown,ghidra-12.1.3-initial-inventory
0x0040E700,unknown,,review,unknown,ghidra-12.1.3-initial-inventory
0x0040E710,unknown,,review,unknown,ghidra-12.1.3-initial-inventory
0x0040E760,unknown,,review,unknown,ghidra-12.1.3-initial-inventory
0x0040E7C0,unknown,,review,unknown,ghidra-12.1.3-initial-inventory
0x0040E800,unknown,,review,unknown,ghidra-12.1.3-initial-inventory
0x0040E830,unknown,,review,unknown,ghidra-12.1.3-initial-inventory
0x0040E840,unknown,,review,unknown,ghidra-12.1.3-initial-inventory
0x0040E8A0,unknown,,review,unknown,ghidra-12.1.3-initial-inventory
0x0040E900,unknown,,review,unknown,ghidra-12.1.3-initial-inventory
0x0040E960,unknown,,review,unknown,ghidra-12.1.3-initial-inventory
0x0040E9C0,unknown,,review,unknown,ghidra-12.1.3-initial-inventory
0x0040E9F0,unknown,,review,unknown,ghidra-12.1.3-initial-inventory
0x0040EA10,unknown,,review,unknown,ghidra-12.1.3-initial-inventory
0x0040EA30,unknown,,review,unknown,ghidra-12.1.3-initial-inventory
0x0040EA60,unknown,,review,unknown,ghidra-12.1.3-initial-inventory
0x0040EA90,unknown,,review,unknown,ghidra-12.1.3-initial-inventory
0x0040EAC0,unknown,,review,unknown,ghidra-12.1.3-initial-inventory
0x0040EAF0,unknown,,review,unknown,ghidra-12.1.3-initial-inventory
0x0040EB20,unknown,,review,unknown,ghidra-12.1.3-initial-inventory
0x0040EB50,unknown,,review,unknown,ghidra-12.1.3-initial-inventory
0x0040EB80,unknown,,review,unknown,ghidra-12.1.3-initial-inventory
0x0040EBA0,unknown,,review,unknown,ghidra-12.1.3-initial-inventory
0x0040EBE0,unknown,,review,unknown,ghidra-12.1.3-initial-inventory
0x0040EC20,unknown,,review,unknown,ghidra-12.1.3-initial-inventory
0x0040EC90,unknown,,review,unknown,ghidra-12.1.3-initial-inventory
0x0040ECA0,unknown,,review,unknown,ghidra-12.1.3-initial-inventory
0x0040ECC0,unknown,,review,unknown,ghidra-12.1.3-initial-inventory
0x0040ED00,unknown,,review,unknown,ghidra-12.1.3-initial-inventory
0x0040ED70,unknown,,review,unknown,ghidra-12.1.3-initial-inventory
0x0040EDB0,unknown,,review,unknown,ghidra-12.1.3-initial-inventory
0x0040EE20,unknown,,review,unknown,ghidra-12.1.3-initial-inventory
0x0040EE40,unknown,,review,unknown,ghidra-12.1.3-initial-inventory
0x0040EEA0,unknown,,review,unknown,ghidra-12.1.3-initial-inventory
0x0040EF00,unknown,,review,unknown,ghidra-12.1.3-initial-inventory
0x0040F040,unknown,,review,unknown,ghidra-12.1.3-initial-inventory
0x0040F060,unknown,,review,unknown,ghidra-12.1.3-initial-inventory
0x0040F080,unknown,,review,unknown,ghidra-12.1.3-initial-inventory
0x0040F0C0,unknown,,review,unknown,ghidra-12.1.3-initial-inventory
0x0040F100,unknown,,review,unknown,ghidra-12.1.3-initial-inventory
0x0040F160,unknown,IntrusiveLink,review,pending,"EXACT-051: Shared typed intrusive link/list/observation protocol, nonthrowing Region construction/update and position/vector dependencies. Native storage/lifecycle/RET/AL/reference/hidden-result ABI, complete handler/FuncInfo flags5 corroboration, whole contributions and independent anchors audited. Full cold strict replay363units/66objects/57534disjointbytes and all22 public C++20/UBSan checks pass. Origin remains unknown; list constructor/reset and controller/retirement/locking remain pending. See docs/EXACT_INTRUSIVE_LIFETIME_RECONSTRUCTION.md."
0x0040F180,unknown,,review,unknown,ghidra-12.1.3-initial-inventory
0x0040F1B0,unknown,,review,unknown,ghidra-12.1.3-initial-inventory
0x0040F1E0,unknown,,review,unknown,ghidra-12.1.3-initial-inventory
0x0040F200,unknown,,review,unknown,ghidra-12.1.3-initial-inventory
0x0040F2C0,unknown,,review,unknown,ghidra-12.1.3-initial-inventory
0x0040F300,unknown,,review,unknown,ghidra-12.1.3-initial-inventory
0x0040F340,unknown,,review,unknown,ghidra-12.1.3-initial-inventory
0x0040F560,unknown,,review,unknown,ghidra-12.1.3-initial-inventory
0x0040F670,unknown,,review,unknown,ghidra-12.1.3-initial-inventory
0x0040F6A0,unknown,,review,unknown,ghidra-12.1.3-initial-inventory
0x0040F6F0,unknown,,review,unknown,ghidra-12.1.3-initial-inventory
0x0040F740,unknown,,review,unknown,ghidra-12.1.3-initial-inventory
0x0040F880,unknown,,review,unknown,ghidra-12.1.3-initial-inventory
0x0040F8B0,unknown,,review,unknown,ghidra-12.1.3-initial-inventory
0x0040F960,unknown,,review,unknown,ghidra-12.1.3-initial-inventory
0x0040F9A0,unknown,,review,unknown,ghidra-12.1.3-initial-inventory
0x0040F9E0,unknown,,review,unknown,ghidra-12.1.3-initial-inventory
0x0040FA70,unknown,,review,unknown,ghidra-12.1.3-initial-inventory
0x0040FB00,unknown,,review,unknown,ghidra-12.1.3-initial-inventory
0x0040FB10,unknown,,review,unknown,ghidra-12.1.3-initial-inventory
0x0040FB40,unknown,,review,unknown,ghidra-12.1.3-initial-inventory
0x0040FB70,unknown,,review,unknown,ghidra-12.1.3-initial-inventory
0x0040FBB0,unknown,,review,unknown,ghidra-12.1.3-initial-inventory
0x0040FC40,unknown,,review,unknown,ghidra-12.1.3-initial-inventory
0x0040FC70,unknown,,review,unknown,ghidra-12.1.3-initial-inventory
0x0040FD00,unknown,,review,unknown,ghidra-12.1.3-initial-inventory
0x0040FDA0,unknown,,review,unknown,ghidra-12.1.3-initial-inventory
0x0040FDE0,unknown,,review,unknown,ghidra-12.1.3-initial-inventory
0x0040FDF0,unknown,,review,unknown,ghidra-12.1.3-initial-inventory
0x0040FE30,unknown,,review,unknown,ghidra-12.1.3-initial-inventory
0x0040FE50,unknown,,review,unknown,ghidra-12.1.3-initial-inventory
0x0040FE90,unknown,,review,unknown,ghidra-12.1.3-initial-inventory
0x0040FEC0,unknown,,review,unknown,ghidra-12.1.3-initial-inventory
0x0040FF00,unknown,,review,unknown,ghidra-12.1.3-initial-inventory
0x0040FF30,unknown,,review,unknown,ghidra-12.1.3-initial-inventory
0x0040FF50,unknown,,review,unknown,ghidra-12.1.3-initial-inventory
0x0040FF70,unknown,,review,unknown,ghidra-12.1.3-initial-inventory
0x0040FF90,unknown,Timer,review,pending,"REF-019; Original sixteen-byte Timer construction and Ending timer member consumers independently establish storage, zero initialization, signed current value/remainder, integer subtraction and postfix dummy-argument wrappers. Complete canonical contributions and actual call anchors checked before probing. Original operator spelling is inferred; authored versus shared generic/compiler origin remains pending. Integer += remains nonexact: natural conversion emits an additional XORPS, 33 versus 31 bytes; no prefix or instruction shaping accepted. Wrapper exactness does not accept that callee or original numerical exception environment."
0x0040FFB0,unknown,,review,unknown,ghidra-12.1.3-initial-inventory
0x0040FFD0,unknown,,review,unknown,ghidra-12.1.3-initial-inventory
0x00410030,unknown,,review,unknown,ghidra-12.1.3-initial-inventory
0x004100A0,unknown,,review,unknown,ghidra-12.1.3-initial-inventory
0x004100C0,unknown,,review,unknown,ghidra-12.1.3-initial-inventory
0x004100E0,authored,ArchiveCrypt,authored,high,"EXACT-054: Complete signed archive decrypt/persistent dictionary/tree and real DiagnosticAllocator8/custom PMR allocation protocol. Independently decoded complete flow, global startup, original diagnostic strings, typed node/resource layout, CRT roles, guard EH metadata and relocation anchors. Full strict cold replay393units/70objects/61579disjointbytes; owned C++20/UBSan codec/tree/allocation tests pass. Startup constructor, first zero-word type/meaning, compression writer/checksum and full manager/stream ownership remain pending. See docs/EXACT_ARCHIVE_CODEC_RECONSTRUCTION.md."
0x004102A0,unknown,,review,unknown,ghidra-12.1.3-initial-inventory
0x00410340,unknown,,review,unknown,ghidra-12.1.3-initial-inventory
0x00410360,unknown,,review,unknown,ghidra-12.1.3-initial-inventory
0x00410390,unknown,,review,unknown,ghidra-12.1.3-initial-inventory
0x004103C0,authored,ArchiveCrypt,authored,high,"CORE/EXACT-088: Complete six-argument signed cipher446 strictly replays all bytes and6 independent relocations through the existing array allocator/release and named native diagnostic. Whole compressor source executes real shared ring/tree, lookahead/token emission, C-heap allocation, untouched size/global state on failure and discarded final partial byte. It remains964/native1036 nonexact; native initializes an unobserved scalar and updates it in7 byte-flush chains, with no identified consumer/escape. No emission-only accumulator, fake result, partial extent/unit or reference absorption is introduced for compression. Actual O2/UBSan tests check independent permutation/token models over4 patterns and14 sizes including ring wrap, overlap, retained tails, whole byte count, cipher roundtrip and allocation failure. Complete real CR/ST matrix/fallback/Metadata now executes compress/encrypt/decrypt/decode/checksum/parse/backup-copy together; independent malformed synthetic packets are retained. Original source-local diagnostics independently establish both authored origins; original names and unused sum protocol identity remain unresolved. Whole SaveManager load/write/save and I/O, malformed native domains and game runtime remain pending. See docs/ARCHIVE_WRITE_RECONSTRUCTION.md."
0x00410580,unknown,,review,unknown,ghidra-12.1.3-initial-inventory
0x004105D0,unknown,,review,unknown,ghidra-12.1.3-initial-inventory
0x00410610,unknown,,review,unknown,ghidra-12.1.3-initial-inventory
0x00410680,unknown,,review,unknown,ghidra-12.1.3-initial-inventory
0x004106E0,unknown,,review,unknown,ghidra-12.1.3-initial-inventory
0x004107A0,unknown,,review,unknown,ghidra-12.1.3-initial-inventory
0x00410840,unknown,,review,unknown,ghidra-12.1.3-initial-inventory
0x00410990,unknown,,review,unknown,ghidra-12.1.3-initial-inventory
0x00410AA0,unknown,,review,unknown,ghidra-12.1.3-initial-inventory
0x00410CF0,unknown,,review,unknown,ghidra-12.1.3-initial-inventory
0x00410E70,unknown,,review,unknown,ghidra-12.1.3-initial-inventory
0x00411060,unknown,,review,unknown,ghidra-12.1.3-initial-inventory
0x00411160,unknown,,review,unknown,ghidra-12.1.3-initial-inventory
0x00411170,unknown,,review,unknown,ghidra-12.1.3-initial-inventory
0x00411180,unknown,,review,unknown,ghidra-12.1.3-initial-inventory
0x004111C0,unknown,,review,unknown,ghidra-12.1.3-initial-inventory
0x004111E0,unknown,,review,unknown,ghidra-12.1.3-initial-inventory
0x004111F0,unknown,,review,unknown,ghidra-12.1.3-initial-inventory
0x00411200,unknown,,review,unknown,ghidra-12.1.3-initial-inventory
0x00411280,unknown,,review,unknown,ghidra-12.1.3-initial-inventory
0x00411300,unknown,,review,unknown,ghidra-12.1.3-initial-inventory
0x00411340,unknown,,review,unknown,ghidra-12.1.3-initial-inventory
0x00411420,unknown,,review,unknown,ghidra-12.1.3-initial-inventory
0x00411480,unknown,,review,unknown,ghidra-12.1.3-initial-inventory
0x00411550,unknown,,review,unknown,ghidra-12.1.3-initial-inventory
0x00411560,unknown,,review,unknown,ghidra-12.1.3-initial-inventory
0x00411570,unknown,,review,unknown,ghidra-12.1.3-initial-inventory
0x00411590,unknown,,review,unknown,ghidra-12.1.3-initial-inventory
0x00411610,unknown,,review,unknown,ghidra-12.1.3-initial-inventory
0x00411660,unknown,,review,unknown,ghidra-12.1.3-initial-inventory
0x004116B0,unknown,,review,unknown,ghidra-12.1.3-initial-inventory
0x00411700,unknown,FunctionChain,review,pending,"EXACT-052: Shared FunctionChainNode construction/access, real recursive-mutex registry and locked GameRandom seed/next protocol. Complete native boundaries, callers, mutex/engine dependencies and independent relocation anchors audited. Full cold strict replay 372 units/67 objects/58232 disjoint bytes; owned C++20/UBSan recursion, cross-thread locking and seeded stream checks pass. Origin remains unknown; controller dispatch, iterator initialization policy and production global/thread lifetime stay pending. See docs/EXACT_LOCK_RANDOM_RECONSTRUCTION.md."
0x00411720,unknown,,review,unknown,ghidra-12.1.3-initial-inventory
0x00411790,unknown,,review,unknown,ghidra-12.1.3-initial-inventory
0x004117A0,unknown,Identifier32,review,pending,"EXACT-050: Damage Region routing/configuration and shared value protocols. Complete receiver flow/AL-bool/full-EAX/RET ABI, actual196-byte Region with72-byte Motion, five shape routes, configuration preservation/alias order and independent callee anchors audited. Cold strict replay343units/65objects/55692disjointbytes and public C++20/UBSan routing/state/alias checks pass. Constructor EH/controller lifetime/names/origins pending. See docs/EXACT_DAMAGE_REGION_RECONSTRUCTION.md."
0x004117C0,unknown,,review,unknown,ghidra-12.1.3-initial-inventory
0x004117F0,unknown,,review,unknown,ghidra-12.1.3-initial-inventory
0x00411810,unknown,,review,unknown,ghidra-12.1.3-initial-inventory
0x00411860,unknown,,review,unknown,ghidra-12.1.3-initial-inventory
0x004118A0,unknown,,review,unknown,ghidra-12.1.3-initial-inventory
0x00411910,unknown,,review,unknown,ghidra-12.1.3-initial-inventory
0x00411960,unknown,,review,unknown,ghidra-12.1.3-initial-inventory
0x00411970,authored,FunctionChain,authored,high,REF-002
0x004119B0,unknown,IntrusiveLink,review,pending,"EXACT-051: Shared typed intrusive link/list/observation protocol, nonthrowing Region construction/update and position/vector dependencies. Native storage/lifecycle/RET/AL/reference/hidden-result ABI, complete handler/FuncInfo flags5 corroboration, whole contributions and independent anchors audited. Full cold strict replay363units/66objects/57534disjointbytes and all22 public C++20/UBSan checks pass. Origin remains unknown; list constructor/reset and controller/retirement/locking remain pending. See docs/EXACT_INTRUSIVE_LIFETIME_RECONSTRUCTION.md."
0x00411A70,unknown,FunctionChain,review,pending,"EXACT-052: Shared FunctionChainNode construction/access, real recursive-mutex registry and locked GameRandom seed/next protocol. Complete native boundaries, callers, mutex/engine dependencies and independent relocation anchors audited. Full cold strict replay 372 units/67 objects/58232 disjoint bytes; owned C++20/UBSan recursion, cross-thread locking and seeded stream checks pass. Origin remains unknown; controller dispatch, iterator initialization policy and production global/thread lifetime stay pending. See docs/EXACT_LOCK_RANDOM_RECONSTRUCTION.md."
0x00411B00,unknown,IntrusiveLink,review,pending,"EXACT-051: Shared typed intrusive link/list/observation protocol, nonthrowing Region construction/update and position/vector dependencies. Native storage/lifecycle/RET/AL/reference/hidden-result ABI, complete handler/FuncInfo flags5 corroboration, whole contributions and independent anchors audited. Full cold strict replay363units/66objects/57534disjointbytes and all22 public C++20/UBSan checks pass. Origin remains unknown; list constructor/reset and controller/retirement/locking remain pending. See docs/EXACT_INTRUSIVE_LIFETIME_RECONSTRUCTION.md."
0x00411B80,authored,FunctionChain,authored,high,REF-002
0x00411BB0,unknown,IntrusiveLink,review,pending,"EXACT-051: Shared typed intrusive link/list/observation protocol, nonthrowing Region construction/update and position/vector dependencies. Native storage/lifecycle/RET/AL/reference/hidden-result ABI, complete handler/FuncInfo flags5 corroboration, whole contributions and independent anchors audited. Full cold strict replay363units/66objects/57534disjointbytes and all22 public C++20/UBSan checks pass. Origin remains unknown; list constructor/reset and controller/retirement/locking remain pending. See docs/EXACT_INTRUSIVE_LIFETIME_RECONSTRUCTION.md."
0x00411C10,unknown,,review,unknown,ghidra-12.1.3-initial-inventory
0x00411C30,unknown,IntrusiveLink,review,pending,"EXACT-051: Shared typed intrusive link/list/observation protocol, nonthrowing Region construction/update and position/vector dependencies. Native storage/lifecycle/RET/AL/reference/hidden-result ABI, complete handler/FuncInfo flags5 corroboration, whole contributions and independent anchors audited. Full cold strict replay363units/66objects/57534disjointbytes and all22 public C++20/UBSan checks pass. Origin remains unknown; list constructor/reset and controller/retirement/locking remain pending. See docs/EXACT_INTRUSIVE_LIFETIME_RECONSTRUCTION.md."
0x00411CB0,unknown,,review,unknown,ghidra-12.1.3-initial-inventory
0x00411CE0,unknown,IntrusiveLink,review,pending,"EXACT-051: Shared typed intrusive link/list/observation protocol, nonthrowing Region construction/update and position/vector dependencies. Native storage/lifecycle/RET/AL/reference/hidden-result ABI, complete handler/FuncInfo flags5 corroboration, whole contributions and independent anchors audited. Full cold strict replay363units/66objects/57534disjointbytes and all22 public C++20/UBSan checks pass. Origin remains unknown; list constructor/reset and controller/retirement/locking remain pending. See docs/EXACT_INTRUSIVE_LIFETIME_RECONSTRUCTION.md."
0x00411D20,unknown,IntrusiveLink,review,pending,"EXACT-051: Shared typed intrusive link/list/observation protocol, nonthrowing Region construction/update and position/vector dependencies. Native storage/lifecycle/RET/AL/reference/hidden-result ABI, complete handler/FuncInfo flags5 corroboration, whole contributions and independent anchors audited. Full cold strict replay363units/66objects/57534disjointbytes and all22 public C++20/UBSan checks pass. Origin remains unknown; list constructor/reset and controller/retirement/locking remain pending. See docs/EXACT_INTRUSIVE_LIFETIME_RECONSTRUCTION.md."
0x00411D50,unknown,IntrusiveLink,review,pending,"EXACT-051: Shared typed intrusive link/list/observation protocol, nonthrowing Region construction/update and position/vector dependencies. Native storage/lifecycle/RET/AL/reference/hidden-result ABI, complete handler/FuncInfo flags5 corroboration, whole contributions and independent anchors audited. Full cold strict replay363units/66objects/57534disjointbytes and all22 public C++20/UBSan checks pass. Origin remains unknown; list constructor/reset and controller/retirement/locking remain pending. See docs/EXACT_INTRUSIVE_LIFETIME_RECONSTRUCTION.md."
0x00411E30,unknown,IntrusiveLink,review,pending,"EXACT-051: Shared typed intrusive link/list/observation protocol, nonthrowing Region construction/update and position/vector dependencies. Native storage/lifecycle/RET/AL/reference/hidden-result ABI, complete handler/FuncInfo flags5 corroboration, whole contributions and independent anchors audited. Full cold strict replay363units/66objects/57534disjointbytes and all22 public C++20/UBSan checks pass. Origin remains unknown; list constructor/reset and controller/retirement/locking remain pending. See docs/EXACT_INTRUSIVE_LIFETIME_RECONSTRUCTION.md."
0x00411E70,unknown,IntrusiveLink,review,pending,"EXACT-051: Shared typed intrusive link/list/observation protocol, nonthrowing Region construction/update and position/vector dependencies. Native storage/lifecycle/RET/AL/reference/hidden-result ABI, complete handler/FuncInfo flags5 corroboration, whole contributions and independent anchors audited. Full cold strict replay363units/66objects/57534disjointbytes and all22 public C++20/UBSan checks pass. Origin remains unknown; list constructor/reset and controller/retirement/locking remain pending. See docs/EXACT_INTRUSIVE_LIFETIME_RECONSTRUCTION.md."
0x00411EA0,unknown,IntrusiveLink,review,pending,"EXACT-051: Shared typed intrusive link/list/observation protocol, nonthrowing Region construction/update and position/vector dependencies. Native storage/lifecycle/RET/AL/reference/hidden-result ABI, complete handler/FuncInfo flags5 corroboration, whole contributions and independent anchors audited. Full cold strict replay363units/66objects/57534disjointbytes and all22 public C++20/UBSan checks pass. Origin remains unknown; list constructor/reset and controller/retirement/locking remain pending. See docs/EXACT_INTRUSIVE_LIFETIME_RECONSTRUCTION.md."
0x00411EE0,authored,FunctionChain,authored,high,REF-002
0x00411F30,authored,FunctionChain,authored,high,REF-002
0x00411F80,unknown,,review,unknown,ghidra-12.1.3-initial-inventory
0x00412100,unknown,,review,unknown,ghidra-12.1.3-initial-inventory
0x00412280,unknown,IntrusiveLink,review,pending,"EXACT-051: Shared typed intrusive link/list/observation protocol, nonthrowing Region construction/update and position/vector dependencies. Native storage/lifecycle/RET/AL/reference/hidden-result ABI, complete handler/FuncInfo flags5 corroboration, whole contributions and independent anchors audited. Full cold strict replay363units/66objects/57534disjointbytes and all22 public C++20/UBSan checks pass. Origin remains unknown; list constructor/reset and controller/retirement/locking remain pending. See docs/EXACT_INTRUSIVE_LIFETIME_RECONSTRUCTION.md."
0x004122C0,unknown,,review,unknown,ghidra-12.1.3-initial-inventory
0x00412310,unknown,,review,unknown,ghidra-12.1.3-initial-inventory
0x00412360,unknown,,review,unknown,ghidra-12.1.3-initial-inventory
0x004123B0,unknown,,review,unknown,ghidra-12.1.3-initial-inventory
0x00412400,unknown,,review,unknown,ghidra-12.1.3-initial-inventory
0x004124B0,unknown,,review,unknown,ghidra-12.1.3-initial-inventory
0x00412540,unknown,IntrusiveLink,review,pending,"EXACT-051: Shared typed intrusive link/list/observation protocol, nonthrowing Region construction/update and position/vector dependencies. Native storage/lifecycle/RET/AL/reference/hidden-result ABI, complete handler/FuncInfo flags5 corroboration, whole contributions and independent anchors audited. Full cold strict replay363units/66objects/57534disjointbytes and all22 public C++20/UBSan checks pass. Origin remains unknown; list constructor/reset and controller/retirement/locking remain pending. See docs/EXACT_INTRUSIVE_LIFETIME_RECONSTRUCTION.md."
0x00412550,unknown,LockRegistry,review,pending,"EXACT-052: Shared FunctionChainNode construction/access, real recursive-mutex registry and locked GameRandom seed/next protocol. Complete native boundaries, callers, mutex/engine dependencies and independent relocation anchors audited. Full cold strict replay 372 units/67 objects/58232 disjoint bytes; owned C++20/UBSan recursion, cross-thread locking and seeded stream checks pass. Origin remains unknown; controller dispatch, iterator initialization policy and production global/thread lifetime stay pending. See docs/EXACT_LOCK_RANDOM_RECONSTRUCTION.md."
0x004125B0,unknown,,review,unknown,ghidra-12.1.3-initial-inventory
0x00412710,unknown,FunctionChain,review,pending,"EXACT-052: Shared FunctionChainNode construction/access, real recursive-mutex registry and locked GameRandom seed/next protocol. Complete native boundaries, callers, mutex/engine dependencies and independent relocation anchors audited. Full cold strict replay 372 units/67 objects/58232 disjoint bytes; owned C++20/UBSan recursion, cross-thread locking and seeded stream checks pass. Origin remains unknown; controller dispatch, iterator initialization policy and production global/thread lifetime stay pending. See docs/EXACT_LOCK_RANDOM_RECONSTRUCTION.md."
0x00412730,unknown,IntrusiveLink,review,pending,"EXACT-051: Shared typed intrusive link/list/observation protocol, nonthrowing Region construction/update and position/vector dependencies. Native storage/lifecycle/RET/AL/reference/hidden-result ABI, complete handler/FuncInfo flags5 corroboration, whole contributions and independent anchors audited. Full cold strict replay363units/66objects/57534disjointbytes and all22 public C++20/UBSan checks pass. Origin remains unknown; list constructor/reset and controller/retirement/locking remain pending. See docs/EXACT_INTRUSIVE_LIFETIME_RECONSTRUCTION.md."
0x00412750,unknown,LockRegistry,review,pending,"EXACT-052: Shared FunctionChainNode construction/access, real recursive-mutex registry and locked GameRandom seed/next protocol. Complete native boundaries, callers, mutex/engine dependencies and independent relocation anchors audited. Full cold strict replay 372 units/67 objects/58232 disjoint bytes; owned C++20/UBSan recursion, cross-thread locking and seeded stream checks pass. Origin remains unknown; controller dispatch, iterator initialization policy and production global/thread lifetime stay pending. See docs/EXACT_LOCK_RANDOM_RECONSTRUCTION.md."
0x004127B0,unknown,,review,unknown,ghidra-12.1.3-initial-inventory
0x004127F0,authored,FunctionChain,authored,high,REF-002
0x00412810,unknown,,review,unknown,ghidra-12.1.3-initial-inventory
0x00412AA0,unknown,,review,unknown,ghidra-12.1.3-initial-inventory
0x00412D10,authored,FunctionChain,authored,high,REF-002
0x00412D30,authored,FunctionChain,authored,high,REF-002
0x00412D50,authored,FunctionChain,authored,high,REF-002
0x00412D80,authored,FunctionChain,authored,high,REF-002
0x00412DA0,authored,FunctionChain,authored,high,REF-002
0x00412DC0,authored,FunctionChain,authored,high,REF-002
0x00412DE0,unknown,,review,unknown,ghidra-12.1.3-initial-inventory
0x00412E10,unknown,,review,unknown,ghidra-12.1.3-initial-inventory
0x00412E40,unknown,,review,unknown,ghidra-12.1.3-initial-inventory
0x00412E90,unknown,,review,unknown,ghidra-12.1.3-initial-inventory
0x00412ED0,unknown,,review,unknown,ghidra-12.1.3-initial-inventory
0x00412F20,unknown,,review,unknown,ghidra-12.1.3-initial-inventory
0x00412F90,unknown,,review,unknown,ghidra-12.1.3-initial-inventory
0x00413000,unknown,,review,unknown,ghidra-12.1.3-initial-inventory
0x004130A0,unknown,,review,unknown,ghidra-12.1.3-initial-inventory
0x004130E0,unknown,,review,unknown,ghidra-12.1.3-initial-inventory
0x00413120,unknown,,review,unknown,ghidra-12.1.3-initial-inventory
0x00413140,unknown,,review,unknown,ghidra-12.1.3-initial-inventory
0x00413190,unknown,,review,unknown,ghidra-12.1.3-initial-inventory
0x004131E0,unknown,,review,unknown,ghidra-12.1.3-initial-inventory
0x00413280,unknown,,review,unknown,ghidra-12.1.3-initial-inventory
0x004132E0,unknown,,review,unknown,ghidra-12.1.3-initial-inventory
0x00413370,unknown,,review,unknown,ghidra-12.1.3-initial-inventory
0x004133E0,unknown,,review,unknown,ghidra-12.1.3-initial-inventory
0x004135D0,unknown,,review,unknown,ghidra-12.1.3-initial-inventory
0x00413620,unknown,,review,unknown,ghidra-12.1.3-initial-inventory
0x00413690,unknown,,review,unknown,ghidra-12.1.3-initial-inventory
0x00413700,unknown,,review,unknown,ghidra-12.1.3-initial-inventory
0x00413730,unknown,,review,unknown,ghidra-12.1.3-initial-inventory
0x00413760,unknown,,review,unknown,ghidra-12.1.3-initial-inventory
0x00413810,unknown,,review,unknown,ghidra-12.1.3-initial-inventory
0x004138C0,unknown,,review,unknown,ghidra-12.1.3-initial-inventory
0x00413910,unknown,,review,unknown,ghidra-12.1.3-initial-inventory
0x00413920,unknown,,review,unknown,ghidra-12.1.3-initial-inventory
0x004139F0,unknown,,review,unknown,ghidra-12.1.3-initial-inventory
0x00413A40,unknown,,review,unknown,ghidra-12.1.3-initial-inventory
0x00413A90,unknown,,review,unknown,ghidra-12.1.3-initial-inventory
0x00413AB0,unknown,,review,unknown,ghidra-12.1.3-initial-inventory
0x00413B00,unknown,,review,unknown,ghidra-12.1.3-initial-inventory
0x00413B20,unknown,,review,unknown,ghidra-12.1.3-initial-inventory
0x00413B70,unknown,EclRuntimeLifetime,review,pending,"EXACT-071: Ten complete actual ECL Runtime/Manager lifetime, async clearing, typed scalar release and floating default bodies add 701 body bytes /706 comparison bytes including natural complete destructor padding. Complete 534-unit /98-object cold replay covers 94647 disjoint bytes. Independent SptInf RTTI, zero initialization, real PMR lifetimes and destroy-before-lock release establish protocol; canonical whole bodies and complete EH/alias support strictly replay. Owned O2/UBSan checks exercise resource capture, scalar/virtual disposal and native clear/reset validity. Source origin, whole Enemy root, resource append/getter/include, process startup and whole-game link/runtime remain open. See docs/EXACT_ECL_RUNTIME_LIFETIME_RECONSTRUCTION.md."
0x00413BE0,unknown,,review,unknown,ghidra-12.1.3-initial-inventory
0x00413C50,unknown,,review,unknown,ghidra-12.1.3-initial-inventory
0x00413CA0,unknown,,review,unknown,ghidra-12.1.3-initial-inventory
0x00413CC0,unknown,,review,unknown,ghidra-12.1.3-initial-inventory
0x00413CD0,unknown,,review,unknown,ghidra-12.1.3-initial-inventory
0x00413CE0,unknown,,review,unknown,ghidra-12.1.3-initial-inventory
0x00413D00,unknown,,review,unknown,ghidra-12.1.3-initial-inventory
0x00413D10,unknown,,review,unknown,ghidra-12.1.3-initial-inventory
0x00413D30,unknown,,review,unknown,ghidra-12.1.3-initial-inventory
0x00413D50,unknown,,review,unknown,ghidra-12.1.3-initial-inventory
0x00413D80,unknown,,review,unknown,ghidra-12.1.3-initial-inventory
0x00413E20,unknown,,review,unknown,ghidra-12.1.3-initial-inventory
0x00413EC0,unknown,,review,unknown,ghidra-12.1.3-initial-inventory
0x00413F50,unknown,,review,unknown,ghidra-12.1.3-initial-inventory
0x00413F80,unknown,,review,unknown,ghidra-12.1.3-initial-inventory
0x00413FA0,unknown,,review,unknown,ghidra-12.1.3-initial-inventory
0x00413FD0,unknown,,review,unknown,ghidra-12.1.3-initial-inventory
0x00414000,unknown,,review,unknown,ghidra-12.1.3-initial-inventory
0x00414030,unknown,Rectangle,review,pending,"REF-030: complete natural shared value/math/member; native complete flow, typed producers/consumers and independent callee/PE literal anchors audited.144-unit/38-object cold canonical replay and C++20/UBSan checks pass. Original names and authored/compiler/shared origins pending. Related884-body reference review remains ongoing; see docs/REFERENCE_PLAYER_BOMB_ITEM_REVIEW.md."
0x00414060,unknown,,review,unknown,ghidra-12.1.3-initial-inventory
0x00414090,unknown,IntegerTriple,review,pending,"REF-042: independently maintained natural Sprite value or cdecl texel contribution. Native nested constructor calls, actual vertex array strides/counts/function pointers, mixed scalar widths and uint16/BGRA channel extraction establish real storage/ABI before probing. All13 complete native ranges PE-decode and agree with attested Ghidra; independent Vector3/Timer/Angle/IntegerTriple/memset destinations anchor canonical relocations. All234units/56coldobjects/17277disjointbytes exact,2613444 independent dirty-guard/default/exhaustive-channel/alias C++20/UBSan checks. Original tags/field roles/origins and full Animation/Controller/Worker/resource/EH ownership remain open. Natural Base707 versus725 rejected, no prefix/facade/compiler-shaping or copied reference source. See docs/REFERENCE_SPRITE_REVIEW.md."
0x004140C0,unknown,,review,unknown,ghidra-12.1.3-initial-inventory
0x004140F0,unknown,,review,unknown,ghidra-12.1.3-initial-inventory
0x00414150,unknown,,review,unknown,ghidra-12.1.3-initial-inventory
0x00414170,unknown,,review,unknown,ghidra-12.1.3-initial-inventory
0x004141A0,unknown,,review,unknown,ghidra-12.1.3-initial-inventory
0x004141C0,unknown,,review,unknown,ghidra-12.1.3-initial-inventory
0x00414200,unknown,,review,unknown,ghidra-12.1.3-initial-inventory
0x00414280,unknown,,review,unknown,ghidra-12.1.3-initial-inventory
0x004142A0,unknown,EffectParameters,review,pending,"REF-027: complete natural typed value/member contribution, independently decoded whole native routine and owner consumers; canonical129-unit cold replay and dirty-padding/alias/raw-float tests pass. Original names and authored/compiler/shared origins pending; no whole Effect/Special State acceptance. See docs/REFERENCE_EFFECT_SPECIAL_REVIEW.md."
0x004142C0,unknown,,review,unknown,ghidra-12.1.3-initial-inventory
0x004142E0,unknown,,review,unknown,ghidra-12.1.3-initial-inventory
0x00414310,unknown,,review,unknown,ghidra-12.1.3-initial-inventory
0x00414330,unknown,,review,unknown,ghidra-12.1.3-initial-inventory
0x00414350,unknown,,review,unknown,ghidra-12.1.3-initial-inventory
0x004143D0,unknown,,review,unknown,ghidra-12.1.3-initial-inventory
0x00414400,unknown,,review,unknown,ghidra-12.1.3-initial-inventory
0x00414420,unknown,,review,unknown,ghidra-12.1.3-initial-inventory
0x00414440,unknown,,review,unknown,ghidra-12.1.3-initial-inventory
0x00414460,unknown,,review,unknown,ghidra-12.1.3-initial-inventory
0x004144B0,unknown,,review,unknown,ghidra-12.1.3-initial-inventory
0x004144E0,unknown,,review,unknown,ghidra-12.1.3-initial-inventory
0x00414540,unknown,,review,unknown,ghidra-12.1.3-initial-inventory
0x00414580,unknown,Vector3,review,pending,"EXACT-047: current-first/per-axis Enemy interpolation and direct movement dependencies. Complete flow/ABI/native388stride, signed duration, actual indexed float subobjects, shared stop head, constants and caller bindings audited. Cold strict replay299units/60objects/37560disjointbytes and C++20/UBSan mixed-axis/terminal/clock/storage/acceleration checks pass. Names/origins pending. See docs/EXACT_ENEMY_INTERPOLATION_RECONSTRUCTION.md."
0x004145A0,unknown,,review,unknown,ghidra-12.1.3-initial-inventory
0x004145D0,unknown,,review,unknown,ghidra-12.1.3-initial-inventory
0x00414740,unknown,,review,unknown,ghidra-12.1.3-initial-inventory
0x00414780,unknown,,review,unknown,ghidra-12.1.3-initial-inventory
0x004147B0,unknown,,review,unknown,ghidra-12.1.3-initial-inventory
0x004147E0,unknown,,review,unknown,ghidra-12.1.3-initial-inventory
0x00414820,authored,FontDetection,authored,high,REF-011; Target-local callers and independently typed storage/imports corroborate game-specific native member/callback role; full canonical replay with independently established anchors
0x00414840,unknown,,review,unknown,ghidra-12.1.3-initial-inventory
0x004148D0,unknown,,review,unknown,ghidra-12.1.3-initial-inventory
0x00414900,unknown,,review,unknown,ghidra-12.1.3-initial-inventory
0x00414960,unknown,,review,unknown,ghidra-12.1.3-initial-inventory
0x00414A10,unknown,,review,unknown,ghidra-12.1.3-initial-inventory
0x00414A30,unknown,,review,unknown,ghidra-12.1.3-initial-inventory
0x00414A60,unknown,,review,unknown,ghidra-12.1.3-initial-inventory
0x00414A80,unknown,,review,unknown,ghidra-12.1.3-initial-inventory
0x00414AB0,unknown,,review,unknown,ghidra-12.1.3-initial-inventory
0x00414AD0,unknown,,review,unknown,ghidra-12.1.3-initial-inventory
0x00414AF0,unknown,,review,unknown,ghidra-12.1.3-initial-inventory
0x00414B20,unknown,,review,unknown,ghidra-12.1.3-initial-inventory
0x00414B50,unknown,EclResourceLifetime,review,pending,"EXACT-068: Five complete ECL base resource initialization/destruction contributions; 252bytes. Frozen-source505units/94coldobjects/90373disjointbytes strictly replay. Actual PMR record/word containers capture their default allocator and release only owned storage; file buffers remain borrowed. Native original global RTTI name is SptResourceInf; maintained EclLoader denotes its role. Complete append876, derived resource loading and first virtual callback remain pending. See docs/EXACT_ECL_RESOURCE_LIFETIME_RECONSTRUCTION.md."
0x00414B60,unknown,,review,unknown,ghidra-12.1.3-initial-inventory
0x00414B70,unknown,,review,unknown,ghidra-12.1.3-initial-inventory
0x00414B90,unknown,,review,unknown,ghidra-12.1.3-initial-inventory
0x00414BE0,unknown,,review,unknown,ghidra-12.1.3-initial-inventory
0x00414C60,unknown,,review,unknown,ghidra-12.1.3-initial-inventory
0x00414C80,unknown,,review,unknown,ghidra-12.1.3-initial-inventory
0x00414D40,unknown,,review,unknown,ghidra-12.1.3-initial-inventory
0x00414D50,unknown,,review,unknown,ghidra-12.1.3-initial-inventory
0x00414DC0,unknown,,review,unknown,ghidra-12.1.3-initial-inventory
0x00414E10,unknown,,review,unknown,ghidra-12.1.3-initial-inventory
0x00414EB0,unknown,,review,unknown,ghidra-12.1.3-initial-inventory
0x00414F30,unknown,,review,unknown,ghidra-12.1.3-initial-inventory
0x00414F50,unknown,,review,unknown,ghidra-12.1.3-initial-inventory
0x00414F70,unknown,,review,unknown,ghidra-12.1.3-initial-inventory
0x00414F90,unknown,,review,unknown,ghidra-12.1.3-initial-inventory
0x00414FE0,unknown,,review,unknown,ghidra-12.1.3-initial-inventory
0x00414FF0,unknown,,review,unknown,ghidra-12.1.3-initial-inventory
0x00415030,unknown,,review,unknown,ghidra-12.1.3-initial-inventory
0x00415070,unknown,,review,unknown,ghidra-12.1.3-initial-inventory
0x004150B0,unknown,,review,unknown,ghidra-12.1.3-initial-inventory
0x004150F0,unknown,,review,unknown,ghidra-12.1.3-initial-inventory
0x00415120,unknown,,review,unknown,ghidra-12.1.3-initial-inventory
0x004153D0,unknown,,review,unknown,ghidra-12.1.3-initial-inventory
0x00415440,unknown,,review,unknown,ghidra-12.1.3-initial-inventory
0x00415460,unknown,,review,unknown,ghidra-12.1.3-initial-inventory
0x004154C0,unknown,,review,unknown,ghidra-12.1.3-initial-inventory
0x00415520,unknown,,review,unknown,ghidra-12.1.3-initial-inventory
0x00415550,unknown,,review,unknown,ghidra-12.1.3-initial-inventory
0x004155B0,unknown,,review,unknown,ghidra-12.1.3-initial-inventory
0x00415600,unknown,,review,unknown,ghidra-12.1.3-initial-inventory
0x00415620,unknown,,review,unknown,ghidra-12.1.3-initial-inventory
0x00415640,unknown,,review,unknown,ghidra-12.1.3-initial-inventory
0x004156A0,unknown,,review,unknown,ghidra-12.1.3-initial-inventory
0x004156C0,unknown,,review,unknown,ghidra-12.1.3-initial-inventory
0x004156E0,unknown,,review,unknown,ghidra-12.1.3-initial-inventory
0x00415800,unknown,,review,unknown,ghidra-12.1.3-initial-inventory
0x00415820,unknown,,review,unknown,ghidra-12.1.3-initial-inventory
0x00415830,unknown,,review,unknown,ghidra-12.1.3-initial-inventory
0x00416140,unknown,,review,unknown,ghidra-12.1.3-initial-inventory
0x00416240,unknown,,review,unknown,ghidra-12.1.3-initial-inventory
0x00416260,unknown,,review,unknown,ghidra-12.1.3-initial-inventory
0x00416270,unknown,,review,unknown,ghidra-12.1.3-initial-inventory
0x004162B0,unknown,,review,unknown,ghidra-12.1.3-initial-inventory
0x004162F0,unknown,,review,unknown,ghidra-12.1.3-initial-inventory
0x00416330,unknown,,review,unknown,ghidra-12.1.3-initial-inventory
0x00416360,unknown,,review,unknown,ghidra-12.1.3-initial-inventory
0x00416420,unknown,,review,unknown,ghidra-12.1.3-initial-inventory
0x00416CF0,authored,TextOutline,authored,high,"REF-022; Complete18-byte cdecl setter stores float bits in5AE120. Independent original raster producer415830 multiplies font outline radius by this scalar then resets1; PE initialfloat1 read before acceptance. Producer diagnostic identifies original authored core/grpfont.cpp, and proprietary shared raster global links this setter to authored text support. Original setter spelling inferred. Storage declaration is extern; global construction and whole raster remain unresolved."
0x00416D20,unknown,,review,unknown,ghidra-12.1.3-initial-inventory
0x00417A90,unknown,,review,unknown,ghidra-12.1.3-initial-inventory
0x00417AB0,unknown,,review,unknown,ghidra-12.1.3-initial-inventory
0x00417CD0,unknown,,review,unknown,ghidra-12.1.3-initial-inventory
0x00417D00,unknown,,review,unknown,ghidra-12.1.3-initial-inventory
0x00417DC0,unknown,,review,unknown,ghidra-12.1.3-initial-inventory
0x00417DF0,unknown,,review,unknown,ghidra-12.1.3-initial-inventory
0x00417E40,unknown,,review,unknown,ghidra-12.1.3-initial-inventory
0x00417EC0,unknown,,review,unknown,ghidra-12.1.3-initial-inventory
0x00418020,unknown,,review,unknown,ghidra-12.1.3-initial-inventory
0x00418070,unknown,,review,unknown,ghidra-12.1.3-initial-inventory
0x004180C0,unknown,,review,unknown,ghidra-12.1.3-initial-inventory
0x00418100,unknown,,review,unknown,ghidra-12.1.3-initial-inventory
0x00418140,unknown,,review,unknown,ghidra-12.1.3-initial-inventory
0x00418280,unknown,,review,unknown,ghidra-12.1.3-initial-inventory
0x004182A0,unknown,,review,unknown,ghidra-12.1.3-initial-inventory
0x00418380,unknown,,review,unknown,ghidra-12.1.3-initial-inventory
0x004184B0,unknown,,review,unknown,ghidra-12.1.3-initial-inventory
0x004185E0,unknown,,review,unknown,ghidra-12.1.3-initial-inventory
0x00418600,unknown,,review,unknown,ghidra-12.1.3-initial-inventory
0x00418620,unknown,,review,unknown,ghidra-12.1.3-initial-inventory
0x00418660,unknown,,review,unknown,ghidra-12.1.3-initial-inventory
0x004186C0,unknown,,review,unknown,ghidra-12.1.3-initial-inventory
0x00418730,unknown,,review,unknown,ghidra-12.1.3-initial-inventory
0x004187A0,unknown,,review,unknown,ghidra-12.1.3-initial-inventory
0x00418830,unknown,,review,unknown,ghidra-12.1.3-initial-inventory
0x00418880,unknown,,review,unknown,ghidra-12.1.3-initial-inventory
0x00418890,unknown,,review,unknown,ghidra-12.1.3-initial-inventory
0x004188A0,unknown,,review,unknown,ghidra-12.1.3-initial-inventory
0x00418930,unknown,,review,unknown,ghidra-12.1.3-initial-inventory
0x004189C0,unknown,,review,unknown,ghidra-12.1.3-initial-inventory
0x00418A10,unknown,IntrusiveLink,review,pending,"EXACT-051: Shared typed intrusive link/list/observation protocol, nonthrowing Region construction/update and position/vector dependencies. Native storage/lifecycle/RET/AL/reference/hidden-result ABI, complete handler/FuncInfo flags5 corroboration, whole contributions and independent anchors audited. Full cold strict replay363units/66objects/57534disjointbytes and all22 public C++20/UBSan checks pass. Origin remains unknown; list constructor/reset and controller/retirement/locking remain pending. See docs/EXACT_INTRUSIVE_LIFETIME_RECONSTRUCTION.md."
0x00418A50,unknown,,review,unknown,ghidra-12.1.3-initial-inventory
0x00418A80,unknown,,review,unknown,ghidra-12.1.3-initial-inventory
0x00418AC0,unknown,,review,unknown,ghidra-12.1.3-initial-inventory
0x00418DB0,unknown,DebugMemoryResource,review,pending,REF-003; custom class RTTI known; empty/defaulted lifetime contribution authorship versus compiler synthesis unresolved
0x00418DD0,unknown,WindowState,review,pending,REF-009; Default bitfield initialization may be compiler synthesized; no authored credit
0x00418E40,unknown,,review,unknown,ghidra-12.1.3-initial-inventory
0x00418E90,unknown,DebugMemoryResource,review,pending,REF-003; custom class RTTI known; empty/defaulted lifetime contribution authorship versus compiler synthesis unresolved
0x00418EB0,unknown,,review,unknown,ghidra-12.1.3-initial-inventory
0x00418F20,unknown,,review,unknown,ghidra-12.1.3-initial-inventory
0x00418F90,unknown,,review,unknown,ghidra-12.1.3-initial-inventory
0x00419010,unknown,,review,unknown,ghidra-12.1.3-initial-inventory
0x00419030,unknown,,review,unknown,ghidra-12.1.3-initial-inventory
0x00419050,unknown,,review,unknown,ghidra-12.1.3-initial-inventory
0x004190B0,unknown,,review,unknown,ghidra-12.1.3-initial-inventory
0x004190F0,unknown,,review,unknown,ghidra-12.1.3-initial-inventory
0x00419150,unknown,,review,unknown,ghidra-12.1.3-initial-inventory
0x00419180,unknown,,review,unknown,ghidra-12.1.3-initial-inventory
0x004192F0,unknown,,review,unknown,ghidra-12.1.3-initial-inventory
0x00419320,unknown,,review,unknown,ghidra-12.1.3-initial-inventory
0x00419350,unknown,,review,unknown,ghidra-12.1.3-initial-inventory
0x00419390,unknown,,review,unknown,ghidra-12.1.3-initial-inventory
0x004193C0,unknown,,review,unknown,ghidra-12.1.3-initial-inventory
0x004193E0,unknown,,review,unknown,ghidra-12.1.3-initial-inventory
0x00419760,unknown,,review,unknown,ghidra-12.1.3-initial-inventory
0x004199A0,unknown,,review,unknown,ghidra-12.1.3-initial-inventory
0x00419A50,unknown,,review,unknown,ghidra-12.1.3-initial-inventory
0x00419BE0,unknown,,review,unknown,ghidra-12.1.3-initial-inventory
0x00419C00,authored,InputState,authored,high,REF-011; Target-local callers and independently typed storage/imports corroborate game-specific native member/callback role; full canonical replay with independently established anchors
0x00419C20,unknown,,review,unknown,ghidra-12.1.3-initial-inventory
0x00419DE0,unknown,,review,unknown,ghidra-12.1.3-initial-inventory
0x0041A030,unknown,,review,unknown,ghidra-12.1.3-initial-inventory
0x0041A1B0,unknown,,review,unknown,ghidra-12.1.3-initial-inventory
0x0041A200,unknown,,review,unknown,ghidra-12.1.3-initial-inventory
0x0041A240,unknown,,review,unknown,ghidra-12.1.3-initial-inventory
0x0041A280,authored,InputState,authored,high,REF-011; Target-local callers and independently typed storage/imports corroborate game-specific native member/callback role; full canonical replay with independently established anchors
0x0041A2C0,unknown,,review,unknown,ghidra-12.1.3-initial-inventory
0x0041AA70,unknown,,review,unknown,ghidra-12.1.3-initial-inventory
0x0041AB30,unknown,,review,unknown,ghidra-12.1.3-initial-inventory
0x0041ABE0,unknown,,review,unknown,ghidra-12.1.3-initial-inventory
0x0041AE70,unknown,,review,unknown,ghidra-12.1.3-initial-inventory
0x0041B480,unknown,WindowApi,review,pending,REF-009; Full API wrapper exact; sole observed caller ignores result and source/origin identity remains pending; no authored credit
0x0041B490,authored,WindowState,authored,high,REF-009; Original window construction and independent main/frame consumers corroborate storage and game-specific member role
0x0041B4F0,unknown,,review,unknown,ghidra-12.1.3-initial-inventory
0x0041B880,unknown,,review,unknown,ghidra-12.1.3-initial-inventory
0x0041B8A0,unknown,,review,unknown,ghidra-12.1.3-initial-inventory
0x0041B8E0,unknown,,review,unknown,ghidra-12.1.3-initial-inventory
0x0041B920,unknown,,review,unknown,ghidra-12.1.3-initial-inventory
0x0041BAD0,unknown,,review,unknown,ghidra-12.1.3-initial-inventory
0x0041BB10,unknown,,review,unknown,ghidra-12.1.3-initial-inventory
0x0041BB70,unknown,,review,unknown,ghidra-12.1.3-initial-inventory
0x0041BC30,unknown,,review,unknown,ghidra-12.1.3-initial-inventory
0x0041BC60,unknown,,review,unknown,ghidra-12.1.3-initial-inventory
0x0041BDB0,unknown,,review,unknown,ghidra-12.1.3-initial-inventory
0x0041BE70,unknown,,review,unknown,ghidra-12.1.3-initial-inventory
0x0041BE90,unknown,,review,unknown,ghidra-12.1.3-initial-inventory
0x0041BEA0,unknown,,review,unknown,ghidra-12.1.3-initial-inventory
0x0041BF40,unknown,,review,unknown,ghidra-12.1.3-initial-inventory
0x0041BFC0,unknown,,review,unknown,ghidra-12.1.3-initial-inventory
0x0041C020,unknown,,review,unknown,ghidra-12.1.3-initial-inventory
0x0041C0E0,unknown,,review,unknown,ghidra-12.1.3-initial-inventory
0x0041C100,unknown,,review,unknown,ghidra-12.1.3-initial-inventory
0x0041C1A0,unknown,,review,unknown,ghidra-12.1.3-initial-inventory
0x0041C2E0,unknown,,review,unknown,ghidra-12.1.3-initial-inventory
0x0041C320,unknown,,review,unknown,ghidra-12.1.3-initial-inventory
0x0041C3E0,unknown,,review,unknown,ghidra-12.1.3-initial-inventory
0x0041C730,unknown,,review,unknown,ghidra-12.1.3-initial-inventory
0x0041C9F0,authored,DebugMemoryResource,authored,high,REF-003; independent game storage/RTTI and custom member protocol
0x0041CA00,unknown,,review,unknown,ghidra-12.1.3-initial-inventory
0x0041CA30,authored,LockRegistry,authored,high,REF-003; independent game storage/RTTI and custom member protocol
0x0041CA50,unknown,,review,unknown,ghidra-12.1.3-initial-inventory
0x0041CA70,unknown,,review,unknown,ghidra-12.1.3-initial-inventory
0x0041CA90,unknown,EclAsync,review,pending,"EXACT-082: Seven complete async creation/find/invalidation/Runtime allocation/Loader activation/owned getter contributions add 524 bytes. Frozen 604-unit /115 fresh-object graph strictly replays 104816 disjoint bytes. VM opcode21 now calls mark-only invalidate_async at53E560, distinct from destructive terminate_async at4973C0; real VM/Manager/PMR checks prove deferred destruction. Real call_into preserves signed IDs, skips, descriptor conversions, five-word frames and missing-subroutine retained context. Genuine nonthrowing scalar/member constructors allow ordinary Runtime new T under unchanged EHsc; original annotation spelling is inferred. Existing whole Position/Runtime/Manager lifetimes stay exact. Manager base current_instruction migrates without new physical coverage. Full folded support endpoints have no duplicate credit. Node factory53B410/73, buffer resolution, allocator startup, unused interpolation/frame routes and Enemy movement/opcode/outer retirement remain explicit dependencies. Bit0 wider role and whole root/readers/State tick/Player/runtime remain open. Reference raw interfaces are not imported; all new authored origins remain pending. See docs/EXACT_ECL_ASYNC_RECONSTRUCTION.md."
0x0041CAB0,unknown,,review,unknown,ghidra-12.1.3-initial-inventory
0x0041CAD0,unknown,,review,unknown,ghidra-12.1.3-initial-inventory
0x0041CAF0,unknown,Interpolation,review,pending,"EXACT-047: current-first/per-axis Enemy interpolation and direct movement dependencies. Complete flow/ABI/native388stride, signed duration, actual indexed float subobjects, shared stop head, constants and caller bindings audited. Cold strict replay299units/60objects/37560disjointbytes and C++20/UBSan mixed-axis/terminal/clock/storage/acceleration checks pass. Names/origins pending. See docs/EXACT_ENEMY_INTERPOLATION_RECONSTRUCTION.md."
0x0041CB10,unknown,,review,unknown,ghidra-12.1.3-initial-inventory
0x0041CC70,authored,WindowState,authored,high,REF-009; Original window construction and independent main/frame consumers corroborate storage and game-specific member role
0x0041CC90,authored,WindowState,authored,high,REF-011; Target-local callers and independently typed storage/imports corroborate game-specific native member/callback role; full canonical replay with independently established anchors
0x0041CCC0,authored,LockRegistry,authored,high,REF-003; independent game storage/RTTI and custom member protocol
0x0041CCF0,unknown,,review,unknown,ghidra-12.1.3-initial-inventory
0x0041D080,authored,WindowState,authored,high,REF-009; Original window construction and independent main/frame consumers corroborate storage and game-specific member role
0x0041D0A0,unknown,,review,unknown,ghidra-12.1.3-initial-inventory
0x0041D0C0,authored,WindowApi,authored,high,REF-011; Target-local callers and independently typed storage/imports corroborate game-specific native member/callback role; full canonical replay with independently established anchors
0x0041D0F0,unknown,,review,unknown,ghidra-12.1.3-initial-inventory
0x0041D130,unknown,,review,unknown,ghidra-12.1.3-initial-inventory
0x0041D210,unknown,,review,unknown,ghidra-12.1.3-initial-inventory
0x0041D2F0,unknown,,review,unknown,ghidra-12.1.3-initial-inventory
0x0041D350,unknown,,review,unknown,ghidra-12.1.3-initial-inventory
0x0041D960,unknown,,review,unknown,ghidra-12.1.3-initial-inventory
0x0041D9F0,unknown,,review,unknown,ghidra-12.1.3-initial-inventory
0x0041DB40,unknown,,review,unknown,ghidra-12.1.3-initial-inventory
0x0041DB60,unknown,,review,unknown,ghidra-12.1.3-initial-inventory
0x0041DB80,unknown,,review,unknown,ghidra-12.1.3-initial-inventory
0x0041DBA0,unknown,,review,unknown,ghidra-12.1.3-initial-inventory
0x0041DBC0,unknown,,review,unknown,ghidra-12.1.3-initial-inventory
0x0041DBE0,unknown,,review,unknown,ghidra-12.1.3-initial-inventory
0x0041DCC0,authored,WindowState,authored,high,REF-009; Original window construction and independent main/frame consumers corroborate storage and game-specific member role
0x0041DCE0,unknown,,review,unknown,ghidra-12.1.3-initial-inventory
0x0041DE00,authored,WindowState,authored,high,REF-009; Original window construction and independent main/frame consumers corroborate storage and game-specific member role
0x0041DE30,authored,WindowState,authored,high,REF-009; Original window construction and independent main/frame consumers corroborate storage and game-specific member role
0x0041DE50,unknown,,review,unknown,ghidra-12.1.3-initial-inventory
0x0041DE70,unknown,PlayerRecord,review,pending,"REF-041: complete natural member on genuine PlayerRecord240, independently established through native array stride240/count2/constructor pointer, mixed scalar/byte fields and64-bit score/power consumers. All48 native ranges fully PE decode and agree with attested Ghidra;45 setter widths/offsets/clamp constants/RET4/calls verified independently. Native clamp471170 anchor precedes bulk probes. Complete221unit/51coldobject/15890byte canonical replay and24080 guarded/default/edge/full-byte C++20/UBSan checks pass. Two already canonical shared setter heads excluded from new credit. Original names/field roles/alignment declaration/origin and full Table/Session/Game/HUD/worker/resource owners remain open. No prefix, facade, copied reference source or helper credit. See docs/REFERENCE_GAME_LOADING_REVIEW.md."
0x0041DE90,unknown,Interpolation,review,pending,"REF-027: complete natural typed value/member contribution, independently decoded whole native routine and owner consumers; canonical129-unit cold replay and dirty-padding/alias/raw-float tests pass. Original names and authored/compiler/shared origins pending; no whole Effect/Special State acceptance. See docs/REFERENCE_EFFECT_SPECIAL_REVIEW.md."
0x0041DEB0,unknown,,review,unknown,ghidra-12.1.3-initial-inventory
0x0041DED0,unknown,,review,unknown,ghidra-12.1.3-initial-inventory
0x0041DEF0,unknown,,review,unknown,ghidra-12.1.3-initial-inventory
0x0041DF10,unknown,,review,unknown,ghidra-12.1.3-initial-inventory
0x0041DF30,unknown,PlayerRecord,review,pending,"REF-041: complete natural member on genuine PlayerRecord240, independently established through native array stride240/count2/constructor pointer, mixed scalar/byte fields and64-bit score/power consumers. All48 native ranges fully PE decode and agree with attested Ghidra;45 setter widths/offsets/clamp constants/RET4/calls verified independently. Native clamp471170 anchor precedes bulk probes. Complete221unit/51coldobject/15890byte canonical replay and24080 guarded/default/edge/full-byte C++20/UBSan checks pass. Two already canonical shared setter heads excluded from new credit. Original names/field roles/alignment declaration/origin and full Table/Session/Game/HUD/worker/resource owners remain open. No prefix, facade, copied reference source or helper credit. See docs/REFERENCE_GAME_LOADING_REVIEW.md."
0x0041DF50,unknown,Interpolation,review,pending,"REF-027: complete natural typed value/member contribution, independently decoded whole native routine and owner consumers; canonical129-unit cold replay and dirty-padding/alias/raw-float tests pass. Original names and authored/compiler/shared origins pending; no whole Effect/Special State acceptance. See docs/REFERENCE_EFFECT_SPECIAL_REVIEW.md."
0x0041DF70,unknown,,review,unknown,ghidra-12.1.3-initial-inventory
0x0041DF90,unknown,,review,unknown,ghidra-12.1.3-initial-inventory
0x0041DFB0,unknown,EclSelection,review,pending,"EXACT-066: Nineteen complete actual Enemy creation/initialization, script reset/selection, generation, hidden-result identifier and non-consuming value forwarding bodies;1279bytes. Frozen-source500units/93coldobjects/90121disjointbytes strictly replay. Owned O2/UBSan tests exercise actual creation/init/reset/selection and list/generation lifetimes. Scalar allocation/context/spawn application, supplied-value virtual materialization, whole653-byte spawn opcode and41KB main dispatcher remain pending. See docs/EXACT_ENEMY_CREATION_RECONSTRUCTION.md."
0x0041DFD0,unknown,,review,unknown,ghidra-12.1.3-initial-inventory
0x0041DFF0,unknown,,review,unknown,ghidra-12.1.3-initial-inventory
0x0041E010,unknown,,review,unknown,ghidra-12.1.3-initial-inventory
0x0041E030,unknown,,review,unknown,ghidra-12.1.3-initial-inventory
0x0041E050,unknown,,review,unknown,ghidra-12.1.3-initial-inventory
0x0041E770,unknown,,review,unknown,ghidra-12.1.3-initial-inventory
0x0041E790,unknown,,review,unknown,ghidra-12.1.3-initial-inventory
0x0041E7D0,unknown,,review,unknown,ghidra-12.1.3-initial-inventory
0x0041F1C0,unknown,,review,unknown,ghidra-12.1.3-initial-inventory
0x0041F1D0,unknown,,review,unknown,ghidra-12.1.3-initial-inventory
0x0041F220,unknown,,review,unknown,ghidra-12.1.3-initial-inventory
0x0041F260,unknown,,review,unknown,ghidra-12.1.3-initial-inventory
0x0041F5B0,unknown,,review,unknown,ghidra-12.1.3-initial-inventory
0x0041F5F0,unknown,DiagnosticAllocator,review,pending,"EXACT-054: Complete signed archive decrypt/persistent dictionary/tree and real DiagnosticAllocator8/custom PMR allocation protocol. Independently decoded complete flow, global startup, original diagnostic strings, typed node/resource layout, CRT roles, guard EH metadata and relocation anchors. Full strict cold replay393units/70objects/61579disjointbytes; owned C++20/UBSan codec/tree/allocation tests pass. Startup constructor, first zero-word type/meaning, compression writer/checksum and full manager/stream ownership remain pending. See docs/EXACT_ARCHIVE_CODEC_RECONSTRUCTION.md. Original utility/template/defaulted lifetime authorship is unresolved; excluded from authored credit."
0x0041F610,authored,DiagnosticAllocator,authored,high,"EXACT-054: Complete signed archive decrypt/persistent dictionary/tree and real DiagnosticAllocator8/custom PMR allocation protocol. Independently decoded complete flow, global startup, original diagnostic strings, typed node/resource layout, CRT roles, guard EH metadata and relocation anchors. Full strict cold replay393units/70objects/61579disjointbytes; owned C++20/UBSan codec/tree/allocation tests pass. Startup constructor, first zero-word type/meaning, compression writer/checksum and full manager/stream ownership remain pending. See docs/EXACT_ARCHIVE_CODEC_RECONSTRUCTION.md."
0x0041F670,authored,DiagnosticAllocator,authored,high,"EXACT-054: Complete signed archive decrypt/persistent dictionary/tree and real DiagnosticAllocator8/custom PMR allocation protocol. Independently decoded complete flow, global startup, original diagnostic strings, typed node/resource layout, CRT roles, guard EH metadata and relocation anchors. Full strict cold replay393units/70objects/61579disjointbytes; owned C++20/UBSan codec/tree/allocation tests pass. Startup constructor, first zero-word type/meaning, compression writer/checksum and full manager/stream ownership remain pending. See docs/EXACT_ARCHIVE_CODEC_RECONSTRUCTION.md."
0x0041F6D0,authored,DebugMemoryResource,authored,high,"EXACT-054: Complete signed archive decrypt/persistent dictionary/tree and real DiagnosticAllocator8/custom PMR allocation protocol. Independently decoded complete flow, global startup, original diagnostic strings, typed node/resource layout, CRT roles, guard EH metadata and relocation anchors. Full strict cold replay393units/70objects/61579disjointbytes; owned C++20/UBSan codec/tree/allocation tests pass. Startup constructor, first zero-word type/meaning, compression writer/checksum and full manager/stream ownership remain pending. See docs/EXACT_ARCHIVE_CODEC_RECONSTRUCTION.md."
0x0041F760,authored,DebugMemoryResource,authored,high,"EXACT-054: Complete signed archive decrypt/persistent dictionary/tree and real DiagnosticAllocator8/custom PMR allocation protocol. Independently decoded complete flow, global startup, original diagnostic strings, typed node/resource layout, CRT roles, guard EH metadata and relocation anchors. Full strict cold replay393units/70objects/61579disjointbytes; owned C++20/UBSan codec/tree/allocation tests pass. Startup constructor, first zero-word type/meaning, compression writer/checksum and full manager/stream ownership remain pending. See docs/EXACT_ARCHIVE_CODEC_RECONSTRUCTION.md."
0x0041F7C0,unknown,,review,unknown,ghidra-12.1.3-initial-inventory
0x0041F830,unknown,,review,unknown,ghidra-12.1.3-initial-inventory
0x0041F880,unknown,,review,unknown,ghidra-12.1.3-initial-inventory
0x0041F8A0,unknown,,review,unknown,ghidra-12.1.3-initial-inventory
0x0041F9B0,unknown,,review,unknown,ghidra-12.1.3-initial-inventory
0x0041FB10,authored,Configuration,authored,high,REF-007; custom game binding stores occur after three zeroing member constructors
0x0041FC50,unknown,Configuration,review,pending,REF-007; default member/bitfield initializer emission cannot distinguish explicit authored constructor from compiler synthesis
0x0041FCB0,unknown,,review,unknown,ghidra-12.1.3-initial-inventory
0x0041FD20,unknown,TaskInfo,review,pending,"EXACT-074: Complete actual Task68 and Controller312/317 construction add380body/385comparisonbytes. Frozen562unit/103fresh-object graph replays98392disjointbytes. Explicit aggregate flag zeroing before setting bit1, native EnemyCtrlInf RTTI/vtable identity, all real member constructors, full padding/EH/nonthrowing information and original log literal are checked independently. Owned creation tests now use production Controller/Task construction, dirty guards and real generation side effects. Factory60/73, whole find241/251, statistics219, sentinel constructor31/40, other child emissions, Controller disposal,41KB opcode root and whole-game link/runtime remain open. No authored origin or whole reference association closure follows. See docs/EXACT_CONTROLLER_CONSTRUCTION_RECONSTRUCTION.md."
0x0041FD70,unknown,,review,unknown,ghidra-12.1.3-initial-inventory
0x0041FDF0,unknown,TaskInfo,review,pending,REF-003; custom class RTTI known; empty/defaulted lifetime contribution authorship versus compiler synthesis unresolved
0x0041FE10,unknown,,review,unknown,ghidra-12.1.3-initial-inventory
0x0041FE50,unknown,,review,unknown,ghidra-12.1.3-initial-inventory
0x0041FE80,unknown,,review,unknown,ghidra-12.1.3-initial-inventory
0x00420180,unknown,,review,unknown,ghidra-12.1.3-initial-inventory
0x00420220,unknown,,review,unknown,ghidra-12.1.3-initial-inventory
0x004202C0,unknown,,review,unknown,ghidra-12.1.3-initial-inventory
0x004204A0,unknown,,review,unknown,ghidra-12.1.3-initial-inventory
0x00420510,authored,InputState,authored,high,REF-006; independent input storage and producer/consumer protocol; complete canonical replay
0x00420580,unknown,,review,unknown,ghidra-12.1.3-initial-inventory
0x00420760,unknown,,review,unknown,ghidra-12.1.3-initial-inventory
0x00420990,unknown,,review,unknown,ghidra-12.1.3-initial-inventory
0x00420AA0,unknown,,review,unknown,ghidra-12.1.3-initial-inventory
0x00420D80,unknown,,review,unknown,ghidra-12.1.3-initial-inventory
0x00420F80,unknown,,review,unknown,ghidra-12.1.3-initial-inventory
0x00421040,unknown,,review,unknown,ghidra-12.1.3-initial-inventory
0x004210D0,unknown,,review,unknown,ghidra-12.1.3-initial-inventory
0x00421180,unknown,,review,unknown,ghidra-12.1.3-initial-inventory
0x00421680,authored,TaskInfo,authored,high,REF-003; independent game storage/RTTI and custom member protocol
0x004216A0,authored,TaskInfo,authored,high,REF-003; independent game storage/RTTI and custom member protocol
0x004216E0,unknown,,review,unknown,ghidra-12.1.3-initial-inventory
0x00421720,authored,InputState,authored,high,REF-006; independent input storage and producer/consumer protocol; complete canonical replay
0x00421760,authored,TaskInfo,authored,high,REF-003; independent game storage/RTTI and custom member protocol
0x00421780,authored,TaskInfo,authored,high,REF-003; independent game storage/RTTI and custom member protocol
0x004217C0,unknown,,review,unknown,ghidra-12.1.3-initial-inventory
0x004217F0,unknown,,review,unknown,ghidra-12.1.3-initial-inventory
0x00421810,unknown,,review,unknown,ghidra-12.1.3-initial-inventory
0x00421830,unknown,,review,unknown,ghidra-12.1.3-initial-inventory
0x00421850,unknown,,review,unknown,ghidra-12.1.3-initial-inventory
0x00421870,unknown,,review,unknown,ghidra-12.1.3-initial-inventory
0x00421890,unknown,,review,unknown,ghidra-12.1.3-initial-inventory
0x00421950,unknown,,review,unknown,ghidra-12.1.3-initial-inventory
0x00421970,unknown,,review,unknown,ghidra-12.1.3-initial-inventory
0x00421990,unknown,,review,unknown,ghidra-12.1.3-initial-inventory
0x004219D0,unknown,,review,unknown,ghidra-12.1.3-initial-inventory
0x00421AB0,authored,InputState,authored,high,REF-006; independent input storage and producer/consumer protocol; complete canonical replay
0x00421AD0,authored,InputState,authored,high,REF-006; independent input storage and producer/consumer protocol; complete canonical replay
0x00421B00,unknown,,review,unknown,ghidra-12.1.3-initial-inventory
0x004228B0,authored,InputState,authored,high,REF-006; independent input storage and producer/consumer protocol; complete canonical replay
0x00422B00,unknown,,review,unknown,ghidra-12.1.3-initial-inventory
0x00422B60,unknown,,review,unknown,ghidra-12.1.3-initial-inventory
0x00422B80,unknown,,review,unknown,ghidra-12.1.3-initial-inventory
0x00422B90,unknown,,review,unknown,ghidra-12.1.3-initial-inventory
0x00422BC0,unknown,,review,unknown,ghidra-12.1.3-initial-inventory
0x00422C00,library,GameRandom,exclude,high,REF-008; Installed MSVC standard engine implementation independently corroborates library origin; excluded from authored credit
0x00422C30,library,GameRandom,exclude,high,REF-008; Installed MSVC standard engine implementation independently corroborates library origin; excluded from authored credit
0x00422C50,authored,GameRandom,authored,high,"REF-008; Original 28-byte game RNG constructor/callers, receiver ABI and fixed field consumers independently reviewed"
0x00422CB0,library,Random,exclude,high,REF-001
0x00422D40,unknown,,review,unknown,ghidra-12.1.3-initial-inventory
0x00422D90,unknown,Timer,review,pending,"REF-019; Original sixteen-byte Timer construction and Ending timer member consumers independently establish storage, zero initialization, signed current value/remainder, integer subtraction and postfix dummy-argument wrappers. Complete canonical contributions and actual call anchors checked before probing. Original operator spelling is inferred; authored versus shared generic/compiler origin remains pending. Integer += remains nonexact: natural conversion emits an additional XORPS, 33 versus 31 bytes; no prefix or instruction shaping accepted. Wrapper exactness does not accept that callee or original numerical exception environment."
0x00422DD0,unknown,Vector3,review,pending,"REF-018; Actual twelve-byte three-float owner independently established by Card construction, scalar lane producers and native subtraction/scale/add-assignment consumers. Natural shared body; complete canonical extent and constructor-call anchors checked independently before probing. Exact source does not establish original class spelling or authored/compiler/library provenance; origin pending, enclosing Card/Controller remain unresolved."
0x00422E10,unknown,Vector3,review,pending,"REF-018; Actual twelve-byte three-float owner independently established by Card construction, scalar lane producers and native subtraction/scale/add-assignment consumers. Natural shared body; complete canonical extent and constructor-call anchors checked independently before probing. Exact source does not establish original class spelling or authored/compiler/library provenance; origin pending, enclosing Card/Controller remain unresolved."
0x00422E40,unknown,Session,review,pending,"EXACT-073: Twenty whole Session/PlayerTable construction, real process initializer, indexed/current-record/Controller lookups, mode/clamp queries, continue and flag updates add1167body/1177comparisonbytes. Complete560unit/101fresh-object graph replays98007disjointbytes. Actual704-byte BSS, original CRT registration, two real Contexts/two PlayerRecords, independent double-clock consumer, natural alignment gaps and complete EH/array helper establish the owned protocol. O2/UBSan checks run actual production lifetimes/lookups, whole-object preservation, signed/wrapped counters and retained flags. Whole Enemy readers, Player/card/game/Controller owners,41KB opcode root and whole-game link/runtime remain open; authored origins are not inferred. See docs/EXACT_SESSION_RECONSTRUCTION.md."
0x00422F20,unknown,Session,review,pending,"EXACT-073: Twenty whole Session/PlayerTable construction, real process initializer, indexed/current-record/Controller lookups, mode/clamp queries, continue and flag updates add1167body/1177comparisonbytes. Complete560unit/101fresh-object graph replays98007disjointbytes. Actual704-byte BSS, original CRT registration, two real Contexts/two PlayerRecords, independent double-clock consumer, natural alignment gaps and complete EH/array helper establish the owned protocol. O2/UBSan checks run actual production lifetimes/lookups, whole-object preservation, signed/wrapped counters and retained flags. Whole Enemy readers, Player/card/game/Controller owners,41KB opcode root and whole-game link/runtime remain open; authored origins are not inferred. See docs/EXACT_SESSION_RECONSTRUCTION.md."
0x00423050,unknown,PlayerRecord,review,pending,"REF-041: complete natural member on genuine PlayerRecord240, independently established through native array stride240/count2/constructor pointer, mixed scalar/byte fields and64-bit score/power consumers. All48 native ranges fully PE decode and agree with attested Ghidra;45 setter widths/offsets/clamp constants/RET4/calls verified independently. Native clamp471170 anchor precedes bulk probes. Complete221unit/51coldobject/15890byte canonical replay and24080 guarded/default/edge/full-byte C++20/UBSan checks pass. Two already canonical shared setter heads excluded from new credit. Original names/field roles/alignment declaration/origin and full Table/Session/Game/HUD/worker/resource owners remain open. No prefix, facade, copied reference source or helper credit. See docs/REFERENCE_GAME_LOADING_REVIEW.md."
0x00423320,unknown,Context,review,pending,"EXACT-061: Whole Enemy movement update1675 and fourteen actual owner/interface functions; native Graphics0xDE8/Viewport0x16C/Configuration0xB0/AnimationFile0x70/Context0x30 and typed parent/controller/file protocol. Independent definitions, SDK/atomic/array/global consumers, complete flags5 EH and strict float-to-double CRT fabs are audited. Full frozen-source cold replay442units/84objects/84017disjointbytes; owned C++20/O2/UBSan movement/order/bounds/initialization checks pass. Fourteen supporting aliases/library/EH contributions have no duplicate credit. New origins pending; whole Enemy dispatcher, unresolved production lifetimes/resolution/spawn/global definitions and whole-game linkage remain open. See docs/EXACT_ENEMY_UPDATE_RECONSTRUCTION.md."
0x004233B0,unknown,,review,unknown,ghidra-12.1.3-initial-inventory
0x00423470,unknown,ColoredVertex,review,pending,"REF-021; Actual twenty-byte colored vertex independently established by rectangle array-construction helper40BC20 with count4/stride20/constructor423470, typed Vector3 coordinate copies and D3D9 FVF44/stride20 submission. Complete43-byte native ctor invokes existing Vector3 zero ctor422E10 then initializes reciprocal-w12/color16 to zero. Natural actual value owner, no renderer facade or synthetic padding; original class spelling and authored/compiler/library origin pending."
0x004234A0,unknown,,review,unknown,ghidra-12.1.3-initial-inventory
0x00423520,unknown,Timer,review,pending,"REF-020; Native Trophy state-change and Ending reset paths call the actual sixteen-byte Timer integer assignment wrapper, complete26 bytes/RET4, independently anchored to existing set at423F80. Natural shared member; original operator spelling and authored/shared/compiler origin pending."
0x00423540,unknown,Timer,review,pending,"REF-019; Original sixteen-byte Timer construction and Ending timer member consumers independently establish storage, zero initialization, signed current value/remainder, integer subtraction and postfix dummy-argument wrappers. Complete canonical contributions and actual call anchors checked before probing. Original operator spelling is inferred; authored versus shared generic/compiler origin remains pending. Integer += remains nonexact: natural conversion emits an additional XORPS, 33 versus 31 bytes; no prefix or instruction shaping accepted. Wrapper exactness does not accept that callee or original numerical exception environment."
0x00423560,authored,Timer,authored,high,"REF-016; Help original age20 branches independently call signed Timer current<argument member; natural existing16-byte owner, bool/RET4 and complete46-byte extent, no relocations or source shaping."
0x00423590,unknown,Timer,review,pending,"REF-021; Actual sixteen-byte Timer member independently observed in complete ScreenInf update callers. Fraction returns offset8 through x87 ST0, no arguments, complete17 bytes. Signed <= predicate reads current4, returns bool AL/full MOVZX, RET4, complete46 bytes. Natural shared member bodies; original spelling and authored/shared/compiler/library origin pending."
0x004235C0,authored,Timer,authored,high,"REF-015; Original StageClear state thresholds independently call this Timer receiver predicate; custom game Timer member, full signed current comparison and bool/RET4 ABI. Complete46-byte extent ends after RET4; no padding/table/relocations or source shaping."
0x004235F0,library,Random,exclude,high,REF-001
0x00423620,unknown,,review,unknown,ghidra-12.1.3-initial-inventory
0x00423650,unknown,,review,unknown,ghidra-12.1.3-initial-inventory
0x00423BD0,unknown,Timer,review,pending,"REF-021; Actual sixteen-byte Timer member independently observed in complete ScreenInf update callers. Fraction returns offset8 through x87 ST0, no arguments, complete17 bytes. Signed <= predicate reads current4, returns bool AL/full MOVZX, RET4, complete46 bytes. Natural shared member bodies; original spelling and authored/shared/compiler/library origin pending."
0x00423BF0,unknown,,review,unknown,ghidra-12.1.3-initial-inventory
0x00423EA0,authored,GameRandom,authored,high,"REF-008; Original 28-byte game RNG constructor/callers, receiver ABI and fixed field consumers independently reviewed"
0x00423EE0,unknown,GameRandomStream,review,pending,"EXACT-052: Shared FunctionChainNode construction/access, real recursive-mutex registry and locked GameRandom seed/next protocol. Complete native boundaries, callers, mutex/engine dependencies and independent relocation anchors audited. Full cold strict replay 372 units/67 objects/58232 disjoint bytes; owned C++20/UBSan recursion, cross-thread locking and seeded stream checks pass. Origin remains unknown; controller dispatch, iterator initialization policy and production global/thread lifetime stay pending. See docs/EXACT_LOCK_RANDOM_RECONSTRUCTION.md."
0x00423F50,authored,Timer,authored,high,REF-001
0x00423F80,authored,Timer,authored,high,REF-001
0x00423FE0,authored,Timer,authored,high,REF-002
0x00424010,unknown,,review,unknown,ghidra-12.1.3-initial-inventory
0x00424030,unknown,GameController,review,pending,"EXACT-077: Five whole Game construction/state contributions add362body/367comparisonbytes. Frozen580unit/106fresh-object graph replays100983disjointbytes. Native110allocation, GameInf RTTI/vtable, GameTaskInf literal, Task/twoTimer/Configuration ownership, two actual double fields and complete nonthrowing EH establish genuine272-byte owner. Full-width int flag observations preserve original EAX ABI; restart and bit6clear touch actual storage. O2/UBSan dirty guards, retained Configuration high bits/natural gaps,512flagstates, signed restart extremes and whole-state snapshots pass. Game destruction is an explicit fixture; allocation/startup/loading/update/cleanup, Player tail/whole owner, both whole readers and41KB opcode root remain open. 4992F0+44 is reached through Context slot0 both directly and via process478E80; the real primary owner remains unresolved. Actual EnemyController process lookup is478060. No Game or EnemyController storage attribution follows from these reader routes. Source-only Services are not imported; authored origins stay pending. See docs/EXACT_GAME_CONTROLLER_RECONSTRUCTION.md."
0x00424060,unknown,GameController,review,pending,"EXACT-077: Five whole Game construction/state contributions add362body/367comparisonbytes. Frozen580unit/106fresh-object graph replays100983disjointbytes. Native110allocation, GameInf RTTI/vtable, GameTaskInf literal, Task/twoTimer/Configuration ownership, two actual double fields and complete nonthrowing EH establish genuine272-byte owner. Full-width int flag observations preserve original EAX ABI; restart and bit6clear touch actual storage. O2/UBSan dirty guards, retained Configuration high bits/natural gaps,512flagstates, signed restart extremes and whole-state snapshots pass. Game destruction is an explicit fixture; allocation/startup/loading/update/cleanup, Player tail/whole owner, both whole readers and41KB opcode root remain open. 4992F0+44 is reached through Context slot0 both directly and via process478E80; the real primary owner remains unresolved. Actual EnemyController process lookup is478060. No Game or EnemyController storage attribution follows from these reader routes. Source-only Services are not imported; authored origins stay pending. See docs/EXACT_GAME_CONTROLLER_RECONSTRUCTION.md."
0x00424080,unknown,,review,unknown,ghidra-12.1.3-initial-inventory
0x004240A0,unknown,,review,unknown,ghidra-12.1.3-initial-inventory
0x004240C0,unknown,,review,unknown,ghidra-12.1.3-initial-inventory
0x00424180,unknown,,review,unknown,ghidra-12.1.3-initial-inventory
0x00424260,unknown,,review,unknown,ghidra-12.1.3-initial-inventory
0x00424350,unknown,,review,unknown,ghidra-12.1.3-initial-inventory
0x00424460,unknown,,review,unknown,ghidra-12.1.3-initial-inventory
0x004244C0,unknown,,review,unknown,ghidra-12.1.3-initial-inventory
0x004249F0,unknown,,review,unknown,ghidra-12.1.3-initial-inventory
0x00424E00,unknown,,review,unknown,ghidra-12.1.3-initial-inventory
0x00424E80,unknown,,review,unknown,ghidra-12.1.3-initial-inventory
0x00424F30,unknown,,review,unknown,ghidra-12.1.3-initial-inventory
0x00424FA0,unknown,,review,unknown,ghidra-12.1.3-initial-inventory
0x00425070,unknown,,review,unknown,ghidra-12.1.3-initial-inventory
0x00425090,unknown,,review,unknown,ghidra-12.1.3-initial-inventory
0x004250C0,unknown,,review,unknown,ghidra-12.1.3-initial-inventory
0x004250F0,unknown,,review,unknown,ghidra-12.1.3-initial-inventory
0x00425150,unknown,,review,unknown,ghidra-12.1.3-initial-inventory
0x00425190,unknown,,review,unknown,ghidra-12.1.3-initial-inventory
0x004251E0,unknown,,review,unknown,ghidra-12.1.3-initial-inventory
0x00425200,unknown,,review,unknown,ghidra-12.1.3-initial-inventory
0x00425220,unknown,,review,unknown,ghidra-12.1.3-initial-inventory
0x00425270,unknown,,review,unknown,ghidra-12.1.3-initial-inventory
0x004252C0,unknown,,review,unknown,ghidra-12.1.3-initial-inventory
0x00425320,unknown,,review,unknown,ghidra-12.1.3-initial-inventory
0x00425350,unknown,,review,unknown,ghidra-12.1.3-initial-inventory
0x00425380,unknown,,review,unknown,ghidra-12.1.3-initial-inventory
0x004253D0,unknown,,review,unknown,ghidra-12.1.3-initial-inventory
0x004254D0,unknown,,review,unknown,ghidra-12.1.3-initial-inventory
0x00425620,unknown,,review,unknown,ghidra-12.1.3-initial-inventory
0x00425640,unknown,,review,unknown,ghidra-12.1.3-initial-inventory
0x00425710,unknown,,review,unknown,ghidra-12.1.3-initial-inventory
0x004257B0,unknown,,review,unknown,ghidra-12.1.3-initial-inventory
0x00425800,unknown,,review,unknown,ghidra-12.1.3-initial-inventory
0x00425850,unknown,,review,unknown,ghidra-12.1.3-initial-inventory
0x00425870,unknown,,review,unknown,ghidra-12.1.3-initial-inventory
0x004258C0,unknown,,review,unknown,ghidra-12.1.3-initial-inventory
0x004258E0,unknown,,review,unknown,ghidra-12.1.3-initial-inventory
0x00425930,unknown,,review,unknown,ghidra-12.1.3-initial-inventory
0x004259A0,unknown,,review,unknown,ghidra-12.1.3-initial-inventory
0x004259F0,unknown,,review,unknown,ghidra-12.1.3-initial-inventory
0x00425A00,unknown,,review,unknown,ghidra-12.1.3-initial-inventory
0x00425AD0,unknown,,review,unknown,ghidra-12.1.3-initial-inventory
0x00425B60,unknown,,review,unknown,ghidra-12.1.3-initial-inventory
0x00425B70,unknown,,review,unknown,ghidra-12.1.3-initial-inventory
0x00425B90,unknown,,review,unknown,ghidra-12.1.3-initial-inventory
0x00425BB0,unknown,,review,unknown,ghidra-12.1.3-initial-inventory
0x00425C10,unknown,,review,unknown,ghidra-12.1.3-initial-inventory
0x00425C70,unknown,,review,unknown,ghidra-12.1.3-initial-inventory
0x00425CC0,unknown,AnimationHandle,review,pending,"REF-017; Actual four-byte value owner established from Notice array stride4/count7, secondary member and handle resolve/interrupt consumers. Natural zero constructor, complete23-byte canonical replay, no relocations. Authored/compiler origin pending; enclosing Notice/Controller ownership remains unresolved."
0x00425CE0,unknown,SoundEffects,review,pending,"REF-013; docs/REFERENCE_FUNCTION_REVIEW.md; Natural0x208 record constructor, two scalar stores and512-byte memset; full canonical replay, independent memset anchor. Authored/compiler origin pending."
0x00425D20,unknown,SoundEffects,review,pending,"REF-013; docs/REFERENCE_FUNCTION_REVIEW.md; Natural24-byte x86 Channel constructor with six scalar stores, cooldown-1 and receiver return; complete replay. Authored/compiler origin pending."
0x00425D70,unknown,,review,unknown,ghidra-12.1.3-initial-inventory
0x00425FC0,unknown,SoundEffects,review,pending,"REF-013; docs/REFERENCE_FUNCTION_REVIEW.md; Natural0x10C command constructor, three stores and256-byte memset; complete replay and independent memset anchor. Authored/compiler origin pending."
0x00426010,unknown,,review,unknown,ghidra-12.1.3-initial-inventory
0x00426030,unknown,,review,unknown,ghidra-12.1.3-initial-inventory
0x00426050,unknown,,review,unknown,ghidra-12.1.3-initial-inventory
0x004260B0,unknown,,review,unknown,ghidra-12.1.3-initial-inventory
0x004260D0,unknown,,review,unknown,ghidra-12.1.3-initial-inventory
0x004260F0,unknown,,review,unknown,ghidra-12.1.3-initial-inventory
0x00426110,unknown,,review,unknown,ghidra-12.1.3-initial-inventory
0x00426140,unknown,,review,unknown,ghidra-12.1.3-initial-inventory
0x00426170,unknown,,review,unknown,ghidra-12.1.3-initial-inventory
0x004262F0,unknown,,review,unknown,ghidra-12.1.3-initial-inventory
0x00426330,unknown,,review,unknown,ghidra-12.1.3-initial-inventory
0x00426370,unknown,,review,unknown,ghidra-12.1.3-initial-inventory
0x00426390,unknown,,review,unknown,ghidra-12.1.3-initial-inventory
0x004263E0,unknown,,review,unknown,ghidra-12.1.3-initial-inventory
0x00426760,unknown,,review,unknown,ghidra-12.1.3-initial-inventory
0x00426840,unknown,,review,unknown,ghidra-12.1.3-initial-inventory
0x00426890,unknown,,review,unknown,ghidra-12.1.3-initial-inventory
0x00426BE0,unknown,,review,unknown,ghidra-12.1.3-initial-inventory
0x00426C70,unknown,,review,unknown,ghidra-12.1.3-initial-inventory
0x00426D70,unknown,,review,unknown,ghidra-12.1.3-initial-inventory
0x00426EB0,unknown,,review,unknown,ghidra-12.1.3-initial-inventory
0x00426EF0,unknown,,review,unknown,ghidra-12.1.3-initial-inventory
0x00427050,unknown,,review,unknown,ghidra-12.1.3-initial-inventory
0x00427360,unknown,,review,unknown,ghidra-12.1.3-initial-inventory
0x004277F0,unknown,,review,unknown,ghidra-12.1.3-initial-inventory
0x00428380,authored,SoundEffects,authored,high,"REF-013; docs/REFERENCE_FUNCTION_REVIEW.md; Game-specific Channel lifecycle method, conditional COM slot2 Release then null pointer; complete replay. Native array iteration corroborates custom owner. No complete audio runtime claim."
0x004283B0,unknown,,review,unknown,ghidra-12.1.3-initial-inventory
0x00428420,unknown,,review,unknown,ghidra-12.1.3-initial-inventory
0x00428560,unknown,,review,unknown,ghidra-12.1.3-initial-inventory
0x004286B0,unknown,,review,unknown,ghidra-12.1.3-initial-inventory
0x00428810,unknown,,review,unknown,ghidra-12.1.3-initial-inventory
0x00428890,unknown,,review,unknown,ghidra-12.1.3-initial-inventory
0x00428990,unknown,,review,unknown,ghidra-12.1.3-initial-inventory
0x00428A90,unknown,,review,unknown,ghidra-12.1.3-initial-inventory
0x00428AF0,unknown,,review,unknown,ghidra-12.1.3-initial-inventory
0x00428BA0,unknown,,review,unknown,ghidra-12.1.3-initial-inventory
0x00428C40,unknown,,review,unknown,ghidra-12.1.3-initial-inventory
0x00428C60,unknown,,review,unknown,ghidra-12.1.3-initial-inventory
0x00428C80,unknown,,review,unknown,ghidra-12.1.3-initial-inventory
0x00428C90,unknown,,review,unknown,ghidra-12.1.3-initial-inventory
0x00428DE0,unknown,,review,unknown,ghidra-12.1.3-initial-inventory
0x00428E20,unknown,,review,unknown,ghidra-12.1.3-initial-inventory
0x00428E50,unknown,,review,unknown,ghidra-12.1.3-initial-inventory
0x00428E80,unknown,,review,unknown,ghidra-12.1.3-initial-inventory
0x00428EE0,unknown,,review,unknown,ghidra-12.1.3-initial-inventory
0x00428F60,unknown,,review,unknown,ghidra-12.1.3-initial-inventory
0x00428F80,unknown,,review,unknown,ghidra-12.1.3-initial-inventory
0x00428FA0,unknown,,review,unknown,ghidra-12.1.3-initial-inventory
0x00428FC0,unknown,,review,unknown,ghidra-12.1.3-initial-inventory
0x00428FF0,unknown,,review,unknown,ghidra-12.1.3-initial-inventory
0x00429000,unknown,,review,unknown,ghidra-12.1.3-initial-inventory
0x00429040,unknown,,review,unknown,ghidra-12.1.3-initial-inventory
0x00429060,unknown,,review,unknown,ghidra-12.1.3-initial-inventory
0x00429090,unknown,,review,unknown,ghidra-12.1.3-initial-inventory
0x004290F0,unknown,,review,unknown,ghidra-12.1.3-initial-inventory
0x00429120,unknown,,review,unknown,ghidra-12.1.3-initial-inventory
0x00429150,unknown,,review,unknown,ghidra-12.1.3-initial-inventory
0x00429180,unknown,AnimationParameters,review,pending,"EXACT-065: Complete Enemy animation dispatcher (967 instruction and 77 alignment/table bytes), plus 19 actual argument/value/animation parameter bodies: 2218 instruction / 2295 comparison bytes. Actual PMR vector, handle, reference and mixed color/flag protocols independently bind every relocation. Frozen-source 481 units / 90 objects / 88842 disjoint bytes cold-replay. Owned O2/UBSan tests cover all 13 operations, 19 table entries/defaults, ordered reads, handle failure, growth, narrowing, interpolation, layer boundaries and flag retention. Whole 0048C010, laser/callback ownership, queues and whole-game linkage/runtime remain pending. See docs/EXACT_ENEMY_ANIMATION_RECONSTRUCTION.md."
0x004291E0,unknown,IntegerTriple,review,pending,"EXACT-046: shared easing/eight-type interpolation protocol dependency batch. Complete native flow, direct branches/returns, aggregate and scalar ABI, shared heads, constants and dispatch bindings independently audited. Cold strict replay291units/60objects/34844disjointbytes and finite C++20/UBSan curve/state/guard/wrapping/truncation checks pass. Names/origins pending. See docs/EXACT_INTERPOLATION_RECONSTRUCTION.md."
0x00429210,unknown,Angle,review,pending,"REF-030: complete natural shared value/math/member; native complete flow, typed producers/consumers and independent callee/PE literal anchors audited.144-unit/38-object cold canonical replay and C++20/UBSan checks pass. Original names and authored/compiler/shared origins pending. Related884-body reference review remains ongoing; see docs/REFERENCE_PLAYER_BOMB_ITEM_REVIEW.md."
0x00429250,unknown,Vector2,review,pending,"EXACT-046: shared easing/eight-type interpolation protocol dependency batch. Complete native flow, direct branches/returns, aggregate and scalar ABI, shared heads, constants and dispatch bindings independently audited. Cold strict replay291units/60objects/34844disjointbytes and finite C++20/UBSan curve/state/guard/wrapping/truncation checks pass. Names/origins pending. See docs/EXACT_INTERPOLATION_RECONSTRUCTION.md."
0x00429280,unknown,,review,unknown,ghidra-12.1.3-initial-inventory
0x004292A0,unknown,ClockScalar,review,pending,REF-008; Shared float wrapper; explicit authored versus generic/template origin remains pending
0x004292C0,unknown,,review,unknown,ghidra-12.1.3-initial-inventory
0x004292E0,unknown,ClockScalar,review,unknown,REF-002
0x004292F0,unknown,Vector3,review,pending,"REF-018; Actual twelve-byte three-float owner independently established by Card construction, scalar lane producers and native subtraction/scale/add-assignment consumers. Natural shared body; complete canonical extent and constructor-call anchors checked independently before probing. Exact source does not establish original class spelling or authored/compiler/library provenance; origin pending, enclosing Card/Controller remain unresolved."
0x00429340,unknown,IntegerTriple,review,pending,"EXACT-046: shared easing/eight-type interpolation protocol dependency batch. Complete native flow, direct branches/returns, aggregate and scalar ABI, shared heads, constants and dispatch bindings independently audited. Cold strict replay291units/60objects/34844disjointbytes and finite C++20/UBSan curve/state/guard/wrapping/truncation checks pass. Names/origins pending. See docs/EXACT_INTERPOLATION_RECONSTRUCTION.md."
0x00429390,unknown,Angle,review,pending,"EXACT-046: shared easing/eight-type interpolation protocol dependency batch. Complete native flow, direct branches/returns, aggregate and scalar ABI, shared heads, constants and dispatch bindings independently audited. Cold strict replay291units/60objects/34844disjointbytes and finite C++20/UBSan curve/state/guard/wrapping/truncation checks pass. Names/origins pending. See docs/EXACT_INTERPOLATION_RECONSTRUCTION.md."
0x004293C0,unknown,Vector2,review,pending,"EXACT-046: shared easing/eight-type interpolation protocol dependency batch. Complete native flow, direct branches/returns, aggregate and scalar ABI, shared heads, constants and dispatch bindings independently audited. Cold strict replay291units/60objects/34844disjointbytes and finite C++20/UBSan curve/state/guard/wrapping/truncation checks pass. Names/origins pending. See docs/EXACT_INTERPOLATION_RECONSTRUCTION.md."
0x00429400,unknown,Timer,review,pending,"EXACT-046: shared easing/eight-type interpolation protocol dependency batch. Complete native flow, direct branches/returns, aggregate and scalar ABI, shared heads, constants and dispatch bindings independently audited. Cold strict replay291units/60objects/34844disjointbytes and finite C++20/UBSan curve/state/guard/wrapping/truncation checks pass. Names/origins pending. See docs/EXACT_INTERPOLATION_RECONSTRUCTION.md."
0x00429420,unknown,Timer,review,pending,"REF-019; Original sixteen-byte Timer construction and Ending timer member consumers independently establish storage, zero initialization, signed current value/remainder, integer subtraction and postfix dummy-argument wrappers. Complete canonical contributions and actual call anchors checked before probing. Original operator spelling is inferred; authored versus shared generic/compiler origin remains pending. Integer += remains nonexact: natural conversion emits an additional XORPS, 33 versus 31 bytes; no prefix or instruction shaping accepted. Wrapper exactness does not accept that callee or original numerical exception environment."
0x00429440,unknown,Vector3,review,pending,"REF-018; Actual twelve-byte three-float owner independently established by Card construction, scalar lane producers and native subtraction/scale/add-assignment consumers. Natural shared body; complete canonical extent and constructor-call anchors checked independently before probing. Exact source does not establish original class spelling or authored/compiler/library provenance; origin pending, enclosing Card/Controller remain unresolved."
0x004294A0,unknown,IntegerTriple,review,pending,"EXACT-046: shared easing/eight-type interpolation protocol dependency batch. Complete native flow, direct branches/returns, aggregate and scalar ABI, shared heads, constants and dispatch bindings independently audited. Cold strict replay291units/60objects/34844disjointbytes and finite C++20/UBSan curve/state/guard/wrapping/truncation checks pass. Names/origins pending. See docs/EXACT_INTERPOLATION_RECONSTRUCTION.md."
0x004294E0,unknown,Angle,review,pending,"EXACT-045: complete shared Motion protocol dependency batch; independently attested native whole flow, returns, receiver/member offsets, constants, callees and table bindings. Cold strict replay259units/59objects/20892disjointbytes and finite C++20/UBSan protocol tests pass. Original spelling/origin pending. See docs/EXACT_MOTION_RECONSTRUCTION.md."
0x00429520,unknown,Vector2,review,pending,"EXACT-046: shared easing/eight-type interpolation protocol dependency batch. Complete native flow, direct branches/returns, aggregate and scalar ABI, shared heads, constants and dispatch bindings independently audited. Cold strict replay291units/60objects/34844disjointbytes and finite C++20/UBSan curve/state/guard/wrapping/truncation checks pass. Names/origins pending. See docs/EXACT_INTERPOLATION_RECONSTRUCTION.md."
0x00429570,unknown,Vector3,review,pending,"EXACT-045: complete shared Motion protocol dependency batch; independently attested native whole flow, returns, receiver/member offsets, constants, callees and table bindings. Cold strict replay259units/59objects/20892disjointbytes and finite C++20/UBSan protocol tests pass. Original spelling/origin pending. See docs/EXACT_MOTION_RECONSTRUCTION.md."
0x004295D0,unknown,IntegerTriple,review,pending,"EXACT-046: shared easing/eight-type interpolation protocol dependency batch. Complete native flow, direct branches/returns, aggregate and scalar ABI, shared heads, constants and dispatch bindings independently audited. Cold strict replay291units/60objects/34844disjointbytes and finite C++20/UBSan curve/state/guard/wrapping/truncation checks pass. Names/origins pending. See docs/EXACT_INTERPOLATION_RECONSTRUCTION.md."
0x00429610,unknown,Angle,review,pending,"EXACT-046: shared easing/eight-type interpolation protocol dependency batch. Complete native flow, direct branches/returns, aggregate and scalar ABI, shared heads, constants and dispatch bindings independently audited. Cold strict replay291units/60objects/34844disjointbytes and finite C++20/UBSan curve/state/guard/wrapping/truncation checks pass. Names/origins pending. See docs/EXACT_INTERPOLATION_RECONSTRUCTION.md."
0x00429640,unknown,Vector2,review,pending,"EXACT-046: shared easing/eight-type interpolation protocol dependency batch. Complete native flow, direct branches/returns, aggregate and scalar ABI, shared heads, constants and dispatch bindings independently audited. Cold strict replay291units/60objects/34844disjointbytes and finite C++20/UBSan curve/state/guard/wrapping/truncation checks pass. Names/origins pending. See docs/EXACT_INTERPOLATION_RECONSTRUCTION.md."
0x00429690,unknown,Vector3,review,pending,"REF-022; Actual12-byte three-float value owner already independently established. Complete77-byte member429690 multiplies each scalar lane and returns receiver withRET4; original commit46CA40 independently invokes it for position scaling. Natural operator*= body, no relocation fields. Original spelling and authored/compiler/library origin pending; no broader FP exception or enclosing Renderer acceptance."
0x004296E0,unknown,Vector3,review,pending,"REF-018; Actual twelve-byte three-float owner independently established by Card construction, scalar lane producers and native subtraction/scale/add-assignment consumers. Natural shared body; complete canonical extent and constructor-call anchors checked independently before probing. Exact source does not establish original class spelling or authored/compiler/library provenance; origin pending, enclosing Card/Controller remain unresolved."
0x00429740,unknown,Vector3,review,pending,"EXACT-045: complete shared Motion protocol dependency batch; independently attested native whole flow, returns, receiver/member offsets, constants, callees and table bindings. Cold strict replay259units/59objects/20892disjointbytes and finite C++20/UBSan protocol tests pass. Original spelling/origin pending. See docs/EXACT_MOTION_RECONSTRUCTION.md."
0x004297A0,unknown,,review,unknown,ghidra-12.1.3-initial-inventory
0x004297D0,unknown,GameRandom,review,pending,"EXACT-057: Complete whole ECL tick11110instructionbytes plus2nativealignmentbytes and392-byte98-entry jump table, and shared GameRandom angle45bytes. Shared maintained native owners, meaningful scalar parameter lifetimes, full401independent COFF relocation replay, all76distinct heads, constant/global startup producers and dependency definitions corroborated. Full cold graph397units/74objects/74056disjointbytes, bounded owned C++20/UBSan whole-dispatch tests and real math/interpolation pass. Native dependency/lifetime/startup/flags implementation and full-game link/runtime remain open; EnemyState whole41967-byte root is next. See docs/EXACT_ECL_TICK_RECONSTRUCTION.md. Original random utility authorship remains unresolved; excluded from authored credit."
0x00429800,unknown,,review,unknown,ghidra-12.1.3-initial-inventory
0x00429830,authored,GameRandom,authored,high,"REF-008; Original 28-byte game RNG constructor/callers, receiver ABI and fixed field consumers independently reviewed"
0x004298B0,unknown,,review,unknown,ghidra-12.1.3-initial-inventory
0x004298E0,authored,GameRandom,authored,high,"REF-008; Original 28-byte game RNG constructor/callers, receiver ABI and fixed field consumers independently reviewed"
0x00429970,unknown,Interpolation,review,pending,"EXACT-046: shared easing/eight-type interpolation protocol dependency batch. Complete native flow, direct branches/returns, aggregate and scalar ABI, shared heads, constants and dispatch bindings independently audited. Cold strict replay291units/60objects/34844disjointbytes and finite C++20/UBSan curve/state/guard/wrapping/truncation checks pass. Names/origins pending. See docs/EXACT_INTERPOLATION_RECONSTRUCTION.md."
0x00429990,unknown,Interpolation,review,pending,"EXACT-046: shared easing/eight-type interpolation protocol dependency batch. Complete native flow, direct branches/returns, aggregate and scalar ABI, shared heads, constants and dispatch bindings independently audited. Cold strict replay291units/60objects/34844disjointbytes and finite C++20/UBSan curve/state/guard/wrapping/truncation checks pass. Names/origins pending. See docs/EXACT_INTERPOLATION_RECONSTRUCTION.md."
0x004299B0,unknown,Interpolation,review,pending,"EXACT-046: shared easing/eight-type interpolation protocol dependency batch. Complete native flow, direct branches/returns, aggregate and scalar ABI, shared heads, constants and dispatch bindings independently audited. Cold strict replay291units/60objects/34844disjointbytes and finite C++20/UBSan curve/state/guard/wrapping/truncation checks pass. Names/origins pending. See docs/EXACT_INTERPOLATION_RECONSTRUCTION.md."
0x004299D0,unknown,Animation,review,pending,"EXACT-060: Whole typed ANM Base/Animation construction, nontrivial destruction, partial reset/resource release and recursive-scale/extents. Actual value/array/link layout, independent native array destruction, complete flags5 EH, identity-matrix consumers and all relocation definitions audited. Frozen-source full cold replay427 units/79 objects/79802 disjoint bytes; owned C++20/O2/UBSan dirty-reset/retention/parent-scale/NaN/padding/resource-order and nonreturning-path checks pass. Shared aliases/EH support have no extra coverage; new origins pending. Pooled115/native59 remains nonexact; callback/global-data/Controller/Context/file ownership and whole Enemy movement/dispatch/linkage remain open. See docs/EXACT_ANIMATION_LIFETIME_RECONSTRUCTION.md."
0x00429E30,unknown,,review,unknown,ghidra-12.1.3-initial-inventory
0x00429E50,unknown,,review,unknown,ghidra-12.1.3-initial-inventory
0x00429E70,unknown,Timer,review,pending,"REF-019; Original sixteen-byte Timer construction and Ending timer member consumers independently establish storage, zero initialization, signed current value/remainder, integer subtraction and postfix dummy-argument wrappers. Complete canonical contributions and actual call anchors checked before probing. Original operator spelling is inferred; authored versus shared generic/compiler origin remains pending. Integer += remains nonexact: natural conversion emits an additional XORPS, 33 versus 31 bytes; no prefix or instruction shaping accepted. Wrapper exactness does not accept that callee or original numerical exception environment."
0x00429E90,unknown,Interpolation,review,pending,"EXACT-046: shared easing/eight-type interpolation protocol dependency batch. Complete native flow, direct branches/returns, aggregate and scalar ABI, shared heads, constants and dispatch bindings independently audited. Cold strict replay291units/60objects/34844disjointbytes and finite C++20/UBSan curve/state/guard/wrapping/truncation checks pass. Names/origins pending. See docs/EXACT_INTERPOLATION_RECONSTRUCTION.md."
0x0042A110,unknown,Interpolation,review,pending,"EXACT-046: shared easing/eight-type interpolation protocol dependency batch. Complete native flow, direct branches/returns, aggregate and scalar ABI, shared heads, constants and dispatch bindings independently audited. Cold strict replay291units/60objects/34844disjointbytes and finite C++20/UBSan curve/state/guard/wrapping/truncation checks pass. Names/origins pending. See docs/EXACT_INTERPOLATION_RECONSTRUCTION.md."
0x0042A3A0,unknown,Interpolation,review,pending,"EXACT-046: shared easing/eight-type interpolation protocol dependency batch. Complete native flow, direct branches/returns, aggregate and scalar ABI, shared heads, constants and dispatch bindings independently audited. Cold strict replay291units/60objects/34844disjointbytes and finite C++20/UBSan curve/state/guard/wrapping/truncation checks pass. Names/origins pending. See docs/EXACT_INTERPOLATION_RECONSTRUCTION.md."
0x0042A980,unknown,Interpolation,review,pending,"EXACT-046: shared easing/eight-type interpolation protocol dependency batch. Complete native flow, direct branches/returns, aggregate and scalar ABI, shared heads, constants and dispatch bindings independently audited. Cold strict replay291units/60objects/34844disjointbytes and finite C++20/UBSan curve/state/guard/wrapping/truncation checks pass. Names/origins pending. See docs/EXACT_INTERPOLATION_RECONSTRUCTION.md."
0x0042AD80,unknown,Interpolation,review,pending,"EXACT-046: shared easing/eight-type interpolation protocol dependency batch. Complete native flow, direct branches/returns, aggregate and scalar ABI, shared heads, constants and dispatch bindings independently audited. Cold strict replay291units/60objects/34844disjointbytes and finite C++20/UBSan curve/state/guard/wrapping/truncation checks pass. Names/origins pending. See docs/EXACT_INTERPOLATION_RECONSTRUCTION.md."
0x0042B1F0,unknown,Interpolation,review,pending,"EXACT-046: shared easing/eight-type interpolation protocol dependency batch. Complete native flow, direct branches/returns, aggregate and scalar ABI, shared heads, constants and dispatch bindings independently audited. Cold strict replay291units/60objects/34844disjointbytes and finite C++20/UBSan curve/state/guard/wrapping/truncation checks pass. Names/origins pending. See docs/EXACT_INTERPOLATION_RECONSTRUCTION.md."
0x0042B590,unknown,,review,unknown,ghidra-12.1.3-initial-inventory
0x0042B5D0,unknown,,review,unknown,ghidra-12.1.3-initial-inventory
0x00435500,unknown,,review,unknown,ghidra-12.1.3-initial-inventory
0x00435520,unknown,,review,unknown,ghidra-12.1.3-initial-inventory
0x004358D0,unknown,,review,unknown,ghidra-12.1.3-initial-inventory
0x00435C80,unknown,,review,unknown,ghidra-12.1.3-initial-inventory
0x004371D0,unknown,MotionMath,review,pending,"EXACT-045: complete shared Motion protocol dependency batch; independently attested native whole flow, returns, receiver/member offsets, constants, callees and table bindings. Cold strict replay259units/59objects/20892disjointbytes and finite C++20/UBSan protocol tests pass. Original spelling/origin pending. See docs/EXACT_MOTION_RECONSTRUCTION.md."
0x004371F0,unknown,,review,unknown,ghidra-12.1.3-initial-inventory
0x00437220,unknown,,review,unknown,ghidra-12.1.3-initial-inventory
0x00437310,unknown,,review,unknown,ghidra-12.1.3-initial-inventory
0x00437470,unknown,,review,unknown,ghidra-12.1.3-initial-inventory
0x00437490,unknown,,review,unknown,ghidra-12.1.3-initial-inventory
0x004374B0,unknown,,review,unknown,ghidra-12.1.3-initial-inventory
0x00437500,unknown,,review,unknown,ghidra-12.1.3-initial-inventory
0x00437520,unknown,,review,unknown,ghidra-12.1.3-initial-inventory
0x00437540,unknown,Interpolation,review,pending,"EXACT-046: shared easing/eight-type interpolation protocol dependency batch. Complete native flow, direct branches/returns, aggregate and scalar ABI, shared heads, constants and dispatch bindings independently audited. Cold strict replay291units/60objects/34844disjointbytes and finite C++20/UBSan curve/state/guard/wrapping/truncation checks pass. Names/origins pending. See docs/EXACT_INTERPOLATION_RECONSTRUCTION.md."
0x004375A0,unknown,Interpolation,review,pending,"EXACT-046: shared easing/eight-type interpolation protocol dependency batch. Complete native flow, direct branches/returns, aggregate and scalar ABI, shared heads, constants and dispatch bindings independently audited. Cold strict replay291units/60objects/34844disjointbytes and finite C++20/UBSan curve/state/guard/wrapping/truncation checks pass. Names/origins pending. See docs/EXACT_INTERPOLATION_RECONSTRUCTION.md."
0x00437600,unknown,Interpolation,review,pending,"EXACT-046: shared easing/eight-type interpolation protocol dependency batch. Complete native flow, direct branches/returns, aggregate and scalar ABI, shared heads, constants and dispatch bindings independently audited. Cold strict replay291units/60objects/34844disjointbytes and finite C++20/UBSan curve/state/guard/wrapping/truncation checks pass. Names/origins pending. See docs/EXACT_INTERPOLATION_RECONSTRUCTION.md."
0x00437660,unknown,EclAsync,review,pending,"EXACT-082: Seven complete async creation/find/invalidation/Runtime allocation/Loader activation/owned getter contributions add 524 bytes. Frozen 604-unit /115 fresh-object graph strictly replays 104816 disjoint bytes. VM opcode21 now calls mark-only invalidate_async at53E560, distinct from destructive terminate_async at4973C0; real VM/Manager/PMR checks prove deferred destruction. Real call_into preserves signed IDs, skips, descriptor conversions, five-word frames and missing-subroutine retained context. Genuine nonthrowing scalar/member constructors allow ordinary Runtime new T under unchanged EHsc; original annotation spelling is inferred. Existing whole Position/Runtime/Manager lifetimes stay exact. Manager base current_instruction migrates without new physical coverage. Full folded support endpoints have no duplicate credit. Node factory53B410/73, buffer resolution, allocator startup, unused interpolation/frame routes and Enemy movement/opcode/outer retirement remain explicit dependencies. Bit0 wider role and whole root/readers/State tick/Player/runtime remain open. Reference raw interfaces are not imported; all new authored origins remain pending. See docs/EXACT_ECL_ASYNC_RECONSTRUCTION.md."
0x00437680,unknown,,review,unknown,ghidra-12.1.3-initial-inventory
0x004376A0,unknown,,review,unknown,ghidra-12.1.3-initial-inventory
0x004376C0,unknown,,review,unknown,ghidra-12.1.3-initial-inventory
0x004376E0,unknown,,review,unknown,ghidra-12.1.3-initial-inventory
0x00437750,unknown,,review,unknown,ghidra-12.1.3-initial-inventory
0x00437770,unknown,,review,unknown,ghidra-12.1.3-initial-inventory
0x00437840,unknown,,review,unknown,ghidra-12.1.3-initial-inventory
0x00437930,unknown,,review,unknown,ghidra-12.1.3-initial-inventory
0x00437950,unknown,,review,unknown,ghidra-12.1.3-initial-inventory
0x00437970,unknown,,review,unknown,ghidra-12.1.3-initial-inventory
0x004379A0,unknown,,review,unknown,ghidra-12.1.3-initial-inventory
0x004379C0,unknown,,review,unknown,ghidra-12.1.3-initial-inventory
0x004379E0,unknown,,review,unknown,ghidra-12.1.3-initial-inventory
0x00437C80,unknown,,review,unknown,ghidra-12.1.3-initial-inventory
0x00437CA0,unknown,,review,unknown,ghidra-12.1.3-initial-inventory
0x00437CD0,unknown,,review,unknown,ghidra-12.1.3-initial-inventory
0x00437D00,unknown,,review,unknown,ghidra-12.1.3-initial-inventory
0x00437EB0,unknown,,review,unknown,ghidra-12.1.3-initial-inventory
0x00438290,unknown,,review,unknown,ghidra-12.1.3-initial-inventory
0x004382B0,unknown,,review,unknown,ghidra-12.1.3-initial-inventory
0x00438380,unknown,,review,unknown,ghidra-12.1.3-initial-inventory
0x004383A0,unknown,,review,unknown,ghidra-12.1.3-initial-inventory
0x00438500,unknown,EnemyMovement,review,pending,"EXACT-047: current-first/per-axis Enemy interpolation and direct movement dependencies. Complete flow/ABI/native388stride, signed duration, actual indexed float subobjects, shared stop head, constants and caller bindings audited. Cold strict replay299units/60objects/37560disjointbytes and C++20/UBSan mixed-axis/terminal/clock/storage/acceleration checks pass. Names/origins pending. See docs/EXACT_ENEMY_INTERPOLATION_RECONSTRUCTION.md."
0x00438520,unknown,Interpolation,review,pending,"EXACT-047: current-first/per-axis Enemy interpolation and direct movement dependencies. Complete flow/ABI/native388stride, signed duration, actual indexed float subobjects, shared stop head, constants and caller bindings audited. Cold strict replay299units/60objects/37560disjointbytes and C++20/UBSan mixed-axis/terminal/clock/storage/acceleration checks pass. Names/origins pending. See docs/EXACT_ENEMY_INTERPOLATION_RECONSTRUCTION.md."
0x00438540,unknown,Angle,review,pending,"REF-030: complete natural shared value/math/member; native complete flow, typed producers/consumers and independent callee/PE literal anchors audited.144-unit/38-object cold canonical replay and C++20/UBSan checks pass. Original names and authored/compiler/shared origins pending. Related884-body reference review remains ongoing; see docs/REFERENCE_PLAYER_BOMB_ITEM_REVIEW.md."
0x00438600,unknown,,review,unknown,ghidra-12.1.3-initial-inventory
0x00438620,unknown,,review,unknown,ghidra-12.1.3-initial-inventory
0x004388F0,unknown,,review,unknown,ghidra-12.1.3-initial-inventory
0x00438940,unknown,,review,unknown,ghidra-12.1.3-initial-inventory
0x00438A30,unknown,,review,unknown,ghidra-12.1.3-initial-inventory
0x00438A50,unknown,,review,unknown,ghidra-12.1.3-initial-inventory
0x00438A70,unknown,Interpolation,review,pending,"REF-027: complete natural typed value/member contribution, independently decoded whole native routine and owner consumers; canonical129-unit cold replay and dirty-padding/alias/raw-float tests pass. Original names and authored/compiler/shared origins pending; no whole Effect/Special State acceptance. See docs/REFERENCE_EFFECT_SPECIAL_REVIEW.md."
0x00438A90,unknown,,review,unknown,ghidra-12.1.3-initial-inventory
0x00438AC0,unknown,,review,unknown,ghidra-12.1.3-initial-inventory
0x00438AE0,unknown,,review,unknown,ghidra-12.1.3-initial-inventory
0x00438B00,unknown,,review,unknown,ghidra-12.1.3-initial-inventory
0x00438B20,unknown,,review,unknown,ghidra-12.1.3-initial-inventory
0x00438B50,unknown,,review,unknown,ghidra-12.1.3-initial-inventory
0x00438B70,unknown,,review,unknown,ghidra-12.1.3-initial-inventory
0x00438BD0,unknown,,review,unknown,ghidra-12.1.3-initial-inventory
0x00438C60,unknown,,review,unknown,ghidra-12.1.3-initial-inventory
0x00438CC0,unknown,,review,unknown,ghidra-12.1.3-initial-inventory
0x00438D50,unknown,,review,unknown,ghidra-12.1.3-initial-inventory
0x00438DB0,unknown,,review,unknown,ghidra-12.1.3-initial-inventory
0x00438DF0,unknown,,review,unknown,ghidra-12.1.3-initial-inventory
0x00438E30,unknown,,review,unknown,ghidra-12.1.3-initial-inventory
0x00438E70,unknown,,review,unknown,ghidra-12.1.3-initial-inventory
0x00438E90,unknown,,review,unknown,ghidra-12.1.3-initial-inventory
0x00438EB0,unknown,,review,unknown,ghidra-12.1.3-initial-inventory
0x00438F10,unknown,,review,unknown,ghidra-12.1.3-initial-inventory
0x00439280,unknown,,review,unknown,ghidra-12.1.3-initial-inventory
0x004392D0,unknown,,review,unknown,ghidra-12.1.3-initial-inventory
0x00439330,unknown,MotionMath,review,pending,"EXACT-045: complete shared Motion protocol dependency batch; independently attested native whole flow, returns, receiver/member offsets, constants, callees and table bindings. Cold strict replay259units/59objects/20892disjointbytes and finite C++20/UBSan protocol tests pass. Original spelling/origin pending. See docs/EXACT_MOTION_RECONSTRUCTION.md."
0x00439390,unknown,,review,unknown,ghidra-12.1.3-initial-inventory
0x004393D0,unknown,Interpolation,review,pending,"REF-027: complete natural typed value/member contribution, independently decoded whole native routine and owner consumers; canonical129-unit cold replay and dirty-padding/alias/raw-float tests pass. Original names and authored/compiler/shared origins pending; no whole Effect/Special State acceptance. See docs/REFERENCE_EFFECT_SPECIAL_REVIEW.md."
0x004393F0,unknown,Motion,review,pending,"EXACT-050: Damage Region routing/configuration and shared value protocols. Complete receiver flow/AL-bool/full-EAX/RET ABI, actual196-byte Region with72-byte Motion, five shape routes, configuration preservation/alias order and independent callee anchors audited. Cold strict replay343units/65objects/55692disjointbytes and public C++20/UBSan routing/state/alias checks pass. Constructor EH/controller lifetime/names/origins pending. See docs/EXACT_DAMAGE_REGION_RECONSTRUCTION.md."
0x00439420,unknown,,review,unknown,ghidra-12.1.3-initial-inventory
0x00439440,unknown,,review,unknown,ghidra-12.1.3-initial-inventory
0x00439460,unknown,,review,unknown,ghidra-12.1.3-initial-inventory
0x00439480,unknown,,review,unknown,ghidra-12.1.3-initial-inventory
0x004394B0,unknown,,review,unknown,ghidra-12.1.3-initial-inventory
0x004394D0,unknown,Interpolation,review,pending,"REF-027: complete natural typed value/member contribution, independently decoded whole native routine and owner consumers; canonical129-unit cold replay and dirty-padding/alias/raw-float tests pass. Original names and authored/compiler/shared origins pending; no whole Effect/Special State acceptance. See docs/REFERENCE_EFFECT_SPECIAL_REVIEW.md."
0x004394F0,unknown,,review,unknown,ghidra-12.1.3-initial-inventory
0x00439510,unknown,,review,unknown,ghidra-12.1.3-initial-inventory
0x00439530,unknown,MotionMath,review,pending,"EXACT-045: complete shared Motion protocol dependency batch; independently attested native whole flow, returns, receiver/member offsets, constants, callees and table bindings. Cold strict replay259units/59objects/20892disjointbytes and finite C++20/UBSan protocol tests pass. Original spelling/origin pending. See docs/EXACT_MOTION_RECONSTRUCTION.md."
0x00439550,unknown,Interpolation,review,pending,"REF-027: complete natural typed value/member contribution, independently decoded whole native routine and owner consumers; canonical129-unit cold replay and dirty-padding/alias/raw-float tests pass. Original names and authored/compiler/shared origins pending; no whole Effect/Special State acceptance. See docs/REFERENCE_EFFECT_SPECIAL_REVIEW.md."
0x004395B0,unknown,,review,unknown,ghidra-12.1.3-initial-inventory
0x004395D0,unknown,,review,unknown,ghidra-12.1.3-initial-inventory
0x00439640,unknown,,review,unknown,ghidra-12.1.3-initial-inventory
0x004396A0,unknown,,review,unknown,ghidra-12.1.3-initial-inventory
0x004396C0,unknown,MotionMath,review,pending,"EXACT-045: complete shared Motion protocol dependency batch; independently attested native whole flow, returns, receiver/member offsets, constants, callees and table bindings. Cold strict replay259units/59objects/20892disjointbytes and finite C++20/UBSan protocol tests pass. Original spelling/origin pending. See docs/EXACT_MOTION_RECONSTRUCTION.md."
0x00439760,unknown,,review,unknown,ghidra-12.1.3-initial-inventory
0x00439790,unknown,,review,unknown,ghidra-12.1.3-initial-inventory
0x004397C0,unknown,ScalarMath,review,pending,"REF-035: natural complete cdecl float/double CRT wrapper, independent full native decode/caller/CALL/error-name/fallback evidence before anchors;156-unit/44-object cold replay and C++20/UBSan finite identities/quadrants/signed-zero checks pass. Original spelling and authored/compiler/library origin pending; CRT implementation/startup/error/NaN domains not accepted. Gameplay/ECL remaining1147 bodies pending. See docs/REFERENCE_GAMEPLAY_ECL_REVIEW.md."
0x004397F0,unknown,,review,unknown,ghidra-12.1.3-initial-inventory
0x00439820,unknown,ScalarMath,review,pending,"REF-035: natural complete cdecl float/double CRT wrapper, independent full native decode/caller/CALL/error-name/fallback evidence before anchors;156-unit/44-object cold replay and C++20/UBSan finite identities/quadrants/signed-zero checks pass. Original spelling and authored/compiler/library origin pending; CRT implementation/startup/error/NaN domains not accepted. Gameplay/ECL remaining1147 bodies pending. See docs/REFERENCE_GAMEPLAY_ECL_REVIEW.md."
0x00439850,unknown,,review,unknown,ghidra-12.1.3-initial-inventory
0x00439880,unknown,,review,unknown,ghidra-12.1.3-initial-inventory
0x004398A0,unknown,Vector2,review,pending,"REF-028: complete natural value/predicate, independently reconciled whole native routine and owner/call/data consumers; 136-unit canonical cold replay and C++20/UBSan checks pass. Original names and authored/compiler/shared origins pending. Related413-body batch remains ongoing; see docs/REFERENCE_BULLET_LASER_DAMAGE_REVIEW.md."
0x004398D0,unknown,EnemyState,review,pending,"EXACT-058: Complete EnemyState752 lifetime/init, typed animation/queued/bounds records and actual Enemy0x428 dispatcher/argument forwarding protocol. Independent owner producers/consumers, PMR/shared-pointer layouts, 53 relocation definitions and external24.0f consumer audited; full cold replay408/76/75637disjointbytes. Owned C++20/O2/UBSan retention/reset/allocation-release checks pass. Origin remains pending; whole41KB dispatcher, enclosing Enemy lifetime/EH, metadata/controller/global and Runtime dependency implementations remain open. See docs/EXACT_ENEMY_STATE_RECONSTRUCTION.md."
0x00439910,unknown,,review,unknown,ghidra-12.1.3-initial-inventory
0x00439960,unknown,,review,unknown,ghidra-12.1.3-initial-inventory
0x004399B0,unknown,,review,unknown,ghidra-12.1.3-initial-inventory
0x00439A00,unknown,,review,unknown,ghidra-12.1.3-initial-inventory
0x0043A1C0,unknown,,review,unknown,ghidra-12.1.3-initial-inventory
0x0043A2B0,unknown,,review,unknown,ghidra-12.1.3-initial-inventory
0x0043A750,unknown,,review,unknown,ghidra-12.1.3-initial-inventory
0x0043AB20,unknown,,review,unknown,ghidra-12.1.3-initial-inventory
0x0043B0E0,unknown,,review,unknown,ghidra-12.1.3-initial-inventory
0x0043B960,unknown,,review,unknown,ghidra-12.1.3-initial-inventory
0x0043BC60,unknown,,review,unknown,ghidra-12.1.3-initial-inventory
0x0043BE80,unknown,,review,unknown,ghidra-12.1.3-initial-inventory
0x0043C180,unknown,,review,unknown,ghidra-12.1.3-initial-inventory
0x0043C4E0,unknown,,review,unknown,ghidra-12.1.3-initial-inventory
0x0043C780,unknown,,review,unknown,ghidra-12.1.3-initial-inventory
0x0043CB70,unknown,,review,unknown,ghidra-12.1.3-initial-inventory
0x0043CD40,unknown,,review,unknown,ghidra-12.1.3-initial-inventory
0x0043D1A0,unknown,,review,unknown,ghidra-12.1.3-initial-inventory
0x0043D370,unknown,,review,unknown,ghidra-12.1.3-initial-inventory
0x0043D830,unknown,,review,unknown,ghidra-12.1.3-initial-inventory
0x0043D9B0,unknown,,review,unknown,ghidra-12.1.3-initial-inventory
0x0043DCE0,unknown,,review,unknown,ghidra-12.1.3-initial-inventory
0x0043DF30,unknown,,review,unknown,ghidra-12.1.3-initial-inventory
0x0043E2C0,unknown,,review,unknown,ghidra-12.1.3-initial-inventory
0x0043E910,unknown,,review,unknown,ghidra-12.1.3-initial-inventory
0x0043E9B0,unknown,,review,unknown,ghidra-12.1.3-initial-inventory
0x0043EB10,unknown,,review,unknown,ghidra-12.1.3-initial-inventory
0x0043EB40,unknown,,review,unknown,ghidra-12.1.3-initial-inventory
0x0043EF20,unknown,,review,unknown,ghidra-12.1.3-initial-inventory
0x0043F4F0,unknown,,review,unknown,ghidra-12.1.3-initial-inventory
0x0043F520,unknown,,review,unknown,ghidra-12.1.3-initial-inventory
0x0043F550,unknown,,review,unknown,ghidra-12.1.3-initial-inventory
0x0043F5C0,unknown,,review,unknown,ghidra-12.1.3-initial-inventory
0x0043F630,unknown,,review,unknown,ghidra-12.1.3-initial-inventory
0x0043F6A0,unknown,,review,unknown,ghidra-12.1.3-initial-inventory
0x00440310,unknown,,review,unknown,ghidra-12.1.3-initial-inventory
0x00440340,unknown,,review,unknown,ghidra-12.1.3-initial-inventory
0x004408B0,unknown,,review,unknown,ghidra-12.1.3-initial-inventory
0x004413A0,unknown,,review,unknown,ghidra-12.1.3-initial-inventory
0x00441430,unknown,,review,unknown,ghidra-12.1.3-initial-inventory
0x00441C00,unknown,,review,unknown,ghidra-12.1.3-initial-inventory
0x00441F00,unknown,,review,unknown,ghidra-12.1.3-initial-inventory
0x00443020,unknown,,review,unknown,ghidra-12.1.3-initial-inventory
0x00443880,unknown,,review,unknown,ghidra-12.1.3-initial-inventory
0x00445130,unknown,,review,unknown,ghidra-12.1.3-initial-inventory
0x00445350,unknown,,review,unknown,ghidra-12.1.3-initial-inventory
0x004455C0,unknown,,review,unknown,ghidra-12.1.3-initial-inventory
0x00445680,unknown,CollisionGeometry,review,pending,"REF-028: complete natural value/predicate, independently reconciled whole native routine and owner/call/data consumers; 136-unit canonical cold replay and C++20/UBSan checks pass. Original names and authored/compiler/shared origins pending. Related413-body batch remains ongoing; see docs/REFERENCE_BULLET_LASER_DAMAGE_REVIEW.md."
0x004456C0,unknown,,review,unknown,ghidra-12.1.3-initial-inventory
0x004456E0,unknown,,review,unknown,ghidra-12.1.3-initial-inventory
0x00445700,unknown,,review,unknown,ghidra-12.1.3-initial-inventory
0x00445720,unknown,,review,unknown,ghidra-12.1.3-initial-inventory
0x00445770,unknown,,review,unknown,ghidra-12.1.3-initial-inventory
0x00445880,unknown,,review,unknown,ghidra-12.1.3-initial-inventory
0x004458E0,unknown,Animation,review,pending,"EXACT-060: Whole typed ANM Base/Animation construction, nontrivial destruction, partial reset/resource release and recursive-scale/extents. Actual value/array/link layout, independent native array destruction, complete flags5 EH, identity-matrix consumers and all relocation definitions audited. Frozen-source full cold replay427 units/79 objects/79802 disjoint bytes; owned C++20/O2/UBSan dirty-reset/retention/parent-scale/NaN/padding/resource-order and nonreturning-path checks pass. Shared aliases/EH support have no extra coverage; new origins pending. Pooled115/native59 remains nonexact; callback/global-data/Controller/Context/file ownership and whole Enemy movement/dispatch/linkage remain open. See docs/EXACT_ANIMATION_LIFETIME_RECONSTRUCTION.md."
0x00445940,unknown,Animation,review,pending,"EXACT-060: Whole typed ANM Base/Animation construction, nontrivial destruction, partial reset/resource release and recursive-scale/extents. Actual value/array/link layout, independent native array destruction, complete flags5 EH, identity-matrix consumers and all relocation definitions audited. Frozen-source full cold replay427 units/79 objects/79802 disjoint bytes; owned C++20/O2/UBSan dirty-reset/retention/parent-scale/NaN/padding/resource-order and nonreturning-path checks pass. Shared aliases/EH support have no extra coverage; new origins pending. Pooled115/native59 remains nonexact; callback/global-data/Controller/Context/file ownership and whole Enemy movement/dispatch/linkage remain open. See docs/EXACT_ANIMATION_LIFETIME_RECONSTRUCTION.md."
0x004459A0,unknown,Animation,review,pending,"EXACT-060: Whole typed ANM Base/Animation construction, nontrivial destruction, partial reset/resource release and recursive-scale/extents. Actual value/array/link layout, independent native array destruction, complete flags5 EH, identity-matrix consumers and all relocation definitions audited. Frozen-source full cold replay427 units/79 objects/79802 disjoint bytes; owned C++20/O2/UBSan dirty-reset/retention/parent-scale/NaN/padding/resource-order and nonreturning-path checks pass. Shared aliases/EH support have no extra coverage; new origins pending. Pooled115/native59 remains nonexact; callback/global-data/Controller/Context/file ownership and whole Enemy movement/dispatch/linkage remain open. See docs/EXACT_ANIMATION_LIFETIME_RECONSTRUCTION.md."
0x004459D0,unknown,Animation,review,pending,"EXACT-060: Whole typed ANM Base/Animation construction, nontrivial destruction, partial reset/resource release and recursive-scale/extents. Actual value/array/link layout, independent native array destruction, complete flags5 EH, identity-matrix consumers and all relocation definitions audited. Frozen-source full cold replay427 units/79 objects/79802 disjoint bytes; owned C++20/O2/UBSan dirty-reset/retention/parent-scale/NaN/padding/resource-order and nonreturning-path checks pass. Shared aliases/EH support have no extra coverage; new origins pending. Pooled115/native59 remains nonexact; callback/global-data/Controller/Context/file ownership and whole Enemy movement/dispatch/linkage remain open. See docs/EXACT_ANIMATION_LIFETIME_RECONSTRUCTION.md."
0x00445A00,unknown,,review,unknown,ghidra-12.1.3-initial-inventory
0x00445A40,unknown,,review,unknown,ghidra-12.1.3-initial-inventory
0x00445AB0,unknown,,review,unknown,ghidra-12.1.3-initial-inventory
0x00445AD0,unknown,,review,unknown,ghidra-12.1.3-initial-inventory
0x00445B20,unknown,,review,unknown,ghidra-12.1.3-initial-inventory
0x00445B80,unknown,,review,unknown,ghidra-12.1.3-initial-inventory
0x00445BA0,unknown,,review,unknown,ghidra-12.1.3-initial-inventory
0x00445BC0,unknown,,review,unknown,ghidra-12.1.3-initial-inventory
0x00446690,unknown,,review,unknown,ghidra-12.1.3-initial-inventory
0x00446B30,unknown,ScalarMath,review,pending,"REF-035: natural complete cdecl float/double CRT wrapper, independent full native decode/caller/CALL/error-name/fallback evidence before anchors;156-unit/44-object cold replay and C++20/UBSan finite identities/quadrants/signed-zero checks pass. Original spelling and authored/compiler/library origin pending; CRT implementation/startup/error/NaN domains not accepted. Gameplay/ECL remaining1147 bodies pending. See docs/REFERENCE_GAMEPLAY_ECL_REVIEW.md."
0x00446B60,unknown,,review,unknown,ghidra-12.1.3-initial-inventory
0x00446BA0,unknown,,review,unknown,ghidra-12.1.3-initial-inventory
0x00446BC0,unknown,,review,unknown,ghidra-12.1.3-initial-inventory
0x00446BF0,unknown,,review,unknown,ghidra-12.1.3-initial-inventory
0x00446C10,unknown,,review,unknown,ghidra-12.1.3-initial-inventory
0x00446C40,unknown,,review,unknown,ghidra-12.1.3-initial-inventory
0x00446C80,unknown,,review,unknown,ghidra-12.1.3-initial-inventory
0x00446CC0,unknown,,review,unknown,ghidra-12.1.3-initial-inventory
0x00446D30,unknown,,review,unknown,ghidra-12.1.3-initial-inventory
0x00446DA0,unknown,,review,unknown,ghidra-12.1.3-initial-inventory
0x00446DC0,unknown,,review,unknown,ghidra-12.1.3-initial-inventory
0x00446DE0,unknown,,review,unknown,ghidra-12.1.3-initial-inventory
0x00446E00,unknown,,review,unknown,ghidra-12.1.3-initial-inventory
0x00446E40,unknown,,review,unknown,ghidra-12.1.3-initial-inventory
0x00446EA0,unknown,,review,unknown,ghidra-12.1.3-initial-inventory
0x00446EC0,unknown,,review,unknown,ghidra-12.1.3-initial-inventory
0x00446F50,unknown,,review,unknown,ghidra-12.1.3-initial-inventory
0x00446F90,unknown,,review,unknown,ghidra-12.1.3-initial-inventory
0x00447030,unknown,,review,unknown,ghidra-12.1.3-initial-inventory
0x00447050,unknown,,review,unknown,ghidra-12.1.3-initial-inventory
0x00447140,unknown,,review,unknown,ghidra-12.1.3-initial-inventory
0x004471A0,unknown,,review,unknown,ghidra-12.1.3-initial-inventory
0x00447200,unknown,,review,unknown,ghidra-12.1.3-initial-inventory
0x00447250,unknown,,review,unknown,ghidra-12.1.3-initial-inventory
0x004472C0,unknown,,review,unknown,ghidra-12.1.3-initial-inventory
0x00447330,unknown,,review,unknown,ghidra-12.1.3-initial-inventory
0x004473A0,unknown,,review,unknown,ghidra-12.1.3-initial-inventory
0x00447410,unknown,,review,unknown,ghidra-12.1.3-initial-inventory
0x00447480,unknown,,review,unknown,ghidra-12.1.3-initial-inventory
0x00447520,unknown,,review,unknown,ghidra-12.1.3-initial-inventory
0x004475F0,unknown,,review,unknown,ghidra-12.1.3-initial-inventory
0x004476C0,unknown,,review,unknown,ghidra-12.1.3-initial-inventory
0x004477B0,unknown,,review,unknown,ghidra-12.1.3-initial-inventory
0x00447800,unknown,,review,unknown,ghidra-12.1.3-initial-inventory
0x00447850,unknown,,review,unknown,ghidra-12.1.3-initial-inventory
0x00447860,unknown,,review,unknown,ghidra-12.1.3-initial-inventory
0x00447870,unknown,,review,unknown,ghidra-12.1.3-initial-inventory
0x004478B0,unknown,,review,unknown,ghidra-12.1.3-initial-inventory
0x00447920,unknown,,review,unknown,ghidra-12.1.3-initial-inventory
0x00447940,unknown,,review,unknown,ghidra-12.1.3-initial-inventory
0x00447960,unknown,,review,unknown,ghidra-12.1.3-initial-inventory
0x00447980,unknown,Interpolation,review,pending,"REF-042: independently maintained natural Sprite value or cdecl texel contribution. Native nested constructor calls, actual vertex array strides/counts/function pointers, mixed scalar widths and uint16/BGRA channel extraction establish real storage/ABI before probing. All13 complete native ranges PE-decode and agree with attested Ghidra; independent Vector3/Timer/Angle/IntegerTriple/memset destinations anchor canonical relocations. All234units/56coldobjects/17277disjointbytes exact,2613444 independent dirty-guard/default/exhaustive-channel/alias C++20/UBSan checks. Original tags/field roles/origins and full Animation/Controller/Worker/resource/EH ownership remain open. Natural Base707 versus725 rejected, no prefix/facade/compiler-shaping or copied reference source. See docs/REFERENCE_SPRITE_REVIEW.md."
0x004479E0,unknown,Interpolation,review,pending,"REF-027: complete natural typed value/member contribution, independently decoded whole native routine and owner consumers; canonical129-unit cold replay and dirty-padding/alias/raw-float tests pass. Original names and authored/compiler/shared origins pending; no whole Effect/Special State acceptance. See docs/REFERENCE_EFFECT_SPECIAL_REVIEW.md."
0x00447A50,unknown,Interpolation,review,pending,"REF-042: independently maintained natural Sprite value or cdecl texel contribution. Native nested constructor calls, actual vertex array strides/counts/function pointers, mixed scalar widths and uint16/BGRA channel extraction establish real storage/ABI before probing. All13 complete native ranges PE-decode and agree with attested Ghidra; independent Vector3/Timer/Angle/IntegerTriple/memset destinations anchor canonical relocations. All234units/56coldobjects/17277disjointbytes exact,2613444 independent dirty-guard/default/exhaustive-channel/alias C++20/UBSan checks. Original tags/field roles/origins and full Animation/Controller/Worker/resource/EH ownership remain open. Natural Base707 versus725 rejected, no prefix/facade/compiler-shaping or copied reference source. See docs/REFERENCE_SPRITE_REVIEW.md."
0x00447AC0,unknown,Interpolation,review,pending,REF-038: complete natural typed native value constructor; independently decoded full sole-RET flow and original call operands/type consumers establish anchors before probing. All166 units/48 cold objects/11559 disjoint bytes and guarded dirty C++20/UBSan construction/reset pass. Actual Spawn84/Enemy interpolation100/Movement388/Vector2 interpolation64 types; original spelling/origin pending. Identifier32 tail tag/role unknown; shared425CC0 does not prove AnimationHandle and receives no duplicate standalone unit. Full Enemy/allocator/vptr/EH/Services/getter/dispatcher owners remain open. See docs/REFERENCE_ENEMY_MOVEMENT_REVIEW.md.
0x00447B30,unknown,Interpolation,review,pending,"REF-030: complete natural shared value/math/member; native complete flow, typed producers/consumers and independent callee/PE literal anchors audited.144-unit/38-object cold canonical replay and C++20/UBSan checks pass. Original names and authored/compiler/shared origins pending. Related884-body reference review remains ongoing; see docs/REFERENCE_PLAYER_BOMB_ITEM_REVIEW.md."
0x00447BA0,unknown,Interpolation,review,pending,"REF-042: independently maintained natural Sprite value or cdecl texel contribution. Native nested constructor calls, actual vertex array strides/counts/function pointers, mixed scalar widths and uint16/BGRA channel extraction establish real storage/ABI before probing. All13 complete native ranges PE-decode and agree with attested Ghidra; independent Vector3/Timer/Angle/IntegerTriple/memset destinations anchor canonical relocations. All234units/56coldobjects/17277disjointbytes exact,2613444 independent dirty-guard/default/exhaustive-channel/alias C++20/UBSan checks. Original tags/field roles/origins and full Animation/Controller/Worker/resource/EH ownership remain open. Natural Base707 versus725 rejected, no prefix/facade/compiler-shaping or copied reference source. See docs/REFERENCE_SPRITE_REVIEW.md."
0x00447C10,unknown,,review,unknown,ghidra-12.1.3-initial-inventory
0x00447C60,unknown,,review,unknown,ghidra-12.1.3-initial-inventory
0x00447CC0,unknown,,review,unknown,ghidra-12.1.3-initial-inventory
0x00447D20,unknown,,review,unknown,ghidra-12.1.3-initial-inventory
0x00447D40,unknown,,review,unknown,ghidra-12.1.3-initial-inventory
0x00447DC0,unknown,Matrix4,review,pending,"REF-042: independently maintained natural Sprite value or cdecl texel contribution. Native nested constructor calls, actual vertex array strides/counts/function pointers, mixed scalar widths and uint16/BGRA channel extraction establish real storage/ABI before probing. All13 complete native ranges PE-decode and agree with attested Ghidra; independent Vector3/Timer/Angle/IntegerTriple/memset destinations anchor canonical relocations. All234units/56coldobjects/17277disjointbytes exact,2613444 independent dirty-guard/default/exhaustive-channel/alias C++20/UBSan checks. Original tags/field roles/origins and full Animation/Controller/Worker/resource/EH ownership remain open. Natural Base707 versus725 rejected, no prefix/facade/compiler-shaping or copied reference source. See docs/REFERENCE_SPRITE_REVIEW.md."
0x00447DE0,unknown,Angle,review,pending,"REF-030: complete natural shared value/math/member; native complete flow, typed producers/consumers and independent callee/PE literal anchors audited.144-unit/38-object cold canonical replay and C++20/UBSan checks pass. Original names and authored/compiler/shared origins pending. Related884-body reference review remains ongoing; see docs/REFERENCE_PLAYER_BOMB_ITEM_REVIEW.md."
0x00447E00,unknown,,review,unknown,ghidra-12.1.3-initial-inventory
0x004488F0,unknown,,review,unknown,ghidra-12.1.3-initial-inventory
0x004489F0,unknown,,review,unknown,ghidra-12.1.3-initial-inventory
0x00448A30,unknown,AnimationFile,review,pending,"EXACT-061: Whole Enemy movement update1675 and fourteen actual owner/interface functions; native Graphics0xDE8/Viewport0x16C/Configuration0xB0/AnimationFile0x70/Context0x30 and typed parent/controller/file protocol. Independent definitions, SDK/atomic/array/global consumers, complete flags5 EH and strict float-to-double CRT fabs are audited. Full frozen-source cold replay442units/84objects/84017disjointbytes; owned C++20/O2/UBSan movement/order/bounds/initialization checks pass. Fourteen supporting aliases/library/EH contributions have no duplicate credit. New origins pending; whole Enemy dispatcher, unresolved production lifetimes/resolution/spawn/global definitions and whole-game linkage remain open. See docs/EXACT_ENEMY_UPDATE_RECONSTRUCTION.md."
0x00448AF0,unknown,,review,unknown,ghidra-12.1.3-initial-inventory
0x00448B40,unknown,Animation,review,pending,"EXACT-060: Whole typed ANM Base/Animation construction, nontrivial destruction, partial reset/resource release and recursive-scale/extents. Actual value/array/link layout, independent native array destruction, complete flags5 EH, identity-matrix consumers and all relocation definitions audited. Frozen-source full cold replay427 units/79 objects/79802 disjoint bytes; owned C++20/O2/UBSan dirty-reset/retention/parent-scale/NaN/padding/resource-order and nonreturning-path checks pass. Shared aliases/EH support have no extra coverage; new origins pending. Pooled115/native59 remains nonexact; callback/global-data/Controller/Context/file ownership and whole Enemy movement/dispatch/linkage remain open. See docs/EXACT_ANIMATION_LIFETIME_RECONSTRUCTION.md."
0x00448D40,unknown,,review,unknown,ghidra-12.1.3-initial-inventory
0x00448D70,unknown,Animation,review,pending,"EXACT-060: Whole typed ANM Base/Animation construction, nontrivial destruction, partial reset/resource release and recursive-scale/extents. Actual value/array/link layout, independent native array destruction, complete flags5 EH, identity-matrix consumers and all relocation definitions audited. Frozen-source full cold replay427 units/79 objects/79802 disjoint bytes; owned C++20/O2/UBSan dirty-reset/retention/parent-scale/NaN/padding/resource-order and nonreturning-path checks pass. Shared aliases/EH support have no extra coverage; new origins pending. Pooled115/native59 remains nonexact; callback/global-data/Controller/Context/file ownership and whole Enemy movement/dispatch/linkage remain open. See docs/EXACT_ANIMATION_LIFETIME_RECONSTRUCTION.md."
0x00449050,unknown,AnmVariables,review,pending,"REF-042: independently maintained natural Sprite value or cdecl texel contribution. Native nested constructor calls, actual vertex array strides/counts/function pointers, mixed scalar widths and uint16/BGRA channel extraction establish real storage/ABI before probing. All13 complete native ranges PE-decode and agree with attested Ghidra; independent Vector3/Timer/Angle/IntegerTriple/memset destinations anchor canonical relocations. All234units/56coldobjects/17277disjointbytes exact,2613444 independent dirty-guard/default/exhaustive-channel/alias C++20/UBSan checks. Original tags/field roles/origins and full Animation/Controller/Worker/resource/EH ownership remain open. Natural Base707 versus725 rejected, no prefix/facade/compiler-shaping or copied reference source. See docs/REFERENCE_SPRITE_REVIEW.md."
0x00449110,unknown,SpriteVertices,review,pending,"REF-042: independently maintained natural Sprite value or cdecl texel contribution. Native nested constructor calls, actual vertex array strides/counts/function pointers, mixed scalar widths and uint16/BGRA channel extraction establish real storage/ABI before probing. All13 complete native ranges PE-decode and agree with attested Ghidra; independent Vector3/Timer/Angle/IntegerTriple/memset destinations anchor canonical relocations. All234units/56coldobjects/17277disjointbytes exact,2613444 independent dirty-guard/default/exhaustive-channel/alias C++20/UBSan checks. Original tags/field roles/origins and full Animation/Controller/Worker/resource/EH ownership remain open. Natural Base707 versus725 rejected, no prefix/facade/compiler-shaping or copied reference source. See docs/REFERENCE_SPRITE_REVIEW.md."
0x00449140,unknown,SpriteVertices,review,pending,"REF-042: independently maintained natural Sprite value or cdecl texel contribution. Native nested constructor calls, actual vertex array strides/counts/function pointers, mixed scalar widths and uint16/BGRA channel extraction establish real storage/ABI before probing. All13 complete native ranges PE-decode and agree with attested Ghidra; independent Vector3/Timer/Angle/IntegerTriple/memset destinations anchor canonical relocations. All234units/56coldobjects/17277disjointbytes exact,2613444 independent dirty-guard/default/exhaustive-channel/alias C++20/UBSan checks. Original tags/field roles/origins and full Animation/Controller/Worker/resource/EH ownership remain open. Natural Base707 versus725 rejected, no prefix/facade/compiler-shaping or copied reference source. See docs/REFERENCE_SPRITE_REVIEW.md."
0x00449170,unknown,SpriteVertices,review,pending,"REF-042: independently maintained natural Sprite value or cdecl texel contribution. Native nested constructor calls, actual vertex array strides/counts/function pointers, mixed scalar widths and uint16/BGRA channel extraction establish real storage/ABI before probing. All13 complete native ranges PE-decode and agree with attested Ghidra; independent Vector3/Timer/Angle/IntegerTriple/memset destinations anchor canonical relocations. All234units/56coldobjects/17277disjointbytes exact,2613444 independent dirty-guard/default/exhaustive-channel/alias C++20/UBSan checks. Original tags/field roles/origins and full Animation/Controller/Worker/resource/EH ownership remain open. Natural Base707 versus725 rejected, no prefix/facade/compiler-shaping or copied reference source. See docs/REFERENCE_SPRITE_REVIEW.md."
0x004491C0,unknown,,review,unknown,ghidra-12.1.3-initial-inventory
0x004491E0,unknown,,review,unknown,ghidra-12.1.3-initial-inventory
0x00449240,unknown,,review,unknown,ghidra-12.1.3-initial-inventory
0x00449260,unknown,,review,unknown,ghidra-12.1.3-initial-inventory
0x004492F0,unknown,,review,unknown,ghidra-12.1.3-initial-inventory
0x00449310,unknown,,review,unknown,ghidra-12.1.3-initial-inventory
0x00449370,unknown,Animation,review,pending,"EXACT-060: Whole typed ANM Base/Animation construction, nontrivial destruction, partial reset/resource release and recursive-scale/extents. Actual value/array/link layout, independent native array destruction, complete flags5 EH, identity-matrix consumers and all relocation definitions audited. Frozen-source full cold replay427 units/79 objects/79802 disjoint bytes; owned C++20/O2/UBSan dirty-reset/retention/parent-scale/NaN/padding/resource-order and nonreturning-path checks pass. Shared aliases/EH support have no extra coverage; new origins pending. Pooled115/native59 remains nonexact; callback/global-data/Controller/Context/file ownership and whole Enemy movement/dispatch/linkage remain open. See docs/EXACT_ANIMATION_LIFETIME_RECONSTRUCTION.md."
0x004493C0,unknown,,review,unknown,ghidra-12.1.3-initial-inventory
0x004493E0,unknown,,review,unknown,ghidra-12.1.3-initial-inventory
0x00449400,unknown,,review,unknown,ghidra-12.1.3-initial-inventory
0x00449430,unknown,,review,unknown,ghidra-12.1.3-initial-inventory
0x00449460,unknown,,review,unknown,ghidra-12.1.3-initial-inventory
0x00449490,unknown,,review,unknown,ghidra-12.1.3-initial-inventory
0x004494B0,unknown,,review,unknown,ghidra-12.1.3-initial-inventory
0x004494D0,unknown,,review,unknown,ghidra-12.1.3-initial-inventory
0x004494F0,unknown,,review,unknown,ghidra-12.1.3-initial-inventory
0x00449530,unknown,,review,unknown,ghidra-12.1.3-initial-inventory
0x00449570,unknown,,review,unknown,ghidra-12.1.3-initial-inventory
0x004495A0,authored,InputState,authored,high,"REF-019; Physical input frame producer REF-006 establishes current word and thirty-two held counters; independent Ending VM and frame consumers gate the actual counter member on current bits. Original member thiscall, full uint32 result, RET4 and array-index anchor independently established. Valid receiver and indices 0..31; original OS polling and enclosing input controller remain unresolved. Bespoke input methods are distinct from their shared STL array-index callee."
0x004495C0,unknown,,review,unknown,ghidra-12.1.3-initial-inventory
0x00449600,unknown,,review,unknown,ghidra-12.1.3-initial-inventory
0x00449630,unknown,,review,unknown,ghidra-12.1.3-initial-inventory
0x00449690,unknown,,review,unknown,ghidra-12.1.3-initial-inventory
0x004496B0,unknown,,review,unknown,ghidra-12.1.3-initial-inventory
0x00449760,unknown,,review,unknown,ghidra-12.1.3-initial-inventory
0x00449790,unknown,,review,unknown,ghidra-12.1.3-initial-inventory
0x004497D0,unknown,,review,unknown,ghidra-12.1.3-initial-inventory
0x00449870,unknown,,review,unknown,ghidra-12.1.3-initial-inventory
0x00449A70,unknown,,review,unknown,ghidra-12.1.3-initial-inventory
0x00449B20,unknown,,review,unknown,ghidra-12.1.3-initial-inventory
0x00449D20,unknown,,review,unknown,ghidra-12.1.3-initial-inventory
0x00449D80,unknown,,review,unknown,ghidra-12.1.3-initial-inventory
0x00449E40,unknown,,review,unknown,ghidra-12.1.3-initial-inventory
0x00449FA0,unknown,,review,unknown,ghidra-12.1.3-initial-inventory
0x0044A090,unknown,,review,unknown,ghidra-12.1.3-initial-inventory
0x0044A210,unknown,,review,unknown,ghidra-12.1.3-initial-inventory
0x0044A3A0,unknown,,review,unknown,ghidra-12.1.3-initial-inventory
0x0044A500,unknown,,review,unknown,ghidra-12.1.3-initial-inventory
0x0044A5A0,unknown,,review,unknown,ghidra-12.1.3-initial-inventory
0x0044A640,unknown,,review,unknown,ghidra-12.1.3-initial-inventory
0x0044A670,unknown,IntrusiveLink,review,pending,"EXACT-051: Shared typed intrusive link/list/observation protocol, nonthrowing Region construction/update and position/vector dependencies. Native storage/lifecycle/RET/AL/reference/hidden-result ABI, complete handler/FuncInfo flags5 corroboration, whole contributions and independent anchors audited. Full cold strict replay363units/66objects/57534disjointbytes and all22 public C++20/UBSan checks pass. Origin remains unknown; list constructor/reset and controller/retirement/locking remain pending. See docs/EXACT_INTRUSIVE_LIFETIME_RECONSTRUCTION.md."
0x0044A6B0,unknown,,review,unknown,ghidra-12.1.3-initial-inventory
0x0044A700,unknown,,review,unknown,ghidra-12.1.3-initial-inventory
0x0044AB00,unknown,,review,unknown,ghidra-12.1.3-initial-inventory
0x0044AC20,unknown,,review,unknown,ghidra-12.1.3-initial-inventory
0x0044ADD0,unknown,,review,unknown,ghidra-12.1.3-initial-inventory
0x0044B020,unknown,,review,unknown,ghidra-12.1.3-initial-inventory
0x0044B270,unknown,,review,unknown,ghidra-12.1.3-initial-inventory
0x0044B2B0,unknown,,review,unknown,ghidra-12.1.3-initial-inventory
0x0044B320,unknown,,review,unknown,ghidra-12.1.3-initial-inventory
0x0044B350,unknown,,review,unknown,ghidra-12.1.3-initial-inventory
0x0044B380,unknown,,review,unknown,ghidra-12.1.3-initial-inventory
0x0044B3A0,unknown,,review,unknown,ghidra-12.1.3-initial-inventory
0x0044B3D0,unknown,,review,unknown,ghidra-12.1.3-initial-inventory
0x0044B400,unknown,,review,unknown,ghidra-12.1.3-initial-inventory
0x0044B450,unknown,,review,unknown,ghidra-12.1.3-initial-inventory
0x0044B4E0,unknown,,review,unknown,ghidra-12.1.3-initial-inventory
0x0044B530,unknown,,review,unknown,ghidra-12.1.3-initial-inventory
0x0044B550,unknown,,review,unknown,ghidra-12.1.3-initial-inventory
0x0044B5C0,unknown,,review,unknown,ghidra-12.1.3-initial-inventory
0x0044B630,unknown,,review,unknown,ghidra-12.1.3-initial-inventory
0x0044B690,unknown,,review,unknown,ghidra-12.1.3-initial-inventory
0x0044B720,unknown,,review,unknown,ghidra-12.1.3-initial-inventory
0x0044B730,unknown,,review,unknown,ghidra-12.1.3-initial-inventory
0x0044B740,unknown,,review,unknown,ghidra-12.1.3-initial-inventory
0x0044B7D0,unknown,,review,unknown,ghidra-12.1.3-initial-inventory
0x0044B7F0,unknown,,review,unknown,ghidra-12.1.3-initial-inventory
0x0044B840,unknown,,review,unknown,ghidra-12.1.3-initial-inventory
0x0044B890,unknown,,review,unknown,ghidra-12.1.3-initial-inventory
0x0044B8E0,unknown,,review,unknown,ghidra-12.1.3-initial-inventory
0x0044B930,unknown,,review,unknown,ghidra-12.1.3-initial-inventory
0x0044B970,unknown,,review,unknown,ghidra-12.1.3-initial-inventory
0x0044B9F0,unknown,,review,unknown,ghidra-12.1.3-initial-inventory
0x0044BAF0,unknown,,review,unknown,ghidra-12.1.3-initial-inventory
0x0044BB10,unknown,,review,unknown,ghidra-12.1.3-initial-inventory
0x0044BCD0,unknown,,review,unknown,ghidra-12.1.3-initial-inventory
0x0044BD50,unknown,,review,unknown,ghidra-12.1.3-initial-inventory
0x0044BD70,unknown,,review,unknown,ghidra-12.1.3-initial-inventory
0x0044BDC0,unknown,,review,unknown,ghidra-12.1.3-initial-inventory
0x0044BE00,unknown,,review,unknown,ghidra-12.1.3-initial-inventory
0x0044BE40,unknown,,review,unknown,ghidra-12.1.3-initial-inventory
0x0044C090,unknown,PlayerRecord,review,pending,"REF-041: complete natural member on genuine PlayerRecord240, independently established through native array stride240/count2/constructor pointer, mixed scalar/byte fields and64-bit score/power consumers. All48 native ranges fully PE decode and agree with attested Ghidra;45 setter widths/offsets/clamp constants/RET4/calls verified independently. Native clamp471170 anchor precedes bulk probes. Complete221unit/51coldobject/15890byte canonical replay and24080 guarded/default/edge/full-byte C++20/UBSan checks pass. Two already canonical shared setter heads excluded from new credit. Original names/field roles/alignment declaration/origin and full Table/Session/Game/HUD/worker/resource owners remain open. No prefix, facade, copied reference source or helper credit. See docs/REFERENCE_GAME_LOADING_REVIEW.md."
0x0044C0B0,unknown,,review,unknown,ghidra-12.1.3-initial-inventory
0x0044C150,unknown,,review,unknown,ghidra-12.1.3-initial-inventory
0x0044C1E0,unknown,,review,unknown,ghidra-12.1.3-initial-inventory
0x0044C240,unknown,Animation,review,pending,"EXACT-060: Whole typed ANM Base/Animation construction, nontrivial destruction, partial reset/resource release and recursive-scale/extents. Actual value/array/link layout, independent native array destruction, complete flags5 EH, identity-matrix consumers and all relocation definitions audited. Frozen-source full cold replay427 units/79 objects/79802 disjoint bytes; owned C++20/O2/UBSan dirty-reset/retention/parent-scale/NaN/padding/resource-order and nonreturning-path checks pass. Shared aliases/EH support have no extra coverage; new origins pending. Pooled115/native59 remains nonexact; callback/global-data/Controller/Context/file ownership and whole Enemy movement/dispatch/linkage remain open. See docs/EXACT_ANIMATION_LIFETIME_RECONSTRUCTION.md."
0x0044C2F0,unknown,,review,unknown,ghidra-12.1.3-initial-inventory
0x0044C430,unknown,,review,unknown,ghidra-12.1.3-initial-inventory
0x0044C510,unknown,,review,unknown,ghidra-12.1.3-initial-inventory
0x0044C570,unknown,,review,unknown,ghidra-12.1.3-initial-inventory
0x0044C590,unknown,,review,unknown,ghidra-12.1.3-initial-inventory
0x0044C5F0,unknown,,review,unknown,ghidra-12.1.3-initial-inventory
0x0044C650,unknown,,review,unknown,ghidra-12.1.3-initial-inventory
0x0044C670,unknown,,review,unknown,ghidra-12.1.3-initial-inventory
0x0044C6B0,unknown,,review,unknown,ghidra-12.1.3-initial-inventory
0x0044C7B0,unknown,,review,unknown,ghidra-12.1.3-initial-inventory
0x0044C830,unknown,,review,unknown,ghidra-12.1.3-initial-inventory
0x0044C8A0,unknown,,review,unknown,ghidra-12.1.3-initial-inventory
0x0044C8C0,unknown,,review,unknown,ghidra-12.1.3-initial-inventory
0x0044C8F0,unknown,,review,unknown,ghidra-12.1.3-initial-inventory
0x0044C9B0,unknown,,review,unknown,ghidra-12.1.3-initial-inventory
0x0044CAE0,unknown,,review,unknown,ghidra-12.1.3-initial-inventory
0x0044CB00,unknown,,review,unknown,ghidra-12.1.3-initial-inventory
0x0044CB20,unknown,AnimationParameters,review,pending,"EXACT-065: Complete Enemy animation dispatcher (967 instruction and 77 alignment/table bytes), plus 19 actual argument/value/animation parameter bodies: 2218 instruction / 2295 comparison bytes. Actual PMR vector, handle, reference and mixed color/flag protocols independently bind every relocation. Frozen-source 481 units / 90 objects / 88842 disjoint bytes cold-replay. Owned O2/UBSan tests cover all 13 operations, 19 table entries/defaults, ordered reads, handle failure, growth, narrowing, interpolation, layer boundaries and flag retention. Whole 0048C010, laser/callback ownership, queues and whole-game linkage/runtime remain pending. See docs/EXACT_ENEMY_ANIMATION_RECONSTRUCTION.md."
0x0044CB40,unknown,,review,unknown,ghidra-12.1.3-initial-inventory
0x0044CB60,unknown,Animation,review,pending,"EXACT-060: Whole typed ANM Base/Animation construction, nontrivial destruction, partial reset/resource release and recursive-scale/extents. Actual value/array/link layout, independent native array destruction, complete flags5 EH, identity-matrix consumers and all relocation definitions audited. Frozen-source full cold replay427 units/79 objects/79802 disjoint bytes; owned C++20/O2/UBSan dirty-reset/retention/parent-scale/NaN/padding/resource-order and nonreturning-path checks pass. Shared aliases/EH support have no extra coverage; new origins pending. Pooled115/native59 remains nonexact; callback/global-data/Controller/Context/file ownership and whole Enemy movement/dispatch/linkage remain open. See docs/EXACT_ANIMATION_LIFETIME_RECONSTRUCTION.md."
0x0044CB80,unknown,,review,unknown,ghidra-12.1.3-initial-inventory
0x0044CC70,unknown,,review,unknown,ghidra-12.1.3-initial-inventory
0x0044CCA0,unknown,AnimationParameters,review,pending,"EXACT-065: Complete Enemy animation dispatcher (967 instruction and 77 alignment/table bytes), plus 19 actual argument/value/animation parameter bodies: 2218 instruction / 2295 comparison bytes. Actual PMR vector, handle, reference and mixed color/flag protocols independently bind every relocation. Frozen-source 481 units / 90 objects / 88842 disjoint bytes cold-replay. Owned O2/UBSan tests cover all 13 operations, 19 table entries/defaults, ordered reads, handle failure, growth, narrowing, interpolation, layer boundaries and flag retention. Whole 0048C010, laser/callback ownership, queues and whole-game linkage/runtime remain pending. See docs/EXACT_ENEMY_ANIMATION_RECONSTRUCTION.md."
0x0044CCC0,unknown,,review,unknown,ghidra-12.1.3-initial-inventory
0x0044CCE0,unknown,,review,unknown,ghidra-12.1.3-initial-inventory
0x0044CD00,unknown,,review,unknown,ghidra-12.1.3-initial-inventory
0x0044CED0,unknown,,review,unknown,ghidra-12.1.3-initial-inventory
0x0044CF10,unknown,,review,unknown,ghidra-12.1.3-initial-inventory
0x0044CF50,unknown,,review,unknown,ghidra-12.1.3-initial-inventory
0x0044CFB0,unknown,,review,unknown,ghidra-12.1.3-initial-inventory
0x0044D000,unknown,,review,unknown,ghidra-12.1.3-initial-inventory
0x0044D020,unknown,,review,unknown,ghidra-12.1.3-initial-inventory
0x0044D880,unknown,,review,unknown,ghidra-12.1.3-initial-inventory
0x0044D970,unknown,,review,unknown,ghidra-12.1.3-initial-inventory
0x0044D9D0,unknown,,review,unknown,ghidra-12.1.3-initial-inventory
0x0044DC20,unknown,,review,unknown,ghidra-12.1.3-initial-inventory
0x0044DD50,unknown,,review,unknown,ghidra-12.1.3-initial-inventory
0x0044DD60,unknown,,review,unknown,ghidra-12.1.3-initial-inventory
0x0044DDE0,unknown,,review,unknown,ghidra-12.1.3-initial-inventory
0x0044DFB0,unknown,,review,unknown,ghidra-12.1.3-initial-inventory
0x0044E150,unknown,,review,unknown,ghidra-12.1.3-initial-inventory
0x0044E350,unknown,,review,unknown,ghidra-12.1.3-initial-inventory
0x0044E8F0,unknown,,review,unknown,ghidra-12.1.3-initial-inventory
0x0044EB30,unknown,,review,unknown,ghidra-12.1.3-initial-inventory
0x0044EBF0,unknown,,review,unknown,ghidra-12.1.3-initial-inventory
0x0044ED40,unknown,,review,unknown,ghidra-12.1.3-initial-inventory
0x0044EE50,unknown,,review,unknown,ghidra-12.1.3-initial-inventory
0x0044EE70,unknown,,review,unknown,ghidra-12.1.3-initial-inventory
0x0044EE90,unknown,,review,unknown,ghidra-12.1.3-initial-inventory
0x0044EF90,unknown,,review,unknown,ghidra-12.1.3-initial-inventory
0x0044EFC0,unknown,,review,unknown,ghidra-12.1.3-initial-inventory
0x0044F0D0,unknown,,review,unknown,ghidra-12.1.3-initial-inventory
0x0044F100,unknown,,review,unknown,ghidra-12.1.3-initial-inventory
0x0044F130,unknown,,review,unknown,ghidra-12.1.3-initial-inventory
0x0044F170,unknown,,review,unknown,ghidra-12.1.3-initial-inventory
0x0044F280,unknown,,review,unknown,ghidra-12.1.3-initial-inventory
0x0044F2C0,unknown,,review,unknown,ghidra-12.1.3-initial-inventory
0x0044F3D0,unknown,,review,unknown,ghidra-12.1.3-initial-inventory
0x0044F700,unknown,,review,unknown,ghidra-12.1.3-initial-inventory
0x0044F720,unknown,,review,unknown,ghidra-12.1.3-initial-inventory
0x0044F840,unknown,,review,unknown,ghidra-12.1.3-initial-inventory
0x0044F9E0,unknown,,review,unknown,ghidra-12.1.3-initial-inventory
0x0044FA10,unknown,,review,unknown,ghidra-12.1.3-initial-inventory
0x0044FA30,unknown,,review,unknown,ghidra-12.1.3-initial-inventory
0x0044FA70,unknown,,review,unknown,ghidra-12.1.3-initial-inventory
0x0044FB80,unknown,,review,unknown,ghidra-12.1.3-initial-inventory
0x0044FCA0,unknown,,review,unknown,ghidra-12.1.3-initial-inventory
0x0044FCD0,unknown,,review,unknown,ghidra-12.1.3-initial-inventory
0x0044FD00,unknown,,review,unknown,ghidra-12.1.3-initial-inventory
0x0044FD30,unknown,,review,unknown,ghidra-12.1.3-initial-inventory
0x0044FFF0,unknown,,review,unknown,ghidra-12.1.3-initial-inventory
0x00450120,unknown,,review,unknown,ghidra-12.1.3-initial-inventory
0x00450160,unknown,,review,unknown,ghidra-12.1.3-initial-inventory
0x00450270,unknown,,review,unknown,ghidra-12.1.3-initial-inventory
0x004502C0,unknown,,review,unknown,ghidra-12.1.3-initial-inventory
0x004502F0,unknown,,review,unknown,ghidra-12.1.3-initial-inventory
0x00450320,unknown,,review,unknown,ghidra-12.1.3-initial-inventory
0x00450350,unknown,AnimationParameters,review,pending,"EXACT-065: Complete Enemy animation dispatcher (967 instruction and 77 alignment/table bytes), plus 19 actual argument/value/animation parameter bodies: 2218 instruction / 2295 comparison bytes. Actual PMR vector, handle, reference and mixed color/flag protocols independently bind every relocation. Frozen-source 481 units / 90 objects / 88842 disjoint bytes cold-replay. Owned O2/UBSan tests cover all 13 operations, 19 table entries/defaults, ordered reads, handle failure, growth, narrowing, interpolation, layer boundaries and flag retention. Whole 0048C010, laser/callback ownership, queues and whole-game linkage/runtime remain pending. See docs/EXACT_ENEMY_ANIMATION_RECONSTRUCTION.md."
0x00450430,unknown,,review,unknown,ghidra-12.1.3-initial-inventory
0x00450460,unknown,,review,unknown,ghidra-12.1.3-initial-inventory
0x00450490,unknown,,review,unknown,ghidra-12.1.3-initial-inventory
0x004504C0,unknown,,review,unknown,ghidra-12.1.3-initial-inventory
0x004504F0,unknown,,review,unknown,ghidra-12.1.3-initial-inventory
0x00450520,unknown,,review,unknown,ghidra-12.1.3-initial-inventory
0x00450560,unknown,,review,unknown,ghidra-12.1.3-initial-inventory
0x00450590,unknown,AnimationParameters,review,pending,"EXACT-065: Complete Enemy animation dispatcher (967 instruction and 77 alignment/table bytes), plus 19 actual argument/value/animation parameter bodies: 2218 instruction / 2295 comparison bytes. Actual PMR vector, handle, reference and mixed color/flag protocols independently bind every relocation. Frozen-source 481 units / 90 objects / 88842 disjoint bytes cold-replay. Owned O2/UBSan tests cover all 13 operations, 19 table entries/defaults, ordered reads, handle failure, growth, narrowing, interpolation, layer boundaries and flag retention. Whole 0048C010, laser/callback ownership, queues and whole-game linkage/runtime remain pending. See docs/EXACT_ENEMY_ANIMATION_RECONSTRUCTION.md."
0x004505C0,unknown,AnimationParameters,review,pending,"EXACT-065: Complete Enemy animation dispatcher (967 instruction and 77 alignment/table bytes), plus 19 actual argument/value/animation parameter bodies: 2218 instruction / 2295 comparison bytes. Actual PMR vector, handle, reference and mixed color/flag protocols independently bind every relocation. Frozen-source 481 units / 90 objects / 88842 disjoint bytes cold-replay. Owned O2/UBSan tests cover all 13 operations, 19 table entries/defaults, ordered reads, handle failure, growth, narrowing, interpolation, layer boundaries and flag retention. Whole 0048C010, laser/callback ownership, queues and whole-game linkage/runtime remain pending. See docs/EXACT_ENEMY_ANIMATION_RECONSTRUCTION.md."
0x004505F0,unknown,,review,unknown,ghidra-12.1.3-initial-inventory
0x00450630,unknown,,review,unknown,ghidra-12.1.3-initial-inventory
0x00450670,unknown,,review,unknown,ghidra-12.1.3-initial-inventory
0x004506B0,unknown,,review,unknown,ghidra-12.1.3-initial-inventory
0x004506F0,unknown,,review,unknown,ghidra-12.1.3-initial-inventory
0x00450850,unknown,,review,unknown,ghidra-12.1.3-initial-inventory
0x00450870,unknown,,review,unknown,ghidra-12.1.3-initial-inventory
0x00450880,unknown,,review,unknown,ghidra-12.1.3-initial-inventory
0x004508C0,unknown,,review,unknown,ghidra-12.1.3-initial-inventory
0x004508D0,unknown,,review,unknown,ghidra-12.1.3-initial-inventory
0x004508E0,unknown,,review,unknown,ghidra-12.1.3-initial-inventory
0x004508F0,unknown,,review,unknown,ghidra-12.1.3-initial-inventory
0x00450900,unknown,,review,unknown,ghidra-12.1.3-initial-inventory
0x00450910,unknown,,review,unknown,ghidra-12.1.3-initial-inventory
0x00450920,unknown,,review,unknown,ghidra-12.1.3-initial-inventory
0x00450930,unknown,,review,unknown,ghidra-12.1.3-initial-inventory
0x00450940,unknown,,review,unknown,ghidra-12.1.3-initial-inventory
0x00450950,unknown,,review,unknown,ghidra-12.1.3-initial-inventory
0x00450960,unknown,,review,unknown,ghidra-12.1.3-initial-inventory
0x00450970,unknown,,review,unknown,ghidra-12.1.3-initial-inventory
0x00450980,unknown,,review,unknown,ghidra-12.1.3-initial-inventory
0x00450990,unknown,,review,unknown,ghidra-12.1.3-initial-inventory
0x004509A0,unknown,,review,unknown,ghidra-12.1.3-initial-inventory
0x004509B0,unknown,,review,unknown,ghidra-12.1.3-initial-inventory
0x004509C0,unknown,,review,unknown,ghidra-12.1.3-initial-inventory
0x004509D0,unknown,,review,unknown,ghidra-12.1.3-initial-inventory
0x004509E0,unknown,,review,unknown,ghidra-12.1.3-initial-inventory
0x004509F0,unknown,,review,unknown,ghidra-12.1.3-initial-inventory
0x00450A00,unknown,,review,unknown,ghidra-12.1.3-initial-inventory
0x00450A10,unknown,,review,unknown,ghidra-12.1.3-initial-inventory
0x00450A30,unknown,,review,unknown,ghidra-12.1.3-initial-inventory
0x00450A40,unknown,,review,unknown,ghidra-12.1.3-initial-inventory
0x00450A50,unknown,,review,unknown,ghidra-12.1.3-initial-inventory
0x00450A70,unknown,,review,unknown,ghidra-12.1.3-initial-inventory
0x00450A80,unknown,,review,unknown,ghidra-12.1.3-initial-inventory
0x00450A90,unknown,,review,unknown,ghidra-12.1.3-initial-inventory
0x00450AB0,unknown,,review,unknown,ghidra-12.1.3-initial-inventory
0x00450AC0,unknown,,review,unknown,ghidra-12.1.3-initial-inventory
0x00450AE0,unknown,,review,unknown,ghidra-12.1.3-initial-inventory
0x00450AF0,unknown,,review,unknown,ghidra-12.1.3-initial-inventory
0x00450B10,unknown,,review,unknown,ghidra-12.1.3-initial-inventory
0x00450B20,unknown,,review,unknown,ghidra-12.1.3-initial-inventory
0x00450B30,unknown,,review,unknown,ghidra-12.1.3-initial-inventory
0x00450B40,unknown,,review,unknown,ghidra-12.1.3-initial-inventory
0x00450B60,unknown,,review,unknown,ghidra-12.1.3-initial-inventory
0x00450B70,unknown,,review,unknown,ghidra-12.1.3-initial-inventory
0x00450B90,unknown,,review,unknown,ghidra-12.1.3-initial-inventory
0x00450BA0,unknown,,review,unknown,ghidra-12.1.3-initial-inventory
0x00450BB0,unknown,,review,unknown,ghidra-12.1.3-initial-inventory
0x00450BC0,unknown,,review,unknown,ghidra-12.1.3-initial-inventory
0x00450BD0,unknown,,review,unknown,ghidra-12.1.3-initial-inventory
0x00450BE0,unknown,,review,unknown,ghidra-12.1.3-initial-inventory
0x00450BF0,unknown,,review,unknown,ghidra-12.1.3-initial-inventory
0x00450C00,unknown,,review,unknown,ghidra-12.1.3-initial-inventory
0x00450C10,unknown,,review,unknown,ghidra-12.1.3-initial-inventory
0x00450C30,unknown,,review,unknown,ghidra-12.1.3-initial-inventory
0x00450C40,unknown,,review,unknown,ghidra-12.1.3-initial-inventory
0x00450C50,unknown,,review,unknown,ghidra-12.1.3-initial-inventory
0x00450C60,unknown,,review,unknown,ghidra-12.1.3-initial-inventory
0x00450C70,unknown,,review,unknown,ghidra-12.1.3-initial-inventory
0x00450CB0,unknown,,review,unknown,ghidra-12.1.3-initial-inventory
0x00451050,unknown,,review,unknown,ghidra-12.1.3-initial-inventory
0x004512B0,unknown,,review,unknown,ghidra-12.1.3-initial-inventory
0x00451520,unknown,,review,unknown,ghidra-12.1.3-initial-inventory
0x00451580,unknown,,review,unknown,ghidra-12.1.3-initial-inventory
0x004515E0,unknown,,review,unknown,ghidra-12.1.3-initial-inventory
0x00451620,unknown,,review,unknown,ghidra-12.1.3-initial-inventory
0x00451640,unknown,TextureTexels,review,pending,"REF-042: independently maintained natural Sprite value or cdecl texel contribution. Native nested constructor calls, actual vertex array strides/counts/function pointers, mixed scalar widths and uint16/BGRA channel extraction establish real storage/ABI before probing. All13 complete native ranges PE-decode and agree with attested Ghidra; independent Vector3/Timer/Angle/IntegerTriple/memset destinations anchor canonical relocations. All234units/56coldobjects/17277disjointbytes exact,2613444 independent dirty-guard/default/exhaustive-channel/alias C++20/UBSan checks. Original tags/field roles/origins and full Animation/Controller/Worker/resource/EH ownership remain open. Natural Base707 versus725 rejected, no prefix/facade/compiler-shaping or copied reference source. See docs/REFERENCE_SPRITE_REVIEW.md."
0x00451700,unknown,TextureTexels,review,pending,"REF-042: independently maintained natural Sprite value or cdecl texel contribution. Native nested constructor calls, actual vertex array strides/counts/function pointers, mixed scalar widths and uint16/BGRA channel extraction establish real storage/ABI before probing. All13 complete native ranges PE-decode and agree with attested Ghidra; independent Vector3/Timer/Angle/IntegerTriple/memset destinations anchor canonical relocations. All234units/56coldobjects/17277disjointbytes exact,2613444 independent dirty-guard/default/exhaustive-channel/alias C++20/UBSan checks. Original tags/field roles/origins and full Animation/Controller/Worker/resource/EH ownership remain open. Natural Base707 versus725 rejected, no prefix/facade/compiler-shaping or copied reference source. See docs/REFERENCE_SPRITE_REVIEW.md."
0x004517C0,unknown,TextureTexels,review,pending,"REF-042: independently maintained natural Sprite value or cdecl texel contribution. Native nested constructor calls, actual vertex array strides/counts/function pointers, mixed scalar widths and uint16/BGRA channel extraction establish real storage/ABI before probing. All13 complete native ranges PE-decode and agree with attested Ghidra; independent Vector3/Timer/Angle/IntegerTriple/memset destinations anchor canonical relocations. All234units/56coldobjects/17277disjointbytes exact,2613444 independent dirty-guard/default/exhaustive-channel/alias C++20/UBSan checks. Original tags/field roles/origins and full Animation/Controller/Worker/resource/EH ownership remain open. Natural Base707 versus725 rejected, no prefix/facade/compiler-shaping or copied reference source. See docs/REFERENCE_SPRITE_REVIEW.md."
0x00451880,unknown,TextureTexels,review,pending,"REF-042: independently maintained natural Sprite value or cdecl texel contribution. Native nested constructor calls, actual vertex array strides/counts/function pointers, mixed scalar widths and uint16/BGRA channel extraction establish real storage/ABI before probing. All13 complete native ranges PE-decode and agree with attested Ghidra; independent Vector3/Timer/Angle/IntegerTriple/memset destinations anchor canonical relocations. All234units/56coldobjects/17277disjointbytes exact,2613444 independent dirty-guard/default/exhaustive-channel/alias C++20/UBSan checks. Original tags/field roles/origins and full Animation/Controller/Worker/resource/EH ownership remain open. Natural Base707 versus725 rejected, no prefix/facade/compiler-shaping or copied reference source. See docs/REFERENCE_SPRITE_REVIEW.md."
0x00451910,unknown,,review,unknown,ghidra-12.1.3-initial-inventory
0x00452400,unknown,,review,unknown,ghidra-12.1.3-initial-inventory
0x00452450,unknown,,review,unknown,ghidra-12.1.3-initial-inventory
0x00452490,unknown,,review,unknown,ghidra-12.1.3-initial-inventory
0x004524F0,unknown,,review,unknown,ghidra-12.1.3-initial-inventory
0x004527D0,unknown,,review,unknown,ghidra-12.1.3-initial-inventory
0x00452C20,unknown,,review,unknown,ghidra-12.1.3-initial-inventory
0x00452D60,unknown,,review,unknown,ghidra-12.1.3-initial-inventory
0x00452D80,unknown,,review,unknown,ghidra-12.1.3-initial-inventory
0x00452DD0,unknown,,review,unknown,ghidra-12.1.3-initial-inventory
0x00452E00,unknown,LockRegistry,review,pending,"EXACT-052: Shared FunctionChainNode construction/access, real recursive-mutex registry and locked GameRandom seed/next protocol. Complete native boundaries, callers, mutex/engine dependencies and independent relocation anchors audited. Full cold strict replay 372 units/67 objects/58232 disjoint bytes; owned C++20/UBSan recursion, cross-thread locking and seeded stream checks pass. Origin remains unknown; controller dispatch, iterator initialization policy and production global/thread lifetime stay pending. See docs/EXACT_LOCK_RANDOM_RECONSTRUCTION.md."
0x00452E40,unknown,,review,unknown,ghidra-12.1.3-initial-inventory
0x00452EE0,unknown,,review,unknown,ghidra-12.1.3-initial-inventory
0x00452F00,unknown,,review,unknown,ghidra-12.1.3-initial-inventory
0x00452F20,unknown,Angle,review,pending,"EXACT-045: complete shared Motion protocol dependency batch; independently attested native whole flow, returns, receiver/member offsets, constants, callees and table bindings. Cold strict replay259units/59objects/20892disjointbytes and finite C++20/UBSan protocol tests pass. Original spelling/origin pending. See docs/EXACT_MOTION_RECONSTRUCTION.md."
0x00452F50,unknown,ClockScalar,review,unknown,REF-002
0x00452F80,unknown,,review,unknown,ghidra-12.1.3-initial-inventory
0x00452FC0,unknown,Angle,review,pending,"EXACT-045: complete shared Motion protocol dependency batch; independently attested native whole flow, returns, receiver/member offsets, constants, callees and table bindings. Cold strict replay259units/59objects/20892disjointbytes and finite C++20/UBSan protocol tests pass. Original spelling/origin pending. See docs/EXACT_MOTION_RECONSTRUCTION.md."
0x00452FF0,unknown,Vector3,review,pending,"EXACT-048: native collision shapes and vector dependencies. Complete flow/AL-cdecl or actual member ABI, actual Vector3 arrays, threshold0.01, finite sampling, signed count, collinear quirks and independent constants/callee/iterator anchors audited. Cold strict replay309units/61objects/41401disjointbytes and public C++20/UBSan geometry/threshold/alias/boundary checks pass. Names/origins pending. See docs/EXACT_COLLISION_SHAPES_RECONSTRUCTION.md."
0x00453040,unknown,,review,unknown,ghidra-12.1.3-initial-inventory
0x004530A0,unknown,,review,unknown,ghidra-12.1.3-initial-inventory
0x004530C0,unknown,Angle,review,pending,"EXACT-045: complete shared Motion protocol dependency batch; independently attested native whole flow, returns, receiver/member offsets, constants, callees and table bindings. Cold strict replay259units/59objects/20892disjointbytes and finite C++20/UBSan protocol tests pass. Original spelling/origin pending. See docs/EXACT_MOTION_RECONSTRUCTION.md."
0x004530F0,authored,Timer,authored,high,REF-002
0x00453220,unknown,,review,unknown,ghidra-12.1.3-initial-inventory
0x004532C0,unknown,MotionMath,review,pending,"EXACT-048: native collision shapes and vector dependencies. Complete flow/AL-cdecl or actual member ABI, actual Vector3 arrays, threshold0.01, finite sampling, signed count, collinear quirks and independent constants/callee/iterator anchors audited. Cold strict replay309units/61objects/41401disjointbytes and public C++20/UBSan geometry/threshold/alias/boundary checks pass. Names/origins pending. See docs/EXACT_COLLISION_SHAPES_RECONSTRUCTION.md."
0x004533B0,authored,Timer,authored,high,REF-002
0x00453500,unknown,,review,unknown,ghidra-12.1.3-initial-inventory
0x00453AC0,unknown,MotionUpdates,review,pending,"EXACT-045: complete shared Motion protocol dependency batch; independently attested native whole flow, returns, receiver/member offsets, constants, callees and table bindings. Cold strict replay259units/59objects/20892disjointbytes and finite C++20/UBSan protocol tests pass. Original spelling/origin pending. See docs/EXACT_MOTION_RECONSTRUCTION.md. Code809; complete comparison832 includes alignment NOPs and five-entry dispatch table; no prefix slicing."
0x00453E00,unknown,,review,unknown,ghidra-12.1.3-initial-inventory
0x00453E40,unknown,MotionUpdates,review,pending,"EXACT-045: complete shared Motion protocol dependency batch; independently attested native whole flow, returns, receiver/member offsets, constants, callees and table bindings. Cold strict replay259units/59objects/20892disjointbytes and finite C++20/UBSan protocol tests pass. Original spelling/origin pending. See docs/EXACT_MOTION_RECONSTRUCTION.md. Code694; complete comparison716 includes alignment NOPs and five-entry dispatch table; no prefix slicing."
0x00454110,unknown,,review,unknown,ghidra-12.1.3-initial-inventory
0x00454150,unknown,,review,unknown,ghidra-12.1.3-initial-inventory
0x00454230,unknown,,review,unknown,ghidra-12.1.3-initial-inventory
0x00454310,unknown,,review,unknown,ghidra-12.1.3-initial-inventory
0x00454340,unknown,,review,unknown,ghidra-12.1.3-initial-inventory
0x004543D0,unknown,MotionUpdates,review,pending,"EXACT-045: complete shared Motion protocol dependency batch; independently attested native whole flow, returns, receiver/member offsets, constants, callees and table bindings. Cold strict replay259units/59objects/20892disjointbytes and finite C++20/UBSan protocol tests pass. Original spelling/origin pending. See docs/EXACT_MOTION_RECONSTRUCTION.md."
0x00454450,unknown,,review,unknown,ghidra-12.1.3-initial-inventory
0x00454480,unknown,,review,unknown,ghidra-12.1.3-initial-inventory
0x004545D0,unknown,RectangleCollisions,review,pending,"EXACT-049: complete rectangle/segment neighborhood and planar dependencies. Complete flow/cdecl AL-bool or full-EAX status/ST0-float ABI, actual Vector2/Vector3 arrays, typed shared XY rotation, finite sampling, native shortcut/tolerance quirks and independent routing/constant/callee anchors audited. Cold strict replay330units/63objects/52160disjointbytes and public C++20/UBSan geometry/alias/boundary checks pass. Names/origins pending. See docs/EXACT_RECTANGLE_COLLISIONS_RECONSTRUCTION.md."
0x004547E0,unknown,RectangleCollisions,review,pending,"EXACT-049: complete rectangle/segment neighborhood and planar dependencies. Complete flow/cdecl AL-bool or full-EAX status/ST0-float ABI, actual Vector2/Vector3 arrays, typed shared XY rotation, finite sampling, native shortcut/tolerance quirks and independent routing/constant/callee anchors audited. Cold strict replay330units/63objects/52160disjointbytes and public C++20/UBSan geometry/alias/boundary checks pass. Names/origins pending. See docs/EXACT_RECTANGLE_COLLISIONS_RECONSTRUCTION.md."
0x00454D80,unknown,RectangleCollisions,review,pending,"EXACT-049: complete rectangle/segment neighborhood and planar dependencies. Complete flow/cdecl AL-bool or full-EAX status/ST0-float ABI, actual Vector2/Vector3 arrays, typed shared XY rotation, finite sampling, native shortcut/tolerance quirks and independent routing/constant/callee anchors audited. Cold strict replay330units/63objects/52160disjointbytes and public C++20/UBSan geometry/alias/boundary checks pass. Names/origins pending. See docs/EXACT_RECTANGLE_COLLISIONS_RECONSTRUCTION.md."
0x00454EF0,unknown,Easing,review,pending,"EXACT-046: shared easing/eight-type interpolation protocol dependency batch. Complete native flow, direct branches/returns, aggregate and scalar ABI, shared heads, constants and dispatch bindings independently audited. Cold strict replay291units/60objects/34844disjointbytes and finite C++20/UBSan curve/state/guard/wrapping/truncation checks pass. Names/origins pending. See docs/EXACT_INTERPOLATION_RECONSTRUCTION.md. Code4154; complete4284 includes2-byte alignmentNOP and32-entry dispatch table. No prefix slicing."
0x00455FB0,unknown,GeometryMetrics,review,pending,"EXACT-049: complete rectangle/segment neighborhood and planar dependencies. Complete flow/cdecl AL-bool or full-EAX status/ST0-float ABI, actual Vector2/Vector3 arrays, typed shared XY rotation, finite sampling, native shortcut/tolerance quirks and independent routing/constant/callee anchors audited. Cold strict replay330units/63objects/52160disjointbytes and public C++20/UBSan geometry/alias/boundary checks pass. Names/origins pending. See docs/EXACT_RECTANGLE_COLLISIONS_RECONSTRUCTION.md."
0x00455FE0,unknown,GeometryMetrics,review,pending,"EXACT-049: complete rectangle/segment neighborhood and planar dependencies. Complete flow/cdecl AL-bool or full-EAX status/ST0-float ABI, actual Vector2/Vector3 arrays, typed shared XY rotation, finite sampling, native shortcut/tolerance quirks and independent routing/constant/callee anchors audited. Cold strict replay330units/63objects/52160disjointbytes and public C++20/UBSan geometry/alias/boundary checks pass. Names/origins pending. See docs/EXACT_RECTANGLE_COLLISIONS_RECONSTRUCTION.md."
0x00456030,unknown,GeometryMetrics,review,pending,"EXACT-049: complete rectangle/segment neighborhood and planar dependencies. Complete flow/cdecl AL-bool or full-EAX status/ST0-float ABI, actual Vector2/Vector3 arrays, typed shared XY rotation, finite sampling, native shortcut/tolerance quirks and independent routing/constant/callee anchors audited. Cold strict replay330units/63objects/52160disjointbytes and public C++20/UBSan geometry/alias/boundary checks pass. Names/origins pending. See docs/EXACT_RECTANGLE_COLLISIONS_RECONSTRUCTION.md."
0x00456050,unknown,GeometryMetrics,review,pending,"EXACT-049: complete rectangle/segment neighborhood and planar dependencies. Complete flow/cdecl AL-bool or full-EAX status/ST0-float ABI, actual Vector2/Vector3 arrays, typed shared XY rotation, finite sampling, native shortcut/tolerance quirks and independent routing/constant/callee anchors audited. Cold strict replay330units/63objects/52160disjointbytes and public C++20/UBSan geometry/alias/boundary checks pass. Names/origins pending. See docs/EXACT_RECTANGLE_COLLISIONS_RECONSTRUCTION.md."
0x00456080,unknown,GeometryMetrics,review,pending,"EXACT-049: complete rectangle/segment neighborhood and planar dependencies. Complete flow/cdecl AL-bool or full-EAX status/ST0-float ABI, actual Vector2/Vector3 arrays, typed shared XY rotation, finite sampling, native shortcut/tolerance quirks and independent routing/constant/callee anchors audited. Cold strict replay330units/63objects/52160disjointbytes and public C++20/UBSan geometry/alias/boundary checks pass. Names/origins pending. See docs/EXACT_RECTANGLE_COLLISIONS_RECONSTRUCTION.md."
0x004560D0,unknown,GeometryMetrics,review,pending,"EXACT-049: complete rectangle/segment neighborhood and planar dependencies. Complete flow/cdecl AL-bool or full-EAX status/ST0-float ABI, actual Vector2/Vector3 arrays, typed shared XY rotation, finite sampling, native shortcut/tolerance quirks and independent routing/constant/callee anchors audited. Cold strict replay330units/63objects/52160disjointbytes and public C++20/UBSan geometry/alias/boundary checks pass. Names/origins pending. See docs/EXACT_RECTANGLE_COLLISIONS_RECONSTRUCTION.md."
0x00456130,unknown,,review,unknown,ghidra-12.1.3-initial-inventory
0x00456170,unknown,GeometryMetrics,review,pending,"EXACT-049: complete rectangle/segment neighborhood and planar dependencies. Complete flow/cdecl AL-bool or full-EAX status/ST0-float ABI, actual Vector2/Vector3 arrays, typed shared XY rotation, finite sampling, native shortcut/tolerance quirks and independent routing/constant/callee anchors audited. Cold strict replay330units/63objects/52160disjointbytes and public C++20/UBSan geometry/alias/boundary checks pass. Names/origins pending. See docs/EXACT_RECTANGLE_COLLISIONS_RECONSTRUCTION.md."
0x00456210,unknown,MotionMath,review,pending,"EXACT-045: complete shared Motion protocol dependency batch; independently attested native whole flow, returns, receiver/member offsets, constants, callees and table bindings. Cold strict replay259units/59objects/20892disjointbytes and finite C++20/UBSan protocol tests pass. Original spelling/origin pending. See docs/EXACT_MOTION_RECONSTRUCTION.md."
0x00456240,unknown,EnemyScript,review,pending,"EXACT-080: Three complete State script/Manager traversal/Timer step contributions add 419 bytes. Frozen 597-unit /113 fresh-object graph strictly replays 104292 disjoint bytes. Actual 752-byte State uses a four-byte single-inheritance int member callback at +2E0, with real ECX receiver, null default and full signed failure. State bit26 gates movement, then reads the real Timer clock step and runs actual EclManager before optional callback; failures retain the gate. Full 217-byte Manager saves next before real VM dispatch, retains current on primary failure, destroys failed async runtime before real detach/link release and restores main on success. Native one-slot clock source only establishes mode0; nonzero modes are outside the supported lookup domain. Owned O2/UBSan checks execute actual production VM tick, Manager/State orchestration and full lifetimes/typed PMR release across completion subsets, distinct primary retention/restoration, deferred spawn, movement/VM/callback failures, recursion, null callback and IEEE step values. Loader resolution, spawn body, Enemy opcode/outer retirement and movement are explicit bounded fixtures; no whole original runtime claim follows. Complete typed folded endpoints/releases have no duplicate credit. Whole State tick keeps its 1280-byte nonexact NOP finding; prefix/in-class natural advancement experiments did not close it. No ABI substitution or partial root/reader credit. Reference Services/raw interfaces are not imported; original names/authored identity remain pending. See docs/EXACT_ENEMY_SCRIPT_PIPELINE_RECONSTRUCTION.md."
0x00456270,authored,ArchiveCrypt,authored,high,REF-004; independently examined game archive decoder caller and counted byte-sum contribution
0x004562C0,unknown,MotionUpdates,review,pending,"EXACT-045: complete shared Motion protocol dependency batch; independently attested native whole flow, returns, receiver/member offsets, constants, callees and table bindings. Cold strict replay259units/59objects/20892disjointbytes and finite C++20/UBSan protocol tests pass. Original spelling/origin pending. See docs/EXACT_MOTION_RECONSTRUCTION.md."
0x004562E0,unknown,CollisionShapes,review,pending,"EXACT-048: native collision shapes and vector dependencies. Complete flow/AL-cdecl or actual member ABI, actual Vector3 arrays, threshold0.01, finite sampling, signed count, collinear quirks and independent constants/callee/iterator anchors audited. Cold strict replay309units/61objects/41401disjointbytes and public C++20/UBSan geometry/threshold/alias/boundary checks pass. Names/origins pending. See docs/EXACT_COLLISION_SHAPES_RECONSTRUCTION.md."
0x00456690,unknown,CollisionShapes,review,pending,"EXACT-048: native collision shapes and vector dependencies. Complete flow/AL-cdecl or actual member ABI, actual Vector3 arrays, threshold0.01, finite sampling, signed count, collinear quirks and independent constants/callee/iterator anchors audited. Cold strict replay309units/61objects/41401disjointbytes and public C++20/UBSan geometry/threshold/alias/boundary checks pass. Names/origins pending. See docs/EXACT_COLLISION_SHAPES_RECONSTRUCTION.md."
0x004567D0,unknown,CollisionShapes,review,pending,"EXACT-048: native collision shapes and vector dependencies. Complete flow/AL-cdecl or actual member ABI, actual Vector3 arrays, threshold0.01, finite sampling, signed count, collinear quirks and independent constants/callee/iterator anchors audited. Cold strict replay309units/61objects/41401disjointbytes and public C++20/UBSan geometry/threshold/alias/boundary checks pass. Names/origins pending. See docs/EXACT_COLLISION_SHAPES_RECONSTRUCTION.md."
0x00456920,unknown,CollisionShapes,review,pending,"EXACT-048: native collision shapes and vector dependencies. Complete flow/AL-cdecl or actual member ABI, actual Vector3 arrays, threshold0.01, finite sampling, signed count, collinear quirks and independent constants/callee/iterator anchors audited. Cold strict replay309units/61objects/41401disjointbytes and public C++20/UBSan geometry/threshold/alias/boundary checks pass. Names/origins pending. See docs/EXACT_COLLISION_SHAPES_RECONSTRUCTION.md."
0x00456B40,unknown,RectangleCollisions,review,pending,"EXACT-049: complete rectangle/segment neighborhood and planar dependencies. Complete flow/cdecl AL-bool or full-EAX status/ST0-float ABI, actual Vector2/Vector3 arrays, typed shared XY rotation, finite sampling, native shortcut/tolerance quirks and independent routing/constant/callee anchors audited. Cold strict replay330units/63objects/52160disjointbytes and public C++20/UBSan geometry/alias/boundary checks pass. Names/origins pending. See docs/EXACT_RECTANGLE_COLLISIONS_RECONSTRUCTION.md."
0x00456D50,unknown,RectangleCollisions,review,pending,"EXACT-049: complete rectangle/segment neighborhood and planar dependencies. Complete flow/cdecl AL-bool or full-EAX status/ST0-float ABI, actual Vector2/Vector3 arrays, typed shared XY rotation, finite sampling, native shortcut/tolerance quirks and independent routing/constant/callee anchors audited. Cold strict replay330units/63objects/52160disjointbytes and public C++20/UBSan geometry/alias/boundary checks pass. Names/origins pending. See docs/EXACT_RECTANGLE_COLLISIONS_RECONSTRUCTION.md."
0x00456FE0,unknown,CollisionGeometry,review,pending,"REF-028: complete natural value/predicate, independently reconciled whole native routine and owner/call/data consumers; 136-unit canonical cold replay and C++20/UBSan checks pass. Original names and authored/compiler/shared origins pending. Related413-body batch remains ongoing; see docs/REFERENCE_BULLET_LASER_DAMAGE_REVIEW.md."
0x00457040,unknown,CollisionShapes,review,pending,"EXACT-048: native collision shapes and vector dependencies. Complete flow/AL-cdecl or actual member ABI, actual Vector3 arrays, threshold0.01, finite sampling, signed count, collinear quirks and independent constants/callee/iterator anchors audited. Cold strict replay309units/61objects/41401disjointbytes and public C++20/UBSan geometry/threshold/alias/boundary checks pass. Names/origins pending. See docs/EXACT_COLLISION_SHAPES_RECONSTRUCTION.md."
0x004570F0,unknown,CollisionShapes,review,pending,"EXACT-048: native collision shapes and vector dependencies. Complete flow/AL-cdecl or actual member ABI, actual Vector3 arrays, threshold0.01, finite sampling, signed count, collinear quirks and independent constants/callee/iterator anchors audited. Cold strict replay309units/61objects/41401disjointbytes and public C++20/UBSan geometry/threshold/alias/boundary checks pass. Names/origins pending. See docs/EXACT_COLLISION_SHAPES_RECONSTRUCTION.md."
0x00457300,unknown,CollisionGeometry,review,pending,"REF-028: complete natural value/predicate, independently reconciled whole native routine and owner/call/data consumers; 136-unit canonical cold replay and C++20/UBSan checks pass. Original names and authored/compiler/shared origins pending. Related413-body batch remains ongoing; see docs/REFERENCE_BULLET_LASER_DAMAGE_REVIEW.md."
0x00457380,unknown,CollisionShapes,review,pending,"EXACT-048: native collision shapes and vector dependencies. Complete flow/AL-cdecl or actual member ABI, actual Vector3 arrays, threshold0.01, finite sampling, signed count, collinear quirks and independent constants/callee/iterator anchors audited. Cold strict replay309units/61objects/41401disjointbytes and public C++20/UBSan geometry/threshold/alias/boundary checks pass. Names/origins pending. See docs/EXACT_COLLISION_SHAPES_RECONSTRUCTION.md."
0x00457610,unknown,RectangleCollisions,review,pending,"EXACT-049: complete rectangle/segment neighborhood and planar dependencies. Complete flow/cdecl AL-bool or full-EAX status/ST0-float ABI, actual Vector2/Vector3 arrays, typed shared XY rotation, finite sampling, native shortcut/tolerance quirks and independent routing/constant/callee anchors audited. Cold strict replay330units/63objects/52160disjointbytes and public C++20/UBSan geometry/alias/boundary checks pass. Names/origins pending. See docs/EXACT_RECTANGLE_COLLISIONS_RECONSTRUCTION.md."
0x004578B0,unknown,RectangleCollisions,review,pending,"EXACT-049: complete rectangle/segment neighborhood and planar dependencies. Complete flow/cdecl AL-bool or full-EAX status/ST0-float ABI, actual Vector2/Vector3 arrays, typed shared XY rotation, finite sampling, native shortcut/tolerance quirks and independent routing/constant/callee anchors audited. Cold strict replay330units/63objects/52160disjointbytes and public C++20/UBSan geometry/alias/boundary checks pass. Names/origins pending. See docs/EXACT_RECTANGLE_COLLISIONS_RECONSTRUCTION.md."
0x00457C10,unknown,RectangleCollisions,review,pending,"EXACT-049: complete rectangle/segment neighborhood and planar dependencies. Complete flow/cdecl AL-bool or full-EAX status/ST0-float ABI, actual Vector2/Vector3 arrays, typed shared XY rotation, finite sampling, native shortcut/tolerance quirks and independent routing/constant/callee anchors audited. Cold strict replay330units/63objects/52160disjointbytes and public C++20/UBSan geometry/alias/boundary checks pass. Names/origins pending. See docs/EXACT_RECTANGLE_COLLISIONS_RECONSTRUCTION.md."
0x004580C0,unknown,RectangleCollisions,review,pending,"EXACT-049: complete rectangle/segment neighborhood and planar dependencies. Complete flow/cdecl AL-bool or full-EAX status/ST0-float ABI, actual Vector2/Vector3 arrays, typed shared XY rotation, finite sampling, native shortcut/tolerance quirks and independent routing/constant/callee anchors audited. Cold strict replay330units/63objects/52160disjointbytes and public C++20/UBSan geometry/alias/boundary checks pass. Names/origins pending. See docs/EXACT_RECTANGLE_COLLISIONS_RECONSTRUCTION.md."
0x00458670,unknown,RectangleCollisions,review,pending,"EXACT-049: complete rectangle/segment neighborhood and planar dependencies. Complete flow/cdecl AL-bool or full-EAX status/ST0-float ABI, actual Vector2/Vector3 arrays, typed shared XY rotation, finite sampling, native shortcut/tolerance quirks and independent routing/constant/callee anchors audited. Cold strict replay330units/63objects/52160disjointbytes and public C++20/UBSan geometry/alias/boundary checks pass. Names/origins pending. See docs/EXACT_RECTANGLE_COLLISIONS_RECONSTRUCTION.md."
0x00458B60,unknown,RectangleCollisions,review,pending,"EXACT-049: complete rectangle/segment neighborhood and planar dependencies. Complete flow/cdecl AL-bool or full-EAX status/ST0-float ABI, actual Vector2/Vector3 arrays, typed shared XY rotation, finite sampling, native shortcut/tolerance quirks and independent routing/constant/callee anchors audited. Cold strict replay330units/63objects/52160disjointbytes and public C++20/UBSan geometry/alias/boundary checks pass. Names/origins pending. See docs/EXACT_RECTANGLE_COLLISIONS_RECONSTRUCTION.md."
0x00458E90,unknown,RectangleCollisions,review,pending,"EXACT-049: complete rectangle/segment neighborhood and planar dependencies. Complete flow/cdecl AL-bool or full-EAX status/ST0-float ABI, actual Vector2/Vector3 arrays, typed shared XY rotation, finite sampling, native shortcut/tolerance quirks and independent routing/constant/callee anchors audited. Cold strict replay330units/63objects/52160disjointbytes and public C++20/UBSan geometry/alias/boundary checks pass. Names/origins pending. See docs/EXACT_RECTANGLE_COLLISIONS_RECONSTRUCTION.md."
0x00458F70,unknown,,review,unknown,ghidra-12.1.3-initial-inventory
0x00458FA0,unknown,MotionMath,review,pending,"EXACT-045: complete shared Motion protocol dependency batch; independently attested native whole flow, returns, receiver/member offsets, constants, callees and table bindings. Cold strict replay259units/59objects/20892disjointbytes and finite C++20/UBSan protocol tests pass. Original spelling/origin pending. See docs/EXACT_MOTION_RECONSTRUCTION.md."
0x00459030,unknown,MotionMath,review,pending,"EXACT-049: complete rectangle/segment neighborhood and planar dependencies. Complete flow/cdecl AL-bool or full-EAX status/ST0-float ABI, actual Vector2/Vector3 arrays, typed shared XY rotation, finite sampling, native shortcut/tolerance quirks and independent routing/constant/callee anchors audited. Cold strict replay330units/63objects/52160disjointbytes and public C++20/UBSan geometry/alias/boundary checks pass. Names/origins pending. See docs/EXACT_RECTANGLE_COLLISIONS_RECONSTRUCTION.md."
0x004590E0,unknown,MotionMath,review,pending,"EXACT-049: complete rectangle/segment neighborhood and planar dependencies. Complete flow/cdecl AL-bool or full-EAX status/ST0-float ABI, actual Vector2/Vector3 arrays, typed shared XY rotation, finite sampling, native shortcut/tolerance quirks and independent routing/constant/callee anchors audited. Cold strict replay330units/63objects/52160disjointbytes and public C++20/UBSan geometry/alias/boundary checks pass. Names/origins pending. See docs/EXACT_RECTANGLE_COLLISIONS_RECONSTRUCTION.md."
0x00459190,unknown,MotionMath,review,pending,"EXACT-048: native collision shapes and vector dependencies. Complete flow/AL-cdecl or actual member ABI, actual Vector3 arrays, threshold0.01, finite sampling, signed count, collinear quirks and independent constants/callee/iterator anchors audited. Cold strict replay309units/61objects/41401disjointbytes and public C++20/UBSan geometry/threshold/alias/boundary checks pass. Names/origins pending. See docs/EXACT_COLLISION_SHAPES_RECONSTRUCTION.md."
0x004591F0,unknown,MotionUpdates,review,pending,"EXACT-045: complete shared Motion protocol dependency batch; independently attested native whole flow, returns, receiver/member offsets, constants, callees and table bindings. Cold strict replay259units/59objects/20892disjointbytes and finite C++20/UBSan protocol tests pass. Original spelling/origin pending. See docs/EXACT_MOTION_RECONSTRUCTION.md."
0x00459210,unknown,,review,unknown,ghidra-12.1.3-initial-inventory
0x00459240,unknown,,review,unknown,ghidra-12.1.3-initial-inventory
0x00459280,unknown,ScalarMath,review,pending,"REF-035: natural complete cdecl float/double CRT wrapper, independent full native decode/caller/CALL/error-name/fallback evidence before anchors;156-unit/44-object cold replay and C++20/UBSan finite identities/quadrants/signed-zero checks pass. Original spelling and authored/compiler/library origin pending; CRT implementation/startup/error/NaN domains not accepted. Gameplay/ECL remaining1147 bodies pending. See docs/REFERENCE_GAMEPLAY_ECL_REVIEW.md."
0x004592B0,unknown,MotionMath,review,pending,"EXACT-045: complete shared Motion protocol dependency batch; independently attested native whole flow, returns, receiver/member offsets, constants, callees and table bindings. Cold strict replay259units/59objects/20892disjointbytes and finite C++20/UBSan protocol tests pass. Original spelling/origin pending. See docs/EXACT_MOTION_RECONSTRUCTION.md."
0x004592E0,unknown,,review,unknown,ghidra-12.1.3-initial-inventory
0x00459350,unknown,,review,unknown,ghidra-12.1.3-initial-inventory
0x004593F0,unknown,,review,unknown,ghidra-12.1.3-initial-inventory
0x004594D0,unknown,,review,unknown,ghidra-12.1.3-initial-inventory
0x00459520,unknown,,review,unknown,ghidra-12.1.3-initial-inventory
0x00459530,unknown,,review,unknown,ghidra-12.1.3-initial-inventory
0x00459630,unknown,,review,unknown,ghidra-12.1.3-initial-inventory
0x004596D0,unknown,,review,unknown,ghidra-12.1.3-initial-inventory
0x004597B0,unknown,,review,unknown,ghidra-12.1.3-initial-inventory
0x004598A0,unknown,,review,unknown,ghidra-12.1.3-initial-inventory
0x00459900,unknown,,review,unknown,ghidra-12.1.3-initial-inventory
0x00459920,unknown,,review,unknown,ghidra-12.1.3-initial-inventory
0x00459970,unknown,,review,unknown,ghidra-12.1.3-initial-inventory
0x004599B0,unknown,,review,unknown,ghidra-12.1.3-initial-inventory
0x004599F0,unknown,,review,unknown,ghidra-12.1.3-initial-inventory
0x00459A30,unknown,,review,unknown,ghidra-12.1.3-initial-inventory
0x00459A70,unknown,,review,unknown,ghidra-12.1.3-initial-inventory
0x00459D70,unknown,,review,unknown,ghidra-12.1.3-initial-inventory
0x0045A050,unknown,,review,unknown,ghidra-12.1.3-initial-inventory
0x0045A0C0,unknown,,review,unknown,ghidra-12.1.3-initial-inventory
0x0045A130,unknown,,review,unknown,ghidra-12.1.3-initial-inventory
0x0045A1A0,unknown,,review,unknown,ghidra-12.1.3-initial-inventory
0x0045A240,unknown,,review,unknown,ghidra-12.1.3-initial-inventory
0x0045A460,unknown,,review,unknown,ghidra-12.1.3-initial-inventory
0x0045A4A0,unknown,,review,unknown,ghidra-12.1.3-initial-inventory
0x0045A580,unknown,,review,unknown,ghidra-12.1.3-initial-inventory
0x0045AAA0,unknown,,review,unknown,ghidra-12.1.3-initial-inventory
0x0045AB40,unknown,,review,unknown,ghidra-12.1.3-initial-inventory
0x0045AC90,unknown,,review,unknown,ghidra-12.1.3-initial-inventory
0x0045ACF0,unknown,,review,unknown,ghidra-12.1.3-initial-inventory
0x0045ADD0,unknown,,review,unknown,ghidra-12.1.3-initial-inventory
0x0045AF10,unknown,,review,unknown,ghidra-12.1.3-initial-inventory
0x0045AF40,unknown,,review,unknown,ghidra-12.1.3-initial-inventory
0x0045AFF0,unknown,,review,unknown,ghidra-12.1.3-initial-inventory
0x0045B150,unknown,,review,unknown,ghidra-12.1.3-initial-inventory
0x0045B410,unknown,,review,unknown,ghidra-12.1.3-initial-inventory
0x0045B490,unknown,,review,unknown,ghidra-12.1.3-initial-inventory
0x0045B5F0,unknown,,review,unknown,ghidra-12.1.3-initial-inventory
0x0045B780,unknown,,review,unknown,ghidra-12.1.3-initial-inventory
0x0045B850,unknown,,review,unknown,ghidra-12.1.3-initial-inventory
0x0045B9B0,unknown,,review,unknown,ghidra-12.1.3-initial-inventory
0x0045BAB0,unknown,,review,unknown,ghidra-12.1.3-initial-inventory
0x0045BB00,unknown,,review,unknown,ghidra-12.1.3-initial-inventory
0x0045BBE0,unknown,,review,unknown,ghidra-12.1.3-initial-inventory
0x0045BCC0,unknown,,review,unknown,ghidra-12.1.3-initial-inventory
0x0045BCF0,unknown,EnemyCreation,review,pending,"EXACT-066: Nineteen complete actual Enemy creation/initialization, script reset/selection, generation, hidden-result identifier and non-consuming value forwarding bodies;1279bytes. Frozen-source500units/93coldobjects/90121disjointbytes strictly replay. Owned O2/UBSan tests exercise actual creation/init/reset/selection and list/generation lifetimes. Scalar allocation/context/spawn application, supplied-value virtual materialization, whole653-byte spawn opcode and41KB main dispatcher remain pending. See docs/EXACT_ENEMY_CREATION_RECONSTRUCTION.md."
0x0045BD10,unknown,,review,unknown,ghidra-12.1.3-initial-inventory
0x0045BEB0,unknown,,review,unknown,ghidra-12.1.3-initial-inventory
0x0045C090,unknown,,review,unknown,ghidra-12.1.3-initial-inventory
0x0045C130,unknown,,review,unknown,ghidra-12.1.3-initial-inventory
0x0045C190,unknown,,review,unknown,ghidra-12.1.3-initial-inventory
0x0045C1F0,unknown,,review,unknown,ghidra-12.1.3-initial-inventory
0x0045C2A0,unknown,,review,unknown,ghidra-12.1.3-initial-inventory
0x0045C2C0,unknown,,review,unknown,ghidra-12.1.3-initial-inventory
0x0045C2E0,unknown,,review,unknown,ghidra-12.1.3-initial-inventory
0x0045C300,unknown,,review,unknown,ghidra-12.1.3-initial-inventory
0x0045C320,unknown,,review,unknown,ghidra-12.1.3-initial-inventory
0x0045CEB0,unknown,,review,unknown,ghidra-12.1.3-initial-inventory
0x0045CF10,unknown,,review,unknown,ghidra-12.1.3-initial-inventory
0x0045CFE0,unknown,,review,unknown,ghidra-12.1.3-initial-inventory
0x0045D000,unknown,,review,unknown,ghidra-12.1.3-initial-inventory
0x0045D030,unknown,Cursor,review,pending,REF-024: complete natural canonical contribution with independent native owner/consumer and library anchor evidence. Real PMR vector and two std::stack<int> owners; original constructor EH unresolved. Original type/method spelling and authored/compiler/shared origin pending; no authored credit. Full cold relocation replay and independent portable resource/state checks pass. See docs/REFERENCE_FUNCTION_REVIEW.md.
0x0045D060,unknown,,review,unknown,ghidra-12.1.3-initial-inventory
0x0045D0A0,unknown,,review,unknown,ghidra-12.1.3-initial-inventory
0x0045D0C0,unknown,,review,unknown,ghidra-12.1.3-initial-inventory
0x0045D0E0,unknown,,review,unknown,ghidra-12.1.3-initial-inventory
0x0045D100,unknown,,review,unknown,ghidra-12.1.3-initial-inventory
0x0045D130,unknown,EnemyFrame,review,pending,"EXACT-079: Three whole Enemy spawn/time-scale and Animation slowdown contributions add 1257 body /1399 comparison bytes. Frozen 594-unit /110 fresh-object graph strictly replays 103873 disjoint bytes. Actual 1064-byte Enemy and 752-byte EnemyState retain real PMR movement/animation records, shared Session mode/clamped stage, health/pattern value setters, natural word/bitfield storage and native rank. The full 780-byte spawn body includes all 110 selectors/eight complete table entries, state-after-tick and flag preservation. The full 448-byte time-scale tick preserves both ordered animation walks, stale/null handle policy, clamping, global clock save/restore and delegated signed return. Owned O2/UBSan checks run production Enemy/ECL/State/Animation/ Session lifetimes and real orchestration across IEEE slowdown/clock inputs, retained flags, all 110 selectors, difficulty/health boundaries, self-aliased spawn and stage-clamp side effects. Complete EnemyState tick, renderer resolution, virtual readers and Enemy retirement remain explicit fixture/unclosed boundaries. The private 1280-byte State tick candidate retains a terminal NOP discrepancy; no whole State tick or 41KB dispatcher/reader/runtime credit follows. Folded actual health/pattern/vector support has complete comparisons without duplicate credit. Reference raw/service interfaces are not imported; origins remain pending. See docs/EXACT_ENEMY_SPAWN_TICK_RECONSTRUCTION.md."
0x0045D150,unknown,,review,unknown,ghidra-12.1.3-initial-inventory
0x0045D190,unknown,,review,unknown,ghidra-12.1.3-initial-inventory
0x0045D210,unknown,,review,unknown,ghidra-12.1.3-initial-inventory
0x0045D270,unknown,,review,unknown,ghidra-12.1.3-initial-inventory
0x0045D2C0,unknown,,review,unknown,ghidra-12.1.3-initial-inventory
0x0045D360,unknown,,review,unknown,ghidra-12.1.3-initial-inventory
0x0045D430,unknown,,review,unknown,ghidra-12.1.3-initial-inventory
0x0045D4B0,unknown,,review,unknown,ghidra-12.1.3-initial-inventory
0x0045D500,unknown,,review,unknown,ghidra-12.1.3-initial-inventory
0x0045D550,unknown,,review,unknown,ghidra-12.1.3-initial-inventory
0x0045D5B0,unknown,,review,unknown,ghidra-12.1.3-initial-inventory
0x0045D610,unknown,,review,unknown,ghidra-12.1.3-initial-inventory
0x0045D650,unknown,,review,unknown,ghidra-12.1.3-initial-inventory
0x0045D670,unknown,,review,unknown,ghidra-12.1.3-initial-inventory
0x0045D690,unknown,,review,unknown,ghidra-12.1.3-initial-inventory
0x0045D6B0,unknown,,review,unknown,ghidra-12.1.3-initial-inventory
0x0045D6F0,unknown,,review,unknown,ghidra-12.1.3-initial-inventory
0x0045D780,unknown,,review,unknown,ghidra-12.1.3-initial-inventory
0x0045DA40,unknown,,review,unknown,ghidra-12.1.3-initial-inventory
0x0045DAE0,unknown,,review,unknown,ghidra-12.1.3-initial-inventory
0x0045DB30,unknown,,review,unknown,ghidra-12.1.3-initial-inventory
0x0045DBF0,unknown,,review,unknown,ghidra-12.1.3-initial-inventory
0x0045DC70,unknown,,review,unknown,ghidra-12.1.3-initial-inventory
0x0045DCA0,unknown,,review,unknown,ghidra-12.1.3-initial-inventory
0x0045DCC0,unknown,,review,unknown,ghidra-12.1.3-initial-inventory
0x0045DCE0,unknown,,review,unknown,ghidra-12.1.3-initial-inventory
0x0045DD00,unknown,,review,unknown,ghidra-12.1.3-initial-inventory
0x0045DD20,unknown,,review,unknown,ghidra-12.1.3-initial-inventory
0x0045DD40,unknown,AnimationParameters,review,pending,"EXACT-065: Complete Enemy animation dispatcher (967 instruction and 77 alignment/table bytes), plus 19 actual argument/value/animation parameter bodies: 2218 instruction / 2295 comparison bytes. Actual PMR vector, handle, reference and mixed color/flag protocols independently bind every relocation. Frozen-source 481 units / 90 objects / 88842 disjoint bytes cold-replay. Owned O2/UBSan tests cover all 13 operations, 19 table entries/defaults, ordered reads, handle failure, growth, narrowing, interpolation, layer boundaries and flag retention. Whole 0048C010, laser/callback ownership, queues and whole-game linkage/runtime remain pending. See docs/EXACT_ENEMY_ANIMATION_RECONSTRUCTION.md."
0x0045DD60,unknown,,review,unknown,ghidra-12.1.3-initial-inventory
0x0045DD90,unknown,,review,unknown,ghidra-12.1.3-initial-inventory
0x0045DE30,unknown,,review,unknown,ghidra-12.1.3-initial-inventory
0x0045DE80,unknown,,review,unknown,ghidra-12.1.3-initial-inventory
0x0045DED0,unknown,,review,unknown,ghidra-12.1.3-initial-inventory
0x0045DF40,unknown,,review,unknown,ghidra-12.1.3-initial-inventory
0x0045DF80,unknown,,review,unknown,ghidra-12.1.3-initial-inventory
0x0045E190,unknown,,review,unknown,ghidra-12.1.3-initial-inventory
0x0045E240,unknown,,review,unknown,ghidra-12.1.3-initial-inventory
0x0045E3A0,unknown,,review,unknown,ghidra-12.1.3-initial-inventory
0x0045E520,unknown,,review,unknown,ghidra-12.1.3-initial-inventory
0x0045E550,unknown,,review,unknown,ghidra-12.1.3-initial-inventory
0x0045E590,unknown,,review,unknown,ghidra-12.1.3-initial-inventory
0x0045E5B0,unknown,,review,unknown,ghidra-12.1.3-initial-inventory
0x0045E5D0,unknown,,review,unknown,ghidra-12.1.3-initial-inventory
0x0045E670,unknown,,review,unknown,ghidra-12.1.3-initial-inventory
0x0045E6D0,unknown,,review,unknown,ghidra-12.1.3-initial-inventory
0x0045E730,unknown,,review,unknown,ghidra-12.1.3-initial-inventory
0x0045E770,unknown,,review,unknown,ghidra-12.1.3-initial-inventory
0x0045E800,unknown,,review,unknown,ghidra-12.1.3-initial-inventory
0x0045EA20,unknown,,review,unknown,ghidra-12.1.3-initial-inventory
0x0045EAC0,unknown,,review,unknown,ghidra-12.1.3-initial-inventory
0x0045EB10,unknown,,review,unknown,ghidra-12.1.3-initial-inventory
0x0045EC10,unknown,,review,unknown,ghidra-12.1.3-initial-inventory
0x0045EC70,unknown,,review,unknown,ghidra-12.1.3-initial-inventory
0x0045ECA0,unknown,,review,unknown,ghidra-12.1.3-initial-inventory
0x0045ECC0,unknown,,review,unknown,ghidra-12.1.3-initial-inventory
0x0045ECF0,unknown,,review,unknown,ghidra-12.1.3-initial-inventory
0x0045ED60,unknown,,review,unknown,ghidra-12.1.3-initial-inventory
0x0045ED90,unknown,,review,unknown,ghidra-12.1.3-initial-inventory
0x0045EDF0,unknown,,review,unknown,ghidra-12.1.3-initial-inventory
0x0045EE10,unknown,,review,unknown,ghidra-12.1.3-initial-inventory
0x0045EE30,unknown,,review,unknown,ghidra-12.1.3-initial-inventory
0x0045EE50,unknown,,review,unknown,ghidra-12.1.3-initial-inventory
0x0045EE90,unknown,,review,unknown,ghidra-12.1.3-initial-inventory
0x0045EEB0,unknown,,review,unknown,ghidra-12.1.3-initial-inventory
0x0045EED0,unknown,,review,unknown,ghidra-12.1.3-initial-inventory
0x0045EEF0,unknown,,review,unknown,ghidra-12.1.3-initial-inventory
0x0045EF10,unknown,,review,unknown,ghidra-12.1.3-initial-inventory
0x0045EF30,unknown,,review,unknown,ghidra-12.1.3-initial-inventory
0x0045EF50,unknown,,review,unknown,ghidra-12.1.3-initial-inventory
0x0045EF70,unknown,,review,unknown,ghidra-12.1.3-initial-inventory
0x0045EF90,unknown,,review,unknown,ghidra-12.1.3-initial-inventory
0x0045EFB0,unknown,,review,unknown,ghidra-12.1.3-initial-inventory
0x0045EFD0,unknown,,review,unknown,ghidra-12.1.3-initial-inventory
0x0045EFF0,unknown,,review,unknown,ghidra-12.1.3-initial-inventory
0x0045F010,unknown,,review,unknown,ghidra-12.1.3-initial-inventory
0x0045F050,unknown,,review,unknown,ghidra-12.1.3-initial-inventory
0x0045F0A0,unknown,,review,unknown,ghidra-12.1.3-initial-inventory
0x0045F140,unknown,,review,unknown,ghidra-12.1.3-initial-inventory
0x0045F170,unknown,,review,unknown,ghidra-12.1.3-initial-inventory
0x0045F190,unknown,,review,unknown,ghidra-12.1.3-initial-inventory
0x0045F1B0,unknown,,review,unknown,ghidra-12.1.3-initial-inventory
0x0045F1E0,unknown,,review,unknown,ghidra-12.1.3-initial-inventory
0x0045F210,unknown,,review,unknown,ghidra-12.1.3-initial-inventory
0x0045F260,unknown,,review,unknown,ghidra-12.1.3-initial-inventory
0x0045F2B0,unknown,,review,unknown,ghidra-12.1.3-initial-inventory
0x0045F310,unknown,,review,unknown,ghidra-12.1.3-initial-inventory
0x0045F340,unknown,,review,unknown,ghidra-12.1.3-initial-inventory
0x0045F3C0,unknown,,review,unknown,ghidra-12.1.3-initial-inventory
0x0045F400,unknown,,review,unknown,ghidra-12.1.3-initial-inventory
0x0045F420,unknown,,review,unknown,ghidra-12.1.3-initial-inventory
0x0045F440,unknown,,review,unknown,ghidra-12.1.3-initial-inventory
0x0045F460,unknown,,review,unknown,ghidra-12.1.3-initial-inventory
0x0045F480,unknown,,review,unknown,ghidra-12.1.3-initial-inventory
0x0045F4A0,unknown,,review,unknown,ghidra-12.1.3-initial-inventory
0x0045F4C0,unknown,,review,unknown,ghidra-12.1.3-initial-inventory
0x0045F4F0,unknown,,review,unknown,ghidra-12.1.3-initial-inventory
0x0045F520,unknown,,review,unknown,ghidra-12.1.3-initial-inventory
0x0045F540,unknown,,review,unknown,ghidra-12.1.3-initial-inventory
0x0045F560,unknown,,review,unknown,ghidra-12.1.3-initial-inventory
0x0045F580,unknown,,review,unknown,ghidra-12.1.3-initial-inventory
0x0045F5A0,unknown,,review,unknown,ghidra-12.1.3-initial-inventory
0x0045F5E0,unknown,,review,unknown,ghidra-12.1.3-initial-inventory
0x0045F670,unknown,,review,unknown,ghidra-12.1.3-initial-inventory
0x0045F9B0,unknown,,review,unknown,ghidra-12.1.3-initial-inventory
0x0045FAA0,unknown,,review,unknown,ghidra-12.1.3-initial-inventory
0x0045FB10,unknown,,review,unknown,ghidra-12.1.3-initial-inventory
0x0045FB60,unknown,,review,unknown,ghidra-12.1.3-initial-inventory
0x0045FC90,unknown,,review,unknown,ghidra-12.1.3-initial-inventory
0x0045FD10,unknown,,review,unknown,ghidra-12.1.3-initial-inventory
0x0045FD40,unknown,,review,unknown,ghidra-12.1.3-initial-inventory
0x0045FD60,unknown,,review,unknown,ghidra-12.1.3-initial-inventory
0x0045FD80,unknown,,review,unknown,ghidra-12.1.3-initial-inventory
0x0045FDA0,unknown,,review,unknown,ghidra-12.1.3-initial-inventory
0x0045FE00,unknown,,review,unknown,ghidra-12.1.3-initial-inventory
0x0045FE60,unknown,,review,unknown,ghidra-12.1.3-initial-inventory
0x0045FE90,unknown,,review,unknown,ghidra-12.1.3-initial-inventory
0x0045FEC0,unknown,,review,unknown,ghidra-12.1.3-initial-inventory
0x0045FEE0,unknown,,review,unknown,ghidra-12.1.3-initial-inventory
0x0045FF00,unknown,,review,unknown,ghidra-12.1.3-initial-inventory
0x0045FF20,unknown,,review,unknown,ghidra-12.1.3-initial-inventory
0x0045FF40,unknown,,review,unknown,ghidra-12.1.3-initial-inventory
0x0045FF70,unknown,,review,unknown,ghidra-12.1.3-initial-inventory
0x0045FFA0,unknown,,review,unknown,ghidra-12.1.3-initial-inventory
0x0045FFC0,unknown,,review,unknown,ghidra-12.1.3-initial-inventory
0x0045FFE0,unknown,,review,unknown,ghidra-12.1.3-initial-inventory
0x0045FFF0,unknown,,review,unknown,ghidra-12.1.3-initial-inventory
0x00460000,unknown,,review,unknown,ghidra-12.1.3-initial-inventory
0x00460020,unknown,,review,unknown,ghidra-12.1.3-initial-inventory
0x00460040,unknown,,review,unknown,ghidra-12.1.3-initial-inventory
0x004600E0,unknown,,review,unknown,ghidra-12.1.3-initial-inventory
0x00460130,unknown,,review,unknown,ghidra-12.1.3-initial-inventory
0x00460180,unknown,,review,unknown,ghidra-12.1.3-initial-inventory
0x00460200,unknown,,review,unknown,ghidra-12.1.3-initial-inventory
0x00460240,unknown,,review,unknown,ghidra-12.1.3-initial-inventory
0x00460570,unknown,,review,unknown,ghidra-12.1.3-initial-inventory
0x00460620,unknown,,review,unknown,ghidra-12.1.3-initial-inventory
0x00460800,unknown,,review,unknown,ghidra-12.1.3-initial-inventory
0x00460830,unknown,,review,unknown,ghidra-12.1.3-initial-inventory
0x00460850,unknown,,review,unknown,ghidra-12.1.3-initial-inventory
0x00460870,unknown,,review,unknown,ghidra-12.1.3-initial-inventory
0x00460910,unknown,,review,unknown,ghidra-12.1.3-initial-inventory
0x004609A0,unknown,,review,unknown,ghidra-12.1.3-initial-inventory
0x004609E0,unknown,,review,unknown,ghidra-12.1.3-initial-inventory
0x00460B60,unknown,,review,unknown,ghidra-12.1.3-initial-inventory
0x00460F30,unknown,,review,unknown,ghidra-12.1.3-initial-inventory
0x00460F60,unknown,,review,unknown,ghidra-12.1.3-initial-inventory
0x00461000,unknown,,review,unknown,ghidra-12.1.3-initial-inventory
0x00461070,unknown,Timer,review,pending,"REF-023: complete46-byte signed current>value predicate on existing actual16-byte Timer, thiscall bool/AL withRET4. Independent Options4DFE00 and Key4C5790/4C7160/4C6230 consumers use age and decrement thresholds; complete assembly reads current+4 only and preserves receiver. Natural shared semantic body, no relocations or owner facade. Original method spelling and authored/compiler/shared provenance remain pending; no authored credit. Cold canonical replay and public signed-edge checks pass."
0x004610A0,unknown,,review,unknown,ghidra-12.1.3-initial-inventory
0x004610D0,unknown,,review,unknown,ghidra-12.1.3-initial-inventory
0x00461140,unknown,,review,unknown,ghidra-12.1.3-initial-inventory
0x00461310,unknown,,review,unknown,ghidra-12.1.3-initial-inventory
0x004613A0,unknown,,review,unknown,ghidra-12.1.3-initial-inventory
0x004613D0,unknown,,review,unknown,ghidra-12.1.3-initial-inventory
0x004614A0,unknown,AnimationParameters,review,pending,"EXACT-065: Complete Enemy animation dispatcher (967 instruction and 77 alignment/table bytes), plus 19 actual argument/value/animation parameter bodies: 2218 instruction / 2295 comparison bytes. Actual PMR vector, handle, reference and mixed color/flag protocols independently bind every relocation. Frozen-source 481 units / 90 objects / 88842 disjoint bytes cold-replay. Owned O2/UBSan tests cover all 13 operations, 19 table entries/defaults, ordered reads, handle failure, growth, narrowing, interpolation, layer boundaries and flag retention. Whole 0048C010, laser/callback ownership, queues and whole-game linkage/runtime remain pending. See docs/EXACT_ENEMY_ANIMATION_RECONSTRUCTION.md."
0x004614E0,unknown,,review,unknown,ghidra-12.1.3-initial-inventory
0x00461510,unknown,,review,unknown,ghidra-12.1.3-initial-inventory
0x00461530,unknown,,review,unknown,ghidra-12.1.3-initial-inventory
0x004615D0,unknown,,review,unknown,ghidra-12.1.3-initial-inventory
0x004615F0,unknown,,review,unknown,ghidra-12.1.3-initial-inventory
0x00461640,unknown,,review,unknown,ghidra-12.1.3-initial-inventory
0x00461690,unknown,,review,unknown,ghidra-12.1.3-initial-inventory
0x004616E0,unknown,,review,unknown,ghidra-12.1.3-initial-inventory
0x00461730,unknown,,review,unknown,ghidra-12.1.3-initial-inventory
0x00461840,unknown,EffectParameters,review,pending,"REF-027: complete natural typed value/member contribution, independently decoded whole native routine and owner consumers; canonical129-unit cold replay and dirty-padding/alias/raw-float tests pass. Original names and authored/compiler/shared origins pending; no whole Effect/Special State acceptance. See docs/REFERENCE_EFFECT_SPECIAL_REVIEW.md."
0x00461860,unknown,,review,unknown,ghidra-12.1.3-initial-inventory
0x00461880,unknown,,review,unknown,ghidra-12.1.3-initial-inventory
0x004618C0,unknown,,review,unknown,ghidra-12.1.3-initial-inventory
0x00461B80,unknown,,review,unknown,ghidra-12.1.3-initial-inventory
0x00462C10,unknown,,review,unknown,ghidra-12.1.3-initial-inventory
0x00462C80,unknown,,review,unknown,ghidra-12.1.3-initial-inventory
0x00463280,unknown,,review,unknown,ghidra-12.1.3-initial-inventory
0x004632B0,unknown,,review,unknown,ghidra-12.1.3-initial-inventory
0x00463310,unknown,,review,unknown,ghidra-12.1.3-initial-inventory
0x00463EE0,unknown,,review,unknown,ghidra-12.1.3-initial-inventory
0x00463F00,unknown,,review,unknown,ghidra-12.1.3-initial-inventory
0x00463F20,unknown,,review,unknown,ghidra-12.1.3-initial-inventory
0x00463FB0,unknown,,review,unknown,ghidra-12.1.3-initial-inventory
0x00463FE0,unknown,,review,unknown,ghidra-12.1.3-initial-inventory
0x00464080,unknown,Session,review,pending,"EXACT-073: Twenty whole Session/PlayerTable construction, real process initializer, indexed/current-record/Controller lookups, mode/clamp queries, continue and flag updates add1167body/1177comparisonbytes. Complete560unit/101fresh-object graph replays98007disjointbytes. Actual704-byte BSS, original CRT registration, two real Contexts/two PlayerRecords, independent double-clock consumer, natural alignment gaps and complete EH/array helper establish the owned protocol. O2/UBSan checks run actual production lifetimes/lookups, whole-object preservation, signed/wrapped counters and retained flags. Whole Enemy readers, Player/card/game/Controller owners,41KB opcode root and whole-game link/runtime remain open; authored origins are not inferred. See docs/EXACT_SESSION_RECONSTRUCTION.md."
0x004640A0,unknown,Session,review,pending,"EXACT-073: Twenty whole Session/PlayerTable construction, real process initializer, indexed/current-record/Controller lookups, mode/clamp queries, continue and flag updates add1167body/1177comparisonbytes. Complete560unit/101fresh-object graph replays98007disjointbytes. Actual704-byte BSS, original CRT registration, two real Contexts/two PlayerRecords, independent double-clock consumer, natural alignment gaps and complete EH/array helper establish the owned protocol. O2/UBSan checks run actual production lifetimes/lookups, whole-object preservation, signed/wrapped counters and retained flags. Whole Enemy readers, Player/card/game/Controller owners,41KB opcode root and whole-game link/runtime remain open; authored origins are not inferred. See docs/EXACT_SESSION_RECONSTRUCTION.md."
0x004640C0,unknown,Session,review,pending,"EXACT-073: Twenty whole Session/PlayerTable construction, real process initializer, indexed/current-record/Controller lookups, mode/clamp queries, continue and flag updates add1167body/1177comparisonbytes. Complete560unit/101fresh-object graph replays98007disjointbytes. Actual704-byte BSS, original CRT registration, two real Contexts/two PlayerRecords, independent double-clock consumer, natural alignment gaps and complete EH/array helper establish the owned protocol. O2/UBSan checks run actual production lifetimes/lookups, whole-object preservation, signed/wrapped counters and retained flags. Whole Enemy readers, Player/card/game/Controller owners,41KB opcode root and whole-game link/runtime remain open; authored origins are not inferred. See docs/EXACT_SESSION_RECONSTRUCTION.md."
0x004640E0,unknown,,review,unknown,ghidra-12.1.3-initial-inventory
0x00464100,unknown,,review,unknown,ghidra-12.1.3-initial-inventory
0x004641D0,unknown,,review,unknown,ghidra-12.1.3-initial-inventory
0x00464230,unknown,,review,unknown,ghidra-12.1.3-initial-inventory
0x00464250,unknown,,review,unknown,ghidra-12.1.3-initial-inventory
0x00464270,unknown,,review,unknown,ghidra-12.1.3-initial-inventory
0x004642C0,unknown,,review,unknown,ghidra-12.1.3-initial-inventory
0x004642E0,unknown,,review,unknown,ghidra-12.1.3-initial-inventory
0x00464330,unknown,,review,unknown,ghidra-12.1.3-initial-inventory
0x00464350,unknown,,review,unknown,ghidra-12.1.3-initial-inventory
0x00464390,unknown,,review,unknown,ghidra-12.1.3-initial-inventory
0x004643B0,unknown,,review,unknown,ghidra-12.1.3-initial-inventory
0x00464400,unknown,,review,unknown,ghidra-12.1.3-initial-inventory
0x00464420,unknown,,review,unknown,ghidra-12.1.3-initial-inventory
0x00464480,unknown,,review,unknown,ghidra-12.1.3-initial-inventory
0x004644D0,unknown,,review,unknown,ghidra-12.1.3-initial-inventory
0x004644F0,unknown,,review,unknown,ghidra-12.1.3-initial-inventory
0x00464510,unknown,,review,unknown,ghidra-12.1.3-initial-inventory
0x00464530,unknown,,review,unknown,ghidra-12.1.3-initial-inventory
0x00464550,unknown,,review,unknown,ghidra-12.1.3-initial-inventory
0x00464580,unknown,AnimationParameters,review,pending,"EXACT-065: Complete Enemy animation dispatcher (967 instruction and 77 alignment/table bytes), plus 19 actual argument/value/animation parameter bodies: 2218 instruction / 2295 comparison bytes. Actual PMR vector, handle, reference and mixed color/flag protocols independently bind every relocation. Frozen-source 481 units / 90 objects / 88842 disjoint bytes cold-replay. Owned O2/UBSan tests cover all 13 operations, 19 table entries/defaults, ordered reads, handle failure, growth, narrowing, interpolation, layer boundaries and flag retention. Whole 0048C010, laser/callback ownership, queues and whole-game linkage/runtime remain pending. See docs/EXACT_ENEMY_ANIMATION_RECONSTRUCTION.md."
0x004645E0,unknown,,review,unknown,ghidra-12.1.3-initial-inventory
0x00464600,unknown,,review,unknown,ghidra-12.1.3-initial-inventory
0x00464640,unknown,,review,unknown,ghidra-12.1.3-initial-inventory
0x004646E0,unknown,,review,unknown,ghidra-12.1.3-initial-inventory
0x00464790,unknown,,review,unknown,ghidra-12.1.3-initial-inventory
0x00464800,unknown,,review,unknown,ghidra-12.1.3-initial-inventory
0x00464840,unknown,,review,unknown,ghidra-12.1.3-initial-inventory
0x004648E0,unknown,,review,unknown,ghidra-12.1.3-initial-inventory
0x004657D0,unknown,,review,unknown,ghidra-12.1.3-initial-inventory
0x00465960,unknown,,review,unknown,ghidra-12.1.3-initial-inventory
0x004659A0,unknown,,review,unknown,ghidra-12.1.3-initial-inventory
0x00465CB0,unknown,,review,unknown,ghidra-12.1.3-initial-inventory
0x00465D50,unknown,,review,unknown,ghidra-12.1.3-initial-inventory
0x00465DA0,unknown,,review,unknown,ghidra-12.1.3-initial-inventory
0x00465DF0,unknown,,review,unknown,ghidra-12.1.3-initial-inventory
0x00465E50,unknown,,review,unknown,ghidra-12.1.3-initial-inventory
0x00465E90,unknown,,review,unknown,ghidra-12.1.3-initial-inventory
0x004660A0,unknown,,review,unknown,ghidra-12.1.3-initial-inventory
0x00466140,unknown,,review,unknown,ghidra-12.1.3-initial-inventory
0x00466270,unknown,,review,unknown,ghidra-12.1.3-initial-inventory
0x004662A0,unknown,,review,unknown,ghidra-12.1.3-initial-inventory
0x00466340,unknown,,review,unknown,ghidra-12.1.3-initial-inventory
0x00466390,unknown,,review,unknown,ghidra-12.1.3-initial-inventory
0x004663E0,unknown,,review,unknown,ghidra-12.1.3-initial-inventory
0x00466440,unknown,,review,unknown,ghidra-12.1.3-initial-inventory
0x00466480,unknown,,review,unknown,ghidra-12.1.3-initial-inventory
0x00466690,unknown,,review,unknown,ghidra-12.1.3-initial-inventory
0x00466730,unknown,,review,unknown,ghidra-12.1.3-initial-inventory
0x00466860,unknown,,review,unknown,ghidra-12.1.3-initial-inventory
0x00466890,unknown,,review,unknown,ghidra-12.1.3-initial-inventory
0x00466930,unknown,,review,unknown,ghidra-12.1.3-initial-inventory
0x00466990,unknown,,review,unknown,ghidra-12.1.3-initial-inventory
0x004669D0,unknown,,review,unknown,ghidra-12.1.3-initial-inventory
0x00466A00,unknown,,review,unknown,ghidra-12.1.3-initial-inventory
0x00466A20,unknown,,review,unknown,ghidra-12.1.3-initial-inventory
0x00466A50,unknown,,review,unknown,ghidra-12.1.3-initial-inventory
0x00466A90,unknown,,review,unknown,ghidra-12.1.3-initial-inventory
0x00466AE0,unknown,,review,unknown,ghidra-12.1.3-initial-inventory
0x00466C10,unknown,,review,unknown,ghidra-12.1.3-initial-inventory
0x00466C70,unknown,,review,unknown,ghidra-12.1.3-initial-inventory
0x00466E20,unknown,,review,unknown,ghidra-12.1.3-initial-inventory
0x00466F80,unknown,,review,unknown,ghidra-12.1.3-initial-inventory
0x00466FB0,unknown,,review,unknown,ghidra-12.1.3-initial-inventory
0x00466FD0,unknown,,review,unknown,ghidra-12.1.3-initial-inventory
0x00466FF0,unknown,,review,unknown,ghidra-12.1.3-initial-inventory
0x00467000,unknown,,review,unknown,ghidra-12.1.3-initial-inventory
0x00467070,unknown,,review,unknown,ghidra-12.1.3-initial-inventory
0x00467080,unknown,,review,unknown,ghidra-12.1.3-initial-inventory
0x004670E0,unknown,,review,unknown,ghidra-12.1.3-initial-inventory
0x00467100,unknown,,review,unknown,ghidra-12.1.3-initial-inventory
0x004671A0,unknown,,review,unknown,ghidra-12.1.3-initial-inventory
0x00467230,unknown,,review,unknown,ghidra-12.1.3-initial-inventory
0x004672E0,unknown,,review,unknown,ghidra-12.1.3-initial-inventory
0x00467380,unknown,,review,unknown,ghidra-12.1.3-initial-inventory
0x004673B0,unknown,,review,unknown,ghidra-12.1.3-initial-inventory
0x004673F0,unknown,,review,unknown,ghidra-12.1.3-initial-inventory
0x00467820,unknown,,review,unknown,ghidra-12.1.3-initial-inventory
0x004678C0,unknown,,review,unknown,ghidra-12.1.3-initial-inventory
0x00467990,unknown,,review,unknown,ghidra-12.1.3-initial-inventory
0x00467C20,unknown,,review,unknown,ghidra-12.1.3-initial-inventory
0x00467C50,unknown,,review,unknown,ghidra-12.1.3-initial-inventory
0x00467C70,unknown,,review,unknown,ghidra-12.1.3-initial-inventory
0x00467C90,unknown,,review,unknown,ghidra-12.1.3-initial-inventory
0x00467CC0,unknown,,review,unknown,ghidra-12.1.3-initial-inventory
0x00467D00,unknown,,review,unknown,ghidra-12.1.3-initial-inventory
0x00467D30,unknown,,review,unknown,ghidra-12.1.3-initial-inventory
0x00467D80,unknown,,review,unknown,ghidra-12.1.3-initial-inventory
0x00467E20,unknown,,review,unknown,ghidra-12.1.3-initial-inventory
0x00467E90,unknown,,review,unknown,ghidra-12.1.3-initial-inventory
0x00467EE0,unknown,,review,unknown,ghidra-12.1.3-initial-inventory
0x00467F50,unknown,,review,unknown,ghidra-12.1.3-initial-inventory
0x00467FA0,unknown,,review,unknown,ghidra-12.1.3-initial-inventory
0x00467FD0,unknown,,review,unknown,ghidra-12.1.3-initial-inventory
0x00467FF0,unknown,,review,unknown,ghidra-12.1.3-initial-inventory
0x00468010,unknown,,review,unknown,ghidra-12.1.3-initial-inventory
0x00468030,unknown,,review,unknown,ghidra-12.1.3-initial-inventory
0x00468180,unknown,,review,unknown,ghidra-12.1.3-initial-inventory
0x004682A0,unknown,,review,unknown,ghidra-12.1.3-initial-inventory
0x004682E0,unknown,,review,unknown,ghidra-12.1.3-initial-inventory
0x00468380,unknown,,review,unknown,ghidra-12.1.3-initial-inventory
0x004683B0,unknown,,review,unknown,ghidra-12.1.3-initial-inventory
0x00468450,unknown,,review,unknown,ghidra-12.1.3-initial-inventory
0x00468470,unknown,,review,unknown,ghidra-12.1.3-initial-inventory
0x00468700,unknown,,review,unknown,ghidra-12.1.3-initial-inventory
0x004687B0,unknown,,review,unknown,ghidra-12.1.3-initial-inventory
0x00468CA0,unknown,,review,unknown,ghidra-12.1.3-initial-inventory
0x00468F40,unknown,,review,unknown,ghidra-12.1.3-initial-inventory
0x00468FE0,unknown,,review,unknown,ghidra-12.1.3-initial-inventory
0x00469030,unknown,,review,unknown,ghidra-12.1.3-initial-inventory
0x00469070,unknown,,review,unknown,ghidra-12.1.3-initial-inventory
0x004690E0,unknown,,review,unknown,ghidra-12.1.3-initial-inventory
0x004690F0,unknown,,review,unknown,ghidra-12.1.3-initial-inventory
0x00469390,unknown,,review,unknown,ghidra-12.1.3-initial-inventory
0x004693F0,unknown,,review,unknown,ghidra-12.1.3-initial-inventory
0x00469450,unknown,,review,unknown,ghidra-12.1.3-initial-inventory
0x004694F0,unknown,,review,unknown,ghidra-12.1.3-initial-inventory
0x00469640,unknown,,review,unknown,ghidra-12.1.3-initial-inventory
0x00469720,unknown,,review,unknown,ghidra-12.1.3-initial-inventory
0x00469FC0,unknown,,review,unknown,ghidra-12.1.3-initial-inventory
0x0046A030,unknown,,review,unknown,ghidra-12.1.3-initial-inventory
0x0046A050,unknown,,review,unknown,ghidra-12.1.3-initial-inventory
0x0046A090,unknown,,review,unknown,ghidra-12.1.3-initial-inventory
0x0046A100,unknown,,review,unknown,ghidra-12.1.3-initial-inventory
0x0046A170,unknown,,review,unknown,ghidra-12.1.3-initial-inventory
0x0046A1C0,unknown,,review,unknown,ghidra-12.1.3-initial-inventory
0x0046A210,unknown,,review,unknown,ghidra-12.1.3-initial-inventory
0x0046A220,unknown,,review,unknown,ghidra-12.1.3-initial-inventory
0x0046A230,unknown,,review,unknown,ghidra-12.1.3-initial-inventory
0x0046A2F0,unknown,,review,unknown,ghidra-12.1.3-initial-inventory
0x0046A3B0,unknown,,review,unknown,ghidra-12.1.3-initial-inventory
0x0046A420,unknown,,review,unknown,ghidra-12.1.3-initial-inventory
0x0046A4B0,unknown,,review,unknown,ghidra-12.1.3-initial-inventory
0x0046A4C0,unknown,,review,unknown,ghidra-12.1.3-initial-inventory
0x0046A4D0,unknown,,review,unknown,ghidra-12.1.3-initial-inventory
0x0046A550,unknown,,review,unknown,ghidra-12.1.3-initial-inventory
0x0046A570,unknown,Worker,review,pending,"CORE/EXACT-086: Actual1242D8 SaveManager composes two real Snapshots, a neutral zero word/64-byte interval and actual Worker. Five whole member-task/copy/merge units strictly replay463bytes and19 independently anchored relocations; full EH39/13/44 agrees without extra coverage. The three whole lifecycle roots remain nonexact: constructor198/native199, commit68/70, destructor262/299. No fake returns, duplicate shaping conditions, raw owner facade, assembly or shortened extents. Void one-word callback spelling is inferred from complete native producers/consumers; original identity and authored origins remain pending. Actual thread and complete Manager O2/UBSan tests check copied captures, replacement/lifetime, join-before-save, destructor wait, real four-buffer release and null-buffer teardown, nineteen-Profile/Metadata merge extents, unchanged buffer ownership and full signed parser results. Load/save/parse and allocator startup are explicit test fixtures and genuine production dependencies; disk/checksum/serialization/game runtime remain open. Frozen613units/119objects/119777disjointbytes;618source mappings include5whole nonexact methods. See docs/EXACT_PROGRESS_SAVE_MANAGER_RECONSTRUCTION.md."
0x0046A5A0,unknown,,review,unknown,ghidra-12.1.3-initial-inventory
0x0046A5E0,unknown,,review,unknown,ghidra-12.1.3-initial-inventory
0x0046A620,unknown,,review,unknown,ghidra-12.1.3-initial-inventory
0x0046A660,unknown,,review,unknown,ghidra-12.1.3-initial-inventory
0x0046A680,unknown,,review,unknown,ghidra-12.1.3-initial-inventory
0x0046A6B0,unknown,,review,unknown,ghidra-12.1.3-initial-inventory
0x0046A710,unknown,,review,unknown,ghidra-12.1.3-initial-inventory
0x0046A780,unknown,,review,unknown,ghidra-12.1.3-initial-inventory
0x0046A830,unknown,,review,unknown,ghidra-12.1.3-initial-inventory
0x0046A8B0,unknown,,review,unknown,ghidra-12.1.3-initial-inventory
0x0046A8E0,unknown,,review,unknown,ghidra-12.1.3-initial-inventory
0x0046ABA0,unknown,TextLine,review,pending,"REF-022; Actual320-byte ASCII queue record independently established by array ctor46A6B0 count320/stride320, complete line producers/compaction consumers. Native219-byte ctor clears only char[256], invokes Vector3 zero ctor422E10, individually initializes remaining fields and sets alignments1. Natural full typed record, two actual separate words120/124, no synthetic renderer facade; original spelling and authored/compiler/shared origin pending. CRT memset544760 and Vector3 anchor observed independently before probing."
0x0046AC80,unknown,,review,unknown,ghidra-12.1.3-initial-inventory
0x0046ADE0,unknown,,review,unknown,ghidra-12.1.3-initial-inventory
0x0046AE00,unknown,,review,unknown,ghidra-12.1.3-initial-inventory
0x0046AE30,unknown,,review,unknown,ghidra-12.1.3-initial-inventory
0x0046AE50,unknown,,review,unknown,ghidra-12.1.3-initial-inventory
0x0046AED0,unknown,,review,unknown,ghidra-12.1.3-initial-inventory
0x0046AEF0,unknown,,review,unknown,ghidra-12.1.3-initial-inventory
0x0046B0D0,unknown,,review,unknown,ghidra-12.1.3-initial-inventory
0x0046B130,unknown,,review,unknown,ghidra-12.1.3-initial-inventory
0x0046B1B0,unknown,Cursor,review,pending,REF-024: complete natural canonical contribution with independent native owner/consumer and library anchor evidence. Real PMR vector and two std::stack<int> owners; original constructor EH unresolved. Original type/method spelling and authored/compiler/shared origin pending; no authored credit. Full cold relocation replay and independent portable resource/state checks pass. See docs/REFERENCE_FUNCTION_REVIEW.md.
0x0046B1E0,unknown,,review,unknown,ghidra-12.1.3-initial-inventory
0x0046B210,unknown,,review,unknown,ghidra-12.1.3-initial-inventory
0x0046B230,unknown,,review,unknown,ghidra-12.1.3-initial-inventory
0x0046B250,unknown,,review,unknown,ghidra-12.1.3-initial-inventory
0x0046B270,unknown,,review,unknown,ghidra-12.1.3-initial-inventory
0x0046B290,unknown,,review,unknown,ghidra-12.1.3-initial-inventory
0x0046B2B0,unknown,,review,unknown,ghidra-12.1.3-initial-inventory
0x0046B2E0,unknown,,review,unknown,ghidra-12.1.3-initial-inventory
0x0046B330,unknown,,review,unknown,ghidra-12.1.3-initial-inventory
0x0046B360,unknown,,review,unknown,ghidra-12.1.3-initial-inventory
0x0046B390,unknown,,review,unknown,ghidra-12.1.3-initial-inventory
0x0046B4E0,unknown,,review,unknown,ghidra-12.1.3-initial-inventory
0x0046B510,unknown,,review,unknown,ghidra-12.1.3-initial-inventory
0x0046B550,unknown,,review,unknown,ghidra-12.1.3-initial-inventory
0x0046B590,unknown,,review,unknown,ghidra-12.1.3-initial-inventory
0x0046B6E0,unknown,,review,unknown,ghidra-12.1.3-initial-inventory
0x0046B7F0,unknown,,review,unknown,ghidra-12.1.3-initial-inventory
0x0046B9A0,unknown,,review,unknown,ghidra-12.1.3-initial-inventory
0x0046BA20,unknown,,review,unknown,ghidra-12.1.3-initial-inventory
0x0046BB90,unknown,,review,unknown,ghidra-12.1.3-initial-inventory
0x0046C080,unknown,,review,unknown,ghidra-12.1.3-initial-inventory
0x0046C210,unknown,,review,unknown,ghidra-12.1.3-initial-inventory
0x0046C930,unknown,,review,unknown,ghidra-12.1.3-initial-inventory
0x0046C990,unknown,,review,unknown,ghidra-12.1.3-initial-inventory
0x0046CA40,unknown,,review,unknown,ghidra-12.1.3-initial-inventory
0x0046CC30,unknown,,review,unknown,ghidra-12.1.3-initial-inventory
0x0046CC80,unknown,,review,unknown,ghidra-12.1.3-initial-inventory
0x0046CD40,unknown,,review,unknown,ghidra-12.1.3-initial-inventory
0x0046CD80,unknown,,review,unknown,ghidra-12.1.3-initial-inventory
0x0046CE00,unknown,,review,unknown,ghidra-12.1.3-initial-inventory
0x0046CE90,unknown,,review,unknown,ghidra-12.1.3-initial-inventory
0x0046CF00,unknown,,review,unknown,ghidra-12.1.3-initial-inventory
0x0046CFA0,unknown,,review,unknown,ghidra-12.1.3-initial-inventory
0x0046D020,unknown,,review,unknown,ghidra-12.1.3-initial-inventory
0x0046D090,unknown,,review,unknown,ghidra-12.1.3-initial-inventory
0x0046D170,unknown,,review,unknown,ghidra-12.1.3-initial-inventory
0x0046D300,unknown,,review,unknown,ghidra-12.1.3-initial-inventory
0x0046E9E0,unknown,,review,unknown,ghidra-12.1.3-initial-inventory
0x0046EA70,unknown,,review,unknown,ghidra-12.1.3-initial-inventory
0x0046EAA0,unknown,,review,unknown,ghidra-12.1.3-initial-inventory
0x0046EAC0,unknown,,review,unknown,ghidra-12.1.3-initial-inventory
0x0046EAF0,unknown,,review,unknown,ghidra-12.1.3-initial-inventory
0x0046EB20,unknown,,review,unknown,ghidra-12.1.3-initial-inventory
0x0046EB50,unknown,,review,unknown,ghidra-12.1.3-initial-inventory
0x0046EB80,unknown,,review,unknown,ghidra-12.1.3-initial-inventory
0x0046EBB0,unknown,,review,unknown,ghidra-12.1.3-initial-inventory
0x0046EBD0,unknown,,review,unknown,ghidra-12.1.3-initial-inventory
0x0046EBF0,unknown,,review,unknown,ghidra-12.1.3-initial-inventory
0x0046EC50,unknown,,review,unknown,ghidra-12.1.3-initial-inventory
0x0046EC80,unknown,,review,unknown,ghidra-12.1.3-initial-inventory
0x0046ECF0,unknown,,review,unknown,ghidra-12.1.3-initial-inventory
0x0046ED60,unknown,,review,unknown,ghidra-12.1.3-initial-inventory
0x0046ED90,unknown,,review,unknown,ghidra-12.1.3-initial-inventory
0x0046EEE0,unknown,,review,unknown,ghidra-12.1.3-initial-inventory
0x0046EEF0,unknown,,review,unknown,ghidra-12.1.3-initial-inventory
0x0046EF00,unknown,,review,unknown,ghidra-12.1.3-initial-inventory
0x0046EF50,unknown,,review,unknown,ghidra-12.1.3-initial-inventory
0x0046EF70,unknown,,review,unknown,ghidra-12.1.3-initial-inventory
0x0046EF80,unknown,,review,unknown,ghidra-12.1.3-initial-inventory
0x0046F100,unknown,,review,unknown,ghidra-12.1.3-initial-inventory
0x0046FB40,unknown,,review,unknown,ghidra-12.1.3-initial-inventory
0x0046FBD0,unknown,,review,unknown,ghidra-12.1.3-initial-inventory
0x0046FC00,unknown,,review,unknown,ghidra-12.1.3-initial-inventory
0x0046FC30,unknown,,review,unknown,ghidra-12.1.3-initial-inventory
0x0046FC70,unknown,,review,unknown,ghidra-12.1.3-initial-inventory
0x0046FC80,unknown,,review,unknown,ghidra-12.1.3-initial-inventory
0x0046FCA0,unknown,,review,unknown,ghidra-12.1.3-initial-inventory
0x0046FCB0,unknown,,review,unknown,ghidra-12.1.3-initial-inventory
0x0046FCE0,unknown,,review,unknown,ghidra-12.1.3-initial-inventory
0x0046FF30,unknown,,review,unknown,ghidra-12.1.3-initial-inventory
0x0046FF80,unknown,,review,unknown,ghidra-12.1.3-initial-inventory
0x0046FFC0,unknown,,review,unknown,ghidra-12.1.3-initial-inventory
0x0046FFD0,unknown,,review,unknown,ghidra-12.1.3-initial-inventory
0x00470030,unknown,,review,unknown,ghidra-12.1.3-initial-inventory
0x00470140,unknown,,review,unknown,ghidra-12.1.3-initial-inventory
0x00470180,unknown,,review,unknown,ghidra-12.1.3-initial-inventory
0x00470220,unknown,,review,unknown,ghidra-12.1.3-initial-inventory
0x00470250,unknown,,review,unknown,ghidra-12.1.3-initial-inventory
0x00470270,unknown,,review,unknown,ghidra-12.1.3-initial-inventory
0x004702B0,unknown,,review,unknown,ghidra-12.1.3-initial-inventory
0x00470300,unknown,,review,unknown,ghidra-12.1.3-initial-inventory
0x00470310,unknown,,review,unknown,ghidra-12.1.3-initial-inventory
0x00470360,unknown,,review,unknown,ghidra-12.1.3-initial-inventory
0x004703A0,unknown,,review,unknown,ghidra-12.1.3-initial-inventory
0x004703C0,unknown,,review,unknown,ghidra-12.1.3-initial-inventory
0x004704A0,unknown,,review,unknown,ghidra-12.1.3-initial-inventory
0x004704B0,unknown,,review,unknown,ghidra-12.1.3-initial-inventory
0x004704F0,unknown,,review,unknown,ghidra-12.1.3-initial-inventory
0x00470510,unknown,,review,unknown,ghidra-12.1.3-initial-inventory
0x00470530,unknown,,review,unknown,ghidra-12.1.3-initial-inventory
0x00470540,unknown,,review,unknown,ghidra-12.1.3-initial-inventory
0x00470550,unknown,,review,unknown,ghidra-12.1.3-initial-inventory
0x004705A0,unknown,,review,unknown,ghidra-12.1.3-initial-inventory
0x00470600,unknown,,review,unknown,ghidra-12.1.3-initial-inventory
0x00470620,unknown,,review,unknown,ghidra-12.1.3-initial-inventory
0x00470670,unknown,,review,unknown,ghidra-12.1.3-initial-inventory
0x00470680,unknown,,review,unknown,ghidra-12.1.3-initial-inventory
0x004708E0,unknown,,review,unknown,ghidra-12.1.3-initial-inventory
0x00470920,unknown,Rectangle,review,pending,"REF-022; Complete72-byte cdecl bool/AL helper independently observed in atlas470680; inclusive touching edges, signed comparisons after modulo32 endpoint additions. Natural body uses unsigned additions rather than signed-overflow UB or helper partition. Original helper spelling and authored versus generic/library provenance remain pending; exact credit is kept separate from authored credit. Public lattice intersections and overflow fixtures pass UBSan."
0x00470970,unknown,,review,unknown,ghidra-12.1.3-initial-inventory
0x004709D0,unknown,,review,unknown,ghidra-12.1.3-initial-inventory
0x004709E0,unknown,,review,unknown,ghidra-12.1.3-initial-inventory
0x00470A20,unknown,,review,unknown,ghidra-12.1.3-initial-inventory
0x00470A40,unknown,,review,unknown,ghidra-12.1.3-initial-inventory
0x00470A60,unknown,,review,unknown,ghidra-12.1.3-initial-inventory
0x00470A80,unknown,,review,unknown,ghidra-12.1.3-initial-inventory
0x00470AB0,unknown,,review,unknown,ghidra-12.1.3-initial-inventory
0x00470AD0,unknown,,review,unknown,ghidra-12.1.3-initial-inventory
0x00470AF0,unknown,,review,unknown,ghidra-12.1.3-initial-inventory
0x00470B20,unknown,,review,unknown,ghidra-12.1.3-initial-inventory
0x00470B40,unknown,,review,unknown,ghidra-12.1.3-initial-inventory
0x00470B60,unknown,AnimationParameters,review,pending,"EXACT-065: Complete Enemy animation dispatcher (967 instruction and 77 alignment/table bytes), plus 19 actual argument/value/animation parameter bodies: 2218 instruction / 2295 comparison bytes. Actual PMR vector, handle, reference and mixed color/flag protocols independently bind every relocation. Frozen-source 481 units / 90 objects / 88842 disjoint bytes cold-replay. Owned O2/UBSan tests cover all 13 operations, 19 table entries/defaults, ordered reads, handle failure, growth, narrowing, interpolation, layer boundaries and flag retention. Whole 0048C010, laser/callback ownership, queues and whole-game linkage/runtime remain pending. See docs/EXACT_ENEMY_ANIMATION_RECONSTRUCTION.md."
0x00470B80,unknown,,review,unknown,ghidra-12.1.3-initial-inventory
0x00470E50,unknown,AnimationParameters,review,pending,"EXACT-065: Complete Enemy animation dispatcher (967 instruction and 77 alignment/table bytes), plus 19 actual argument/value/animation parameter bodies: 2218 instruction / 2295 comparison bytes. Actual PMR vector, handle, reference and mixed color/flag protocols independently bind every relocation. Frozen-source 481 units / 90 objects / 88842 disjoint bytes cold-replay. Owned O2/UBSan tests cover all 13 operations, 19 table entries/defaults, ordered reads, handle failure, growth, narrowing, interpolation, layer boundaries and flag retention. Whole 0048C010, laser/callback ownership, queues and whole-game linkage/runtime remain pending. See docs/EXACT_ENEMY_ANIMATION_RECONSTRUCTION.md."
0x00470E90,unknown,,review,unknown,ghidra-12.1.3-initial-inventory
0x00470ED0,unknown,,review,unknown,ghidra-12.1.3-initial-inventory
0x00471050,unknown,,review,unknown,ghidra-12.1.3-initial-inventory
0x00471060,unknown,,review,unknown,ghidra-12.1.3-initial-inventory
0x004710C0,unknown,,review,unknown,ghidra-12.1.3-initial-inventory
0x004710F0,unknown,,review,unknown,ghidra-12.1.3-initial-inventory
0x00471130,unknown,,review,unknown,ghidra-12.1.3-initial-inventory
0x00471160,unknown,,review,unknown,ghidra-12.1.3-initial-inventory
0x00471170,unknown,,review,unknown,ghidra-12.1.3-initial-inventory
0x004711A0,unknown,,review,unknown,ghidra-12.1.3-initial-inventory
0x00471210,unknown,,review,unknown,ghidra-12.1.3-initial-inventory
0x00471280,unknown,,review,unknown,ghidra-12.1.3-initial-inventory
0x004712D0,unknown,,review,unknown,ghidra-12.1.3-initial-inventory
0x004713B0,unknown,,review,unknown,ghidra-12.1.3-initial-inventory
0x004713C0,unknown,,review,unknown,ghidra-12.1.3-initial-inventory
0x00471410,unknown,Interpolation,review,pending,"REF-043: independently maintained natural FogValue28 member or shared FogInterpolation164 constructor. Native camera member, five28-byte curve values, seven-word sampling copies and hidden-result member calls establish storage/ABI. All seven whole native ranges decode/flow-close and agree with attested Ghidra; call destinations read before probes independently anchor relocations. Seven new units1043bytes, all241units/57coldobjects/18320disjointbytes exact. Independent C++20/UBSan guarded construction, finite arithmetic, raw distance payload, signed-zero, repacking, input preservation and assignment alias checks pass. Channel truncation must be int32-representable; nonfinite/out-of-range channel conversion is outside portable C++ acceptance. Original names/origins/full Background/Camera/ANM/VM/EH/resource ownership open. See docs/REFERENCE_STAGE_BACKGROUND_REVIEW.md."
0x00471480,unknown,,review,unknown,ghidra-12.1.3-initial-inventory
0x004715C0,unknown,,review,unknown,ghidra-12.1.3-initial-inventory
0x00471790,unknown,Viewport,review,pending,"EXACT-061: Whole Enemy movement update1675 and fourteen actual owner/interface functions; native Graphics0xDE8/Viewport0x16C/Configuration0xB0/AnimationFile0x70/Context0x30 and typed parent/controller/file protocol. Independent definitions, SDK/atomic/array/global consumers, complete flags5 EH and strict float-to-double CRT fabs are audited. Full frozen-source cold replay442units/84objects/84017disjointbytes; owned C++20/O2/UBSan movement/order/bounds/initialization checks pass. Fourteen supporting aliases/library/EH contributions have no duplicate credit. New origins pending; whole Enemy dispatcher, unresolved production lifetimes/resolution/spawn/global definitions and whole-game linkage remain open. See docs/EXACT_ENEMY_UPDATE_RECONSTRUCTION.md."
0x004718D0,unknown,FogValue,review,pending,"REF-043: independently maintained natural FogValue28 member or shared FogInterpolation164 constructor. Native camera member, five28-byte curve values, seven-word sampling copies and hidden-result member calls establish storage/ABI. All seven whole native ranges decode/flow-close and agree with attested Ghidra; call destinations read before probes independently anchor relocations. Seven new units1043bytes, all241units/57coldobjects/18320disjointbytes exact. Independent C++20/UBSan guarded construction, finite arithmetic, raw distance payload, signed-zero, repacking, input preservation and assignment alias checks pass. Channel truncation must be int32-representable; nonfinite/out-of-range channel conversion is outside portable C++ acceptance. Original names/origins/full Background/Camera/ANM/VM/EH/resource ownership open. See docs/REFERENCE_STAGE_BACKGROUND_REVIEW.md."
0x00471940,unknown,FogValue,review,pending,"REF-043: independently maintained natural FogValue28 member or shared FogInterpolation164 constructor. Native camera member, five28-byte curve values, seven-word sampling copies and hidden-result member calls establish storage/ABI. All seven whole native ranges decode/flow-close and agree with attested Ghidra; call destinations read before probes independently anchor relocations. Seven new units1043bytes, all241units/57coldobjects/18320disjointbytes exact. Independent C++20/UBSan guarded construction, finite arithmetic, raw distance payload, signed-zero, repacking, input preservation and assignment alias checks pass. Channel truncation must be int32-representable; nonfinite/out-of-range channel conversion is outside portable C++ acceptance. Original names/origins/full Background/Camera/ANM/VM/EH/resource ownership open. See docs/REFERENCE_STAGE_BACKGROUND_REVIEW.md."
0x00471980,unknown,,review,unknown,ghidra-12.1.3-initial-inventory
0x00471C40,unknown,,review,unknown,ghidra-12.1.3-initial-inventory
0x00471CA0,unknown,,review,unknown,ghidra-12.1.3-initial-inventory
0x00471DB0,unknown,FogValue,review,pending,"REF-043: independently maintained natural FogValue28 member or shared FogInterpolation164 constructor. Native camera member, five28-byte curve values, seven-word sampling copies and hidden-result member calls establish storage/ABI. All seven whole native ranges decode/flow-close and agree with attested Ghidra; call destinations read before probes independently anchor relocations. Seven new units1043bytes, all241units/57coldobjects/18320disjointbytes exact. Independent C++20/UBSan guarded construction, finite arithmetic, raw distance payload, signed-zero, repacking, input preservation and assignment alias checks pass. Channel truncation must be int32-representable; nonfinite/out-of-range channel conversion is outside portable C++ acceptance. Original names/origins/full Background/Camera/ANM/VM/EH/resource ownership open. See docs/REFERENCE_STAGE_BACKGROUND_REVIEW.md."
0x00471E60,unknown,FogValue,review,pending,"REF-043: independently maintained natural FogValue28 member or shared FogInterpolation164 constructor. Native camera member, five28-byte curve values, seven-word sampling copies and hidden-result member calls establish storage/ABI. All seven whole native ranges decode/flow-close and agree with attested Ghidra; call destinations read before probes independently anchor relocations. Seven new units1043bytes, all241units/57coldobjects/18320disjointbytes exact. Independent C++20/UBSan guarded construction, finite arithmetic, raw distance payload, signed-zero, repacking, input preservation and assignment alias checks pass. Channel truncation must be int32-representable; nonfinite/out-of-range channel conversion is outside portable C++ acceptance. Original names/origins/full Background/Camera/ANM/VM/EH/resource ownership open. See docs/REFERENCE_STAGE_BACKGROUND_REVIEW.md."
0x00471F50,unknown,FogValue,review,pending,"REF-043: independently maintained natural FogValue28 member or shared FogInterpolation164 constructor. Native camera member, five28-byte curve values, seven-word sampling copies and hidden-result member calls establish storage/ABI. All seven whole native ranges decode/flow-close and agree with attested Ghidra; call destinations read before probes independently anchor relocations. Seven new units1043bytes, all241units/57coldobjects/18320disjointbytes exact. Independent C++20/UBSan guarded construction, finite arithmetic, raw distance payload, signed-zero, repacking, input preservation and assignment alias checks pass. Channel truncation must be int32-representable; nonfinite/out-of-range channel conversion is outside portable C++ acceptance. Original names/origins/full Background/Camera/ANM/VM/EH/resource ownership open. See docs/REFERENCE_STAGE_BACKGROUND_REVIEW.md."
0x00472040,unknown,Timer,review,pending,"REF-019; Original sixteen-byte Timer construction and Ending timer member consumers independently establish storage, zero initialization, signed current value/remainder, integer subtraction and postfix dummy-argument wrappers. Complete canonical contributions and actual call anchors checked before probing. Original operator spelling is inferred; authored versus shared generic/compiler origin remains pending. Integer += remains nonexact: natural conversion emits an additional XORPS, 33 versus 31 bytes; no prefix or instruction shaping accepted. Wrapper exactness does not accept that callee or original numerical exception environment."
0x00472060,unknown,,review,unknown,ghidra-12.1.3-initial-inventory
0x00472090,unknown,,review,unknown,ghidra-12.1.3-initial-inventory
0x004720D0,unknown,,review,unknown,ghidra-12.1.3-initial-inventory
0x00472100,unknown,,review,unknown,ghidra-12.1.3-initial-inventory
0x004722E0,unknown,,review,unknown,ghidra-12.1.3-initial-inventory
0x00472840,unknown,,review,unknown,ghidra-12.1.3-initial-inventory
0x00472A10,unknown,,review,unknown,ghidra-12.1.3-initial-inventory
0x00472A30,unknown,,review,unknown,ghidra-12.1.3-initial-inventory
0x00472D10,unknown,,review,unknown,ghidra-12.1.3-initial-inventory
0x00473140,unknown,Interpolation,review,pending,"EXACT-046: shared easing/eight-type interpolation protocol dependency batch. Complete native flow, direct branches/returns, aggregate and scalar ABI, shared heads, constants and dispatch bindings independently audited. Cold strict replay291units/60objects/34844disjointbytes and finite C++20/UBSan curve/state/guard/wrapping/truncation checks pass. Names/origins pending. See docs/EXACT_INTERPOLATION_RECONSTRUCTION.md."
0x00473160,unknown,,review,unknown,ghidra-12.1.3-initial-inventory
0x00473400,unknown,FogValue,review,pending,"REF-043: independently maintained natural FogValue28 member or shared FogInterpolation164 constructor. Native camera member, five28-byte curve values, seven-word sampling copies and hidden-result member calls establish storage/ABI. All seven whole native ranges decode/flow-close and agree with attested Ghidra; call destinations read before probes independently anchor relocations. Seven new units1043bytes, all241units/57coldobjects/18320disjointbytes exact. Independent C++20/UBSan guarded construction, finite arithmetic, raw distance payload, signed-zero, repacking, input preservation and assignment alias checks pass. Channel truncation must be int32-representable; nonfinite/out-of-range channel conversion is outside portable C++ acceptance. Original names/origins/full Background/Camera/ANM/VM/EH/resource ownership open. See docs/REFERENCE_STAGE_BACKGROUND_REVIEW.md."
0x00473490,unknown,,review,unknown,ghidra-12.1.3-initial-inventory
0x00473590,unknown,Interpolation,review,pending,"EXACT-046: shared easing/eight-type interpolation protocol dependency batch. Complete native flow, direct branches/returns, aggregate and scalar ABI, shared heads, constants and dispatch bindings independently audited. Cold strict replay291units/60objects/34844disjointbytes and finite C++20/UBSan curve/state/guard/wrapping/truncation checks pass. Names/origins pending. See docs/EXACT_INTERPOLATION_RECONSTRUCTION.md."
0x004739D0,unknown,,review,unknown,ghidra-12.1.3-initial-inventory
0x004739E0,unknown,,review,unknown,ghidra-12.1.3-initial-inventory
0x00473B20,unknown,,review,unknown,ghidra-12.1.3-initial-inventory
0x00474780,unknown,,review,unknown,ghidra-12.1.3-initial-inventory
0x00474860,unknown,,review,unknown,ghidra-12.1.3-initial-inventory
0x00474870,unknown,,review,unknown,ghidra-12.1.3-initial-inventory
0x00474880,unknown,,review,unknown,ghidra-12.1.3-initial-inventory
0x00474CE0,unknown,Interpolation,review,pending,"EXACT-046: shared easing/eight-type interpolation protocol dependency batch. Complete native flow, direct branches/returns, aggregate and scalar ABI, shared heads, constants and dispatch bindings independently audited. Cold strict replay291units/60objects/34844disjointbytes and finite C++20/UBSan curve/state/guard/wrapping/truncation checks pass. Names/origins pending. See docs/EXACT_INTERPOLATION_RECONSTRUCTION.md."
0x00474D40,unknown,,review,unknown,ghidra-12.1.3-initial-inventory
0x00474D60,unknown,,review,unknown,ghidra-12.1.3-initial-inventory
0x00474D80,unknown,,review,unknown,ghidra-12.1.3-initial-inventory
0x00474DD0,unknown,,review,unknown,ghidra-12.1.3-initial-inventory
0x00474E00,unknown,,review,unknown,ghidra-12.1.3-initial-inventory
0x00474E20,unknown,,review,unknown,ghidra-12.1.3-initial-inventory
0x00474E40,unknown,,review,unknown,ghidra-12.1.3-initial-inventory
0x00474E70,unknown,,review,unknown,ghidra-12.1.3-initial-inventory
0x004750A0,unknown,,review,unknown,ghidra-12.1.3-initial-inventory
0x00475120,unknown,,review,unknown,ghidra-12.1.3-initial-inventory
0x00475150,unknown,,review,unknown,ghidra-12.1.3-initial-inventory
0x00475170,unknown,,review,unknown,ghidra-12.1.3-initial-inventory
0x004751B0,unknown,,review,unknown,ghidra-12.1.3-initial-inventory
0x004773C0,unknown,,review,unknown,ghidra-12.1.3-initial-inventory
0x00477450,unknown,,review,unknown,ghidra-12.1.3-initial-inventory
0x00477480,unknown,,review,unknown,ghidra-12.1.3-initial-inventory
0x00477520,unknown,,review,unknown,ghidra-12.1.3-initial-inventory
0x00477640,unknown,,review,unknown,ghidra-12.1.3-initial-inventory
0x00477670,unknown,,review,unknown,ghidra-12.1.3-initial-inventory
0x004776A0,unknown,,review,unknown,ghidra-12.1.3-initial-inventory
0x004776C0,unknown,,review,unknown,ghidra-12.1.3-initial-inventory
0x00477750,unknown,,review,unknown,ghidra-12.1.3-initial-inventory
0x00477770,unknown,,review,unknown,ghidra-12.1.3-initial-inventory
0x00477790,unknown,,review,unknown,ghidra-12.1.3-initial-inventory
0x004777C0,unknown,,review,unknown,ghidra-12.1.3-initial-inventory
0x004777F0,unknown,,review,unknown,ghidra-12.1.3-initial-inventory
0x00477820,unknown,,review,unknown,ghidra-12.1.3-initial-inventory
0x00477840,unknown,,review,unknown,ghidra-12.1.3-initial-inventory
0x00477860,unknown,,review,unknown,ghidra-12.1.3-initial-inventory
0x00477880,unknown,,review,unknown,ghidra-12.1.3-initial-inventory
0x004778E0,unknown,,review,unknown,ghidra-12.1.3-initial-inventory
0x00477910,unknown,,review,unknown,ghidra-12.1.3-initial-inventory
0x00477960,unknown,,review,unknown,ghidra-12.1.3-initial-inventory
0x004779B0,unknown,,review,unknown,ghidra-12.1.3-initial-inventory
0x00477A60,unknown,,review,unknown,ghidra-12.1.3-initial-inventory
0x00477AE0,unknown,,review,unknown,ghidra-12.1.3-initial-inventory
0x00477B80,unknown,Motion,review,pending,"EXACT-061: Whole Enemy movement update1675 and fourteen actual owner/interface functions; native Graphics0xDE8/Viewport0x16C/Configuration0xB0/AnimationFile0x70/Context0x30 and typed parent/controller/file protocol. Independent definitions, SDK/atomic/array/global consumers, complete flags5 EH and strict float-to-double CRT fabs are audited. Full frozen-source cold replay442units/84objects/84017disjointbytes; owned C++20/O2/UBSan movement/order/bounds/initialization checks pass. Fourteen supporting aliases/library/EH contributions have no duplicate credit. New origins pending; whole Enemy dispatcher, unresolved production lifetimes/resolution/spawn/global definitions and whole-game linkage remain open. See docs/EXACT_ENEMY_UPDATE_RECONSTRUCTION.md."
0x00477BB0,unknown,,review,unknown,ghidra-12.1.3-initial-inventory
0x00477BF0,unknown,,review,unknown,ghidra-12.1.3-initial-inventory
0x00477C20,unknown,,review,unknown,ghidra-12.1.3-initial-inventory
0x00477CB0,unknown,,review,unknown,ghidra-12.1.3-initial-inventory
0x00477CE0,unknown,,review,unknown,ghidra-12.1.3-initial-inventory
0x00477CF0,unknown,,review,unknown,ghidra-12.1.3-initial-inventory
0x00477D30,unknown,,review,unknown,ghidra-12.1.3-initial-inventory
0x00477DC0,unknown,,review,unknown,ghidra-12.1.3-initial-inventory
0x00477E30,unknown,,review,unknown,ghidra-12.1.3-initial-inventory
0x00477F00,unknown,,review,unknown,ghidra-12.1.3-initial-inventory
0x00477F40,unknown,,review,unknown,ghidra-12.1.3-initial-inventory
0x00477F60,unknown,,review,unknown,ghidra-12.1.3-initial-inventory
0x00477FB0,unknown,,review,unknown,ghidra-12.1.3-initial-inventory
0x00477FC0,unknown,,review,unknown,ghidra-12.1.3-initial-inventory
0x00477FD0,unknown,,review,unknown,ghidra-12.1.3-initial-inventory
0x00477FF0,unknown,,review,unknown,ghidra-12.1.3-initial-inventory
0x00478040,unknown,,review,unknown,ghidra-12.1.3-initial-inventory
0x00478060,unknown,Session,review,pending,"EXACT-073: Twenty whole Session/PlayerTable construction, real process initializer, indexed/current-record/Controller lookups, mode/clamp queries, continue and flag updates add1167body/1177comparisonbytes. Complete560unit/101fresh-object graph replays98007disjointbytes. Actual704-byte BSS, original CRT registration, two real Contexts/two PlayerRecords, independent double-clock consumer, natural alignment gaps and complete EH/array helper establish the owned protocol. O2/UBSan checks run actual production lifetimes/lookups, whole-object preservation, signed/wrapped counters and retained flags. Whole Enemy readers, Player/card/game/Controller owners,41KB opcode root and whole-game link/runtime remain open; authored origins are not inferred. See docs/EXACT_SESSION_RECONSTRUCTION.md."
0x00478080,unknown,EnemyCreation,review,pending,"EXACT-066: Nineteen complete actual Enemy creation/initialization, script reset/selection, generation, hidden-result identifier and non-consuming value forwarding bodies;1279bytes. Frozen-source500units/93coldobjects/90121disjointbytes strictly replay. Owned O2/UBSan tests exercise actual creation/init/reset/selection and list/generation lifetimes. Scalar allocation/context/spawn application, supplied-value virtual materialization, whole653-byte spawn opcode and41KB main dispatcher remain pending. See docs/EXACT_ENEMY_CREATION_RECONSTRUCTION.md."
0x004780A0,unknown,,review,unknown,ghidra-12.1.3-initial-inventory
0x00478130,unknown,,review,unknown,ghidra-12.1.3-initial-inventory
0x00478160,unknown,,review,unknown,ghidra-12.1.3-initial-inventory
0x00478190,unknown,,review,unknown,ghidra-12.1.3-initial-inventory
0x00478260,unknown,,review,unknown,ghidra-12.1.3-initial-inventory
0x00478290,unknown,,review,unknown,ghidra-12.1.3-initial-inventory
0x004782D0,unknown,,review,unknown,ghidra-12.1.3-initial-inventory
0x00478300,unknown,,review,unknown,ghidra-12.1.3-initial-inventory
0x00478380,unknown,,review,unknown,ghidra-12.1.3-initial-inventory
0x004783A0,unknown,,review,unknown,ghidra-12.1.3-initial-inventory
0x00478430,unknown,,review,unknown,ghidra-12.1.3-initial-inventory
0x004784E0,unknown,,review,unknown,ghidra-12.1.3-initial-inventory
0x00478530,unknown,Motion,review,pending,"REF-030: complete natural shared value/math/member; native complete flow, typed producers/consumers and independent callee/PE literal anchors audited.144-unit/38-object cold canonical replay and C++20/UBSan checks pass. Original names and authored/compiler/shared origins pending. Related884-body reference review remains ongoing; see docs/REFERENCE_PLAYER_BOMB_ITEM_REVIEW.md."
0x004785C0,unknown,,review,unknown,ghidra-12.1.3-initial-inventory
0x004785E0,authored,Timer,authored,high,"REF-015; Original StageClear state thresholds independently call this Timer receiver predicate; custom game Timer member, full signed current comparison and bool/RET4 ABI. Complete46-byte extent ends after RET4; no padding/table/relocations or source shaping."
0x00478610,unknown,,review,unknown,ghidra-12.1.3-initial-inventory
0x00478640,unknown,,review,unknown,ghidra-12.1.3-initial-inventory
0x00478680,unknown,,review,unknown,ghidra-12.1.3-initial-inventory
0x00478BF0,unknown,,review,unknown,ghidra-12.1.3-initial-inventory
0x00478C00,unknown,,review,unknown,ghidra-12.1.3-initial-inventory
0x00478E00,unknown,,review,unknown,ghidra-12.1.3-initial-inventory
0x00478E40,unknown,,review,unknown,ghidra-12.1.3-initial-inventory
0x00478E80,unknown,Bullet,review,pending,"EXACT-078: Eleven whole Bullet/Controller/array/resource/context contributions add1471body/1491comparisonbytes. Frozen591unit/108fresh-object graph strictly replays102474disjointbytes. Native286DA8allocation, BulletInf RTTI/vtable/original literal, Context slot0 publication, 528stride/2001Bullet pool, 14realExtendedCommands and2001typedhandles, full array construction/destruction/EH, genuine shared_ptr<ShotMetadata> ownership and two six-pointer draw arrays establish actual owner. Controller4992F0 reads its count at44, reached by478E80 and direct40C300; it is not Game or Enemy storage. Owned O2/UBSan checks cover all2001dirty records/natural gaps, real sentinel lists, two Context routes, complete count/binding mutation boundaries, actual callback disabling and whole shared metadata release including the final pool slot and actual pool destruction. Controller destruction/enable are explicit fixtures; startup/factory/initialize/update/draw, renderer/whole readers/opcode root remain open. No reference pointer-reference/value ABI substitution, flattened layouts or Services suffix is imported. Authored origins remain pending. See docs/EXACT_BULLET_STORAGE_RECONSTRUCTION.md."
0x00478EA0,unknown,Card,review,pending,"EXACT-075: Six whole Card construction/time-state/binding/lookup contributions add725body/730comparisonbytes. Frozen568unit/104fresh-object graph replays99122disjointbytes. Native200-byte allocation, CardInf RTTI/vtable/string, real five typed handles/Timer/Vector3, aligned double clocks/natural gaps and complete nonthrowing EH establish actual owner. Defined32-bit wrapping encoding preserves all three native stores and signed remainders; validation returns full-width int0/1. Actual Session/Context binds stored index and publishes borrowed Card pointer. Shared Context getter/setter physical folding adds no duplicate coverage. O2/UBSan dirty guards, independent wide arithmetic, valid/corrupted words and whole-state/two-context checks pass. Card destruction remains an explicit fixture; factory/initialization/gameplay/disposal, Player/game owners, whole readers,41KB opcode root and whole-game runtime remain open. Authored origins stay pending. See docs/EXACT_CARD_RECONSTRUCTION.md."
0x00478EC0,unknown,,review,unknown,ghidra-12.1.3-initial-inventory
0x00478EE0,unknown,,review,unknown,ghidra-12.1.3-initial-inventory
0x00478F00,unknown,,review,unknown,ghidra-12.1.3-initial-inventory
0x00478F70,unknown,,review,unknown,ghidra-12.1.3-initial-inventory
0x00479020,unknown,,review,unknown,ghidra-12.1.3-initial-inventory
0x00479040,unknown,,review,unknown,ghidra-12.1.3-initial-inventory
0x00479060,unknown,,review,unknown,ghidra-12.1.3-initial-inventory
0x00479080,unknown,,review,unknown,ghidra-12.1.3-initial-inventory
0x004790A0,unknown,,review,unknown,ghidra-12.1.3-initial-inventory
0x004790C0,unknown,,review,unknown,ghidra-12.1.3-initial-inventory
0x004790E0,unknown,,review,unknown,ghidra-12.1.3-initial-inventory
0x00479120,unknown,,review,unknown,ghidra-12.1.3-initial-inventory
0x00479140,unknown,,review,unknown,ghidra-12.1.3-initial-inventory
0x004791D0,unknown,,review,unknown,ghidra-12.1.3-initial-inventory
0x00479280,unknown,,review,unknown,ghidra-12.1.3-initial-inventory
0x004792F0,unknown,,review,unknown,ghidra-12.1.3-initial-inventory
0x00479320,unknown,,review,unknown,ghidra-12.1.3-initial-inventory
0x00479360,unknown,,review,unknown,ghidra-12.1.3-initial-inventory
0x00479860,unknown,,review,unknown,ghidra-12.1.3-initial-inventory
0x00479E10,unknown,,review,unknown,ghidra-12.1.3-initial-inventory
0x00479F90,unknown,,review,unknown,ghidra-12.1.3-initial-inventory
0x00479FD0,unknown,,review,unknown,ghidra-12.1.3-initial-inventory
0x0047A090,unknown,,review,unknown,ghidra-12.1.3-initial-inventory
0x0047A1B0,unknown,,review,unknown,ghidra-12.1.3-initial-inventory
0x0047A1F0,unknown,Motion,review,pending,"REF-031: actual72-byte Motion member; update calls velocity then position at independently audited native thiscall boundaries, left undefined. Bounds returns fullEAX0/1, confirmed by479360 caller, preserves strict outside comparisons and unordered behavior. Complete native flow and independent PE2.0 anchor audited.146-unit/38-object cold replay and C++20/UBSan tests pass. Origin pending; related884-body review ongoing; see docs/REFERENCE_PLAYER_BOMB_ITEM_REVIEW.md."
0x0047A210,unknown,,review,unknown,ghidra-12.1.3-initial-inventory
0x0047A240,unknown,,review,unknown,ghidra-12.1.3-initial-inventory
0x0047A2A0,unknown,,review,unknown,ghidra-12.1.3-initial-inventory
0x0047A2C0,unknown,Enemy,review,pending,"EXACT-061: Whole Enemy movement update1675 and fourteen actual owner/interface functions; native Graphics0xDE8/Viewport0x16C/Configuration0xB0/AnimationFile0x70/Context0x30 and typed parent/controller/file protocol. Independent definitions, SDK/atomic/array/global consumers, complete flags5 EH and strict float-to-double CRT fabs are audited. Full frozen-source cold replay442units/84objects/84017disjointbytes; owned C++20/O2/UBSan movement/order/bounds/initialization checks pass. Fourteen supporting aliases/library/EH contributions have no duplicate credit. New origins pending; whole Enemy dispatcher, unresolved production lifetimes/resolution/spawn/global definitions and whole-game linkage remain open. See docs/EXACT_ENEMY_UPDATE_RECONSTRUCTION.md."
0x0047A2E0,unknown,,review,unknown,ghidra-12.1.3-initial-inventory
0x0047A320,unknown,,review,unknown,ghidra-12.1.3-initial-inventory
0x0047A340,unknown,,review,unknown,ghidra-12.1.3-initial-inventory
0x0047A370,unknown,,review,unknown,ghidra-12.1.3-initial-inventory
0x0047A3E0,unknown,,review,unknown,ghidra-12.1.3-initial-inventory
0x0047A400,unknown,Motion,review,pending,"REF-031: actual72-byte Motion member; update calls velocity then position at independently audited native thiscall boundaries, left undefined. Bounds returns fullEAX0/1, confirmed by479360 caller, preserves strict outside comparisons and unordered behavior. Complete native flow and independent PE2.0 anchor audited.146-unit/38-object cold replay and C++20/UBSan tests pass. Origin pending; related884-body review ongoing; see docs/REFERENCE_PLAYER_BOMB_ITEM_REVIEW.md."
0x0047A4A0,unknown,,review,unknown,ghidra-12.1.3-initial-inventory
0x0047A4C0,unknown,Motion,review,pending,"EXACT-059: Whole EnemyState movement composition/bounds, direct Motion configuration and nonthrowing Enemy construction on actual shared owners. Complete native flow/record stride, independent relocation definitions, destructor vptr producer and full flags5 EH metadata/handlers audited. Full frozen-source cold replay417units/78objects/76932disjointbytes; owned C++20/O2/UBSan multi-component/bounds/frozen/NaN/flag-storage checks pass. Shared X aliases/EH support have no duplicate coverage; new origins pending. Whole Enemy dispatcher/movement update, base/list production lifetimes, ANM/context/global and whole-game linkage remain open. See docs/EXACT_ENEMY_MOVEMENT_RECONSTRUCTION.md."
0x0047A4E0,unknown,,review,unknown,ghidra-12.1.3-initial-inventory
0x0047A500,unknown,Motion,review,pending,"EXACT-059: Whole EnemyState movement composition/bounds, direct Motion configuration and nonthrowing Enemy construction on actual shared owners. Complete native flow/record stride, independent relocation definitions, destructor vptr producer and full flags5 EH metadata/handlers audited. Full frozen-source cold replay417units/78objects/76932disjointbytes; owned C++20/O2/UBSan multi-component/bounds/frozen/NaN/flag-storage checks pass. Shared X aliases/EH support have no duplicate coverage; new origins pending. Whole Enemy dispatcher/movement update, base/list production lifetimes, ANM/context/global and whole-game linkage remain open. See docs/EXACT_ENEMY_MOVEMENT_RECONSTRUCTION.md."
0x0047A520,unknown,Motion,review,pending,"EXACT-061: Whole Enemy movement update1675 and fourteen actual owner/interface functions; native Graphics0xDE8/Viewport0x16C/Configuration0xB0/AnimationFile0x70/Context0x30 and typed parent/controller/file protocol. Independent definitions, SDK/atomic/array/global consumers, complete flags5 EH and strict float-to-double CRT fabs are audited. Full frozen-source cold replay442units/84objects/84017disjointbytes; owned C++20/O2/UBSan movement/order/bounds/initialization checks pass. Fourteen supporting aliases/library/EH contributions have no duplicate credit. New origins pending; whole Enemy dispatcher, unresolved production lifetimes/resolution/spawn/global definitions and whole-game linkage remain open. See docs/EXACT_ENEMY_UPDATE_RECONSTRUCTION.md."
0x0047A540,unknown,Motion,review,pending,"EXACT-061: Whole Enemy movement update1675 and fourteen actual owner/interface functions; native Graphics0xDE8/Viewport0x16C/Configuration0xB0/AnimationFile0x70/Context0x30 and typed parent/controller/file protocol. Independent definitions, SDK/atomic/array/global consumers, complete flags5 EH and strict float-to-double CRT fabs are audited. Full frozen-source cold replay442units/84objects/84017disjointbytes; owned C++20/O2/UBSan movement/order/bounds/initialization checks pass. Fourteen supporting aliases/library/EH contributions have no duplicate credit. New origins pending; whole Enemy dispatcher, unresolved production lifetimes/resolution/spawn/global definitions and whole-game linkage remain open. See docs/EXACT_ENEMY_UPDATE_RECONSTRUCTION.md."
0x0047A560,unknown,Motion,review,pending,"EXACT-059: Whole EnemyState movement composition/bounds, direct Motion configuration and nonthrowing Enemy construction on actual shared owners. Complete native flow/record stride, independent relocation definitions, destructor vptr producer and full flags5 EH metadata/handlers audited. Full frozen-source cold replay417units/78objects/76932disjointbytes; owned C++20/O2/UBSan multi-component/bounds/frozen/NaN/flag-storage checks pass. Shared X aliases/EH support have no duplicate coverage; new origins pending. Whole Enemy dispatcher/movement update, base/list production lifetimes, ANM/context/global and whole-game linkage remain open. See docs/EXACT_ENEMY_MOVEMENT_RECONSTRUCTION.md."
0x0047A5C0,unknown,Motion,review,pending,"EXACT-059: Whole EnemyState movement composition/bounds, direct Motion configuration and nonthrowing Enemy construction on actual shared owners. Complete native flow/record stride, independent relocation definitions, destructor vptr producer and full flags5 EH metadata/handlers audited. Full frozen-source cold replay417units/78objects/76932disjointbytes; owned C++20/O2/UBSan multi-component/bounds/frozen/NaN/flag-storage checks pass. Shared X aliases/EH support have no duplicate coverage; new origins pending. Whole Enemy dispatcher/movement update, base/list production lifetimes, ANM/context/global and whole-game linkage remain open. See docs/EXACT_ENEMY_MOVEMENT_RECONSTRUCTION.md."
0x0047A5E0,unknown,Motion,review,pending,"EXACT-047: current-first/per-axis Enemy interpolation and direct movement dependencies. Complete flow/ABI/native388stride, signed duration, actual indexed float subobjects, shared stop head, constants and caller bindings audited. Cold strict replay299units/60objects/37560disjointbytes and C++20/UBSan mixed-axis/terminal/clock/storage/acceleration checks pass. Names/origins pending. See docs/EXACT_ENEMY_INTERPOLATION_RECONSTRUCTION.md."
0x0047A610,unknown,,review,unknown,ghidra-12.1.3-initial-inventory
0x0047A630,unknown,ScalarMath,review,pending,"EXACT-061: Whole Enemy movement update1675 and fourteen actual owner/interface functions; native Graphics0xDE8/Viewport0x16C/Configuration0xB0/AnimationFile0x70/Context0x30 and typed parent/controller/file protocol. Independent definitions, SDK/atomic/array/global consumers, complete flags5 EH and strict float-to-double CRT fabs are audited. Full frozen-source cold replay442units/84objects/84017disjointbytes; owned C++20/O2/UBSan movement/order/bounds/initialization checks pass. Fourteen supporting aliases/library/EH contributions have no duplicate credit. New origins pending; whole Enemy dispatcher, unresolved production lifetimes/resolution/spawn/global definitions and whole-game linkage remain open. See docs/EXACT_ENEMY_UPDATE_RECONSTRUCTION.md."
0x0047A660,library,EnemyShotAllocation,exclude,high,"EXACT-064: Native RTTI establishes global EtamaArgInf/DebugAllocator. Real slot-1 guarded scalar allocation/release, metadata copy and five std-associated control/factory bodies; eight complete functions /1131 instruction+10 alignment bytes strictly replay. Full generated RTTI, vtable, EH and direct owned support replay without duplicate credit. Frozen-source461units/87objects/86547disjointbytes. Owned locking, recursive acquisition, allocator-selected isolated copy, move and strong/weak lifetime tests pass. Copy factory/control forwarding, whole queues, full Enemy dispatcher and whole-game linkage/runtime remain pending. See docs/EXACT_SHOT_ALLOCATION_RECONSTRUCTION.md. Original std RTTI, installed headers and actual control/factory ABI independently establish library association; no authored credit."
0x0047A710,unknown,,review,unknown,ghidra-12.1.3-initial-inventory
0x0047A770,unknown,,review,unknown,ghidra-12.1.3-initial-inventory
0x0047A790,unknown,,review,unknown,ghidra-12.1.3-initial-inventory
0x0047A7D0,unknown,,review,unknown,ghidra-12.1.3-initial-inventory
0x0047A820,unknown,,review,unknown,ghidra-12.1.3-initial-inventory
0x0047A840,unknown,,review,unknown,ghidra-12.1.3-initial-inventory
0x0047A860,unknown,,review,unknown,ghidra-12.1.3-initial-inventory
0x0047A880,unknown,,review,unknown,ghidra-12.1.3-initial-inventory
0x0047A8D0,unknown,,review,unknown,ghidra-12.1.3-initial-inventory
0x0047AAB0,unknown,,review,unknown,ghidra-12.1.3-initial-inventory
0x0047AB30,unknown,,review,unknown,ghidra-12.1.3-initial-inventory
0x0047AB60,unknown,,review,unknown,ghidra-12.1.3-initial-inventory
0x0047ABB0,unknown,,review,unknown,ghidra-12.1.3-initial-inventory
0x0047AC10,unknown,,review,unknown,ghidra-12.1.3-initial-inventory
0x0047AC60,unknown,,review,unknown,ghidra-12.1.3-initial-inventory
0x0047ACB0,unknown,,review,unknown,ghidra-12.1.3-initial-inventory
0x0047AD10,unknown,,review,unknown,ghidra-12.1.3-initial-inventory
0x0047AD70,unknown,,review,unknown,ghidra-12.1.3-initial-inventory
0x0047ADA0,unknown,,review,unknown,ghidra-12.1.3-initial-inventory
0x0047ADE0,unknown,,review,unknown,ghidra-12.1.3-initial-inventory
0x0047AEE0,unknown,,review,unknown,ghidra-12.1.3-initial-inventory
0x0047B030,unknown,,review,unknown,ghidra-12.1.3-initial-inventory
0x0047B050,unknown,,review,unknown,ghidra-12.1.3-initial-inventory
0x0047B120,unknown,,review,unknown,ghidra-12.1.3-initial-inventory
0x0047B1F0,unknown,,review,unknown,ghidra-12.1.3-initial-inventory
0x0047B290,library,EnemyShotAllocation,exclude,high,"EXACT-064: Native RTTI establishes global EtamaArgInf/DebugAllocator. Real slot-1 guarded scalar allocation/release, metadata copy and five std-associated control/factory bodies; eight complete functions /1131 instruction+10 alignment bytes strictly replay. Full generated RTTI, vtable, EH and direct owned support replay without duplicate credit. Frozen-source461units/87objects/86547disjointbytes. Owned locking, recursive acquisition, allocator-selected isolated copy, move and strong/weak lifetime tests pass. Copy factory/control forwarding, whole queues, full Enemy dispatcher and whole-game linkage/runtime remain pending. See docs/EXACT_SHOT_ALLOCATION_RECONSTRUCTION.md. Original std RTTI, installed headers and actual control/factory ABI independently establish library association; no authored credit."
0x0047B370,unknown,,review,unknown,ghidra-12.1.3-initial-inventory
0x0047B3C0,unknown,,review,unknown,ghidra-12.1.3-initial-inventory
0x0047B410,unknown,,review,unknown,ghidra-12.1.3-initial-inventory
0x0047B430,unknown,,review,unknown,ghidra-12.1.3-initial-inventory
0x0047B450,unknown,,review,unknown,ghidra-12.1.3-initial-inventory
0x0047B4A0,unknown,,review,unknown,ghidra-12.1.3-initial-inventory
0x0047B4C0,unknown,,review,unknown,ghidra-12.1.3-initial-inventory
0x0047B510,unknown,,review,unknown,ghidra-12.1.3-initial-inventory
0x0047B530,unknown,,review,unknown,ghidra-12.1.3-initial-inventory
0x0047B580,unknown,,review,unknown,ghidra-12.1.3-initial-inventory
0x0047B5B0,unknown,,review,unknown,ghidra-12.1.3-initial-inventory
0x0047B5F0,unknown,,review,unknown,ghidra-12.1.3-initial-inventory
0x0047B640,unknown,,review,unknown,ghidra-12.1.3-initial-inventory
0x0047B660,unknown,,review,unknown,ghidra-12.1.3-initial-inventory
0x0047B670,unknown,,review,unknown,ghidra-12.1.3-initial-inventory
0x0047B690,unknown,,review,unknown,ghidra-12.1.3-initial-inventory
0x0047B6A0,unknown,,review,unknown,ghidra-12.1.3-initial-inventory
0x0047B6C0,unknown,,review,unknown,ghidra-12.1.3-initial-inventory
0x0047B6F0,unknown,,review,unknown,ghidra-12.1.3-initial-inventory
0x0047B710,unknown,,review,unknown,ghidra-12.1.3-initial-inventory
0x0047B740,unknown,Bullet,review,pending,"EXACT-078: Eleven whole Bullet/Controller/array/resource/context contributions add1471body/1491comparisonbytes. Frozen591unit/108fresh-object graph strictly replays102474disjointbytes. Native286DA8allocation, BulletInf RTTI/vtable/original literal, Context slot0 publication, 528stride/2001Bullet pool, 14realExtendedCommands and2001typedhandles, full array construction/destruction/EH, genuine shared_ptr<ShotMetadata> ownership and two six-pointer draw arrays establish actual owner. Controller4992F0 reads its count at44, reached by478E80 and direct40C300; it is not Game or Enemy storage. Owned O2/UBSan checks cover all2001dirty records/natural gaps, real sentinel lists, two Context routes, complete count/binding mutation boundaries, actual callback disabling and whole shared metadata release including the final pool slot and actual pool destruction. Controller destruction/enable are explicit fixtures; startup/factory/initialize/update/draw, renderer/whole readers/opcode root remain open. No reference pointer-reference/value ABI substitution, flattened layouts or Services suffix is imported. Authored origins remain pending. See docs/EXACT_BULLET_STORAGE_RECONSTRUCTION.md."
0x0047B790,unknown,Bullet,review,pending,"EXACT-078: Eleven whole Bullet/Controller/array/resource/context contributions add1471body/1491comparisonbytes. Frozen591unit/108fresh-object graph strictly replays102474disjointbytes. Native286DA8allocation, BulletInf RTTI/vtable/original literal, Context slot0 publication, 528stride/2001Bullet pool, 14realExtendedCommands and2001typedhandles, full array construction/destruction/EH, genuine shared_ptr<ShotMetadata> ownership and two six-pointer draw arrays establish actual owner. Controller4992F0 reads its count at44, reached by478E80 and direct40C300; it is not Game or Enemy storage. Owned O2/UBSan checks cover all2001dirty records/natural gaps, real sentinel lists, two Context routes, complete count/binding mutation boundaries, actual callback disabling and whole shared metadata release including the final pool slot and actual pool destruction. Controller destruction/enable are explicit fixtures; startup/factory/initialize/update/draw, renderer/whole readers/opcode root remain open. No reference pointer-reference/value ABI substitution, flattened layouts or Services suffix is imported. Authored origins remain pending. See docs/EXACT_BULLET_STORAGE_RECONSTRUCTION.md."
0x0047B7C0,unknown,Bullet,review,pending,"EXACT-078: Eleven whole Bullet/Controller/array/resource/context contributions add1471body/1491comparisonbytes. Frozen591unit/108fresh-object graph strictly replays102474disjointbytes. Native286DA8allocation, BulletInf RTTI/vtable/original literal, Context slot0 publication, 528stride/2001Bullet pool, 14realExtendedCommands and2001typedhandles, full array construction/destruction/EH, genuine shared_ptr<ShotMetadata> ownership and two six-pointer draw arrays establish actual owner. Controller4992F0 reads its count at44, reached by478E80 and direct40C300; it is not Game or Enemy storage. Owned O2/UBSan checks cover all2001dirty records/natural gaps, real sentinel lists, two Context routes, complete count/binding mutation boundaries, actual callback disabling and whole shared metadata release including the final pool slot and actual pool destruction. Controller destruction/enable are explicit fixtures; startup/factory/initialize/update/draw, renderer/whole readers/opcode root remain open. No reference pointer-reference/value ABI substitution, flattened layouts or Services suffix is imported. Authored origins remain pending. See docs/EXACT_BULLET_STORAGE_RECONSTRUCTION.md."
0x0047B820,unknown,,review,unknown,ghidra-12.1.3-initial-inventory
0x0047B850,unknown,,review,unknown,ghidra-12.1.3-initial-inventory
0x0047B880,unknown,,review,unknown,ghidra-12.1.3-initial-inventory
0x0047B8A0,unknown,Bullet,review,pending,"EXACT-078: Eleven whole Bullet/Controller/array/resource/context contributions add1471body/1491comparisonbytes. Frozen591unit/108fresh-object graph strictly replays102474disjointbytes. Native286DA8allocation, BulletInf RTTI/vtable/original literal, Context slot0 publication, 528stride/2001Bullet pool, 14realExtendedCommands and2001typedhandles, full array construction/destruction/EH, genuine shared_ptr<ShotMetadata> ownership and two six-pointer draw arrays establish actual owner. Controller4992F0 reads its count at44, reached by478E80 and direct40C300; it is not Game or Enemy storage. Owned O2/UBSan checks cover all2001dirty records/natural gaps, real sentinel lists, two Context routes, complete count/binding mutation boundaries, actual callback disabling and whole shared metadata release including the final pool slot and actual pool destruction. Controller destruction/enable are explicit fixtures; startup/factory/initialize/update/draw, renderer/whole readers/opcode root remain open. No reference pointer-reference/value ABI substitution, flattened layouts or Services suffix is imported. Authored origins remain pending. See docs/EXACT_BULLET_STORAGE_RECONSTRUCTION.md."
0x0047BA30,unknown,EffectParameters,review,pending,"REF-027: complete natural typed value/member contribution, independently decoded whole native routine and owner consumers; canonical129-unit cold replay and dirty-padding/alias/raw-float tests pass. Original names and authored/compiler/shared origins pending; no whole Effect/Special State acceptance. See docs/REFERENCE_EFFECT_SPECIAL_REVIEW.md."
0x0047BAA0,unknown,EnemyCounters,review,pending,REF-037: natural complete typed value member; native construction/owner/access/call operands and generic output-pointer pop ABI independently establish anchors before probing. Full162-unit/46-object cold replay11154 bytes and portable C++20/UBSan tests pass. Actual PMR Stack24 and Counter48 four-integer/eight-float types; original spelling/origin pending. Generic pop/allocator/vector bodies and full VM/Enemy/vptr/EH owners not reconstructed. See docs/REFERENCE_GAMEPLAY_ECL_REVIEW.md.
0x0047BB30,unknown,EnemySpawn,review,pending,REF-038: complete natural typed native value constructor; independently decoded full sole-RET flow and original call operands/type consumers establish anchors before probing. All166 units/48 cold objects/11559 disjoint bytes and guarded dirty C++20/UBSan construction/reset pass. Actual Spawn84/Enemy interpolation100/Movement388/Vector2 interpolation64 types; original spelling/origin pending. Identifier32 tail tag/role unknown; shared425CC0 does not prove AnimationHandle and receives no duplicate standalone unit. Full Enemy/allocator/vptr/EH/Services/getter/dispatcher owners remain open. See docs/REFERENCE_ENEMY_MOVEMENT_REVIEW.md.
0x0047BB90,unknown,ShotMetadata,review,pending,"EXACT-063: Actual Enemy dispatcher ShotMetadata and four laser temporary lifetimes; real PMR BulletCommand vectors, implicit padding, native flags5 nonthrowing construction and allocator-sensitive move assignment. All eleven complete bodies /1384 instruction+5 alignment bytes and seven complete PMR/EH support contributions independently replay; no duplicate support credit. Frozen-source full cold453units/86objects/85406disjointbytes. Owned C++20/O2/UBSan defaults/copy/allocator-sensitive move/reset/failure-boundary/vector lifetime tests; queue accessors, factories, full Enemy dispatch/tables/EH and whole-game link/runtime remain pending. See docs/EXACT_ENEMY_TEMPORARY_RECONSTRUCTION.md."
0x0047BCA0,unknown,BulletValues,review,pending,"REF-028: complete natural value/predicate, independently reconciled whole native routine and owner/call/data consumers; 136-unit canonical cold replay and C++20/UBSan checks pass. Original names and authored/compiler/shared origins pending. Related413-body batch remains ongoing; see docs/REFERENCE_BULLET_LASER_DAMAGE_REVIEW.md."
0x0047BD20,unknown,BulletValues,review,pending,"REF-028: complete natural value/predicate, independently reconciled whole native routine and owner/call/data consumers; 136-unit canonical cold replay and C++20/UBSan checks pass. Original names and authored/compiler/shared origins pending. Related413-body batch remains ongoing; see docs/REFERENCE_BULLET_LASER_DAMAGE_REVIEW.md."
0x0047BD90,unknown,BulletValues,review,pending,"REF-028: complete natural value/predicate, independently reconciled whole native routine and owner/call/data consumers; 136-unit canonical cold replay and C++20/UBSan checks pass. Original names and authored/compiler/shared origins pending. Related413-body batch remains ongoing; see docs/REFERENCE_BULLET_LASER_DAMAGE_REVIEW.md."
0x0047BE00,unknown,Bullet,review,pending,"EXACT-078: Eleven whole Bullet/Controller/array/resource/context contributions add1471body/1491comparisonbytes. Frozen591unit/108fresh-object graph strictly replays102474disjointbytes. Native286DA8allocation, BulletInf RTTI/vtable/original literal, Context slot0 publication, 528stride/2001Bullet pool, 14realExtendedCommands and2001typedhandles, full array construction/destruction/EH, genuine shared_ptr<ShotMetadata> ownership and two six-pointer draw arrays establish actual owner. Controller4992F0 reads its count at44, reached by478E80 and direct40C300; it is not Game or Enemy storage. Owned O2/UBSan checks cover all2001dirty records/natural gaps, real sentinel lists, two Context routes, complete count/binding mutation boundaries, actual callback disabling and whole shared metadata release including the final pool slot and actual pool destruction. Controller destruction/enable are explicit fixtures; startup/factory/initialize/update/draw, renderer/whole readers/opcode root remain open. No reference pointer-reference/value ABI substitution, flattened layouts or Services suffix is imported. Authored origins remain pending. See docs/EXACT_BULLET_STORAGE_RECONSTRUCTION.md."
0x0047C030,unknown,LaserParameters,review,pending,"EXACT-063: Actual Enemy dispatcher ShotMetadata and four laser temporary lifetimes; real PMR BulletCommand vectors, implicit padding, native flags5 nonthrowing construction and allocator-sensitive move assignment. All eleven complete bodies /1384 instruction+5 alignment bytes and seven complete PMR/EH support contributions independently replay; no duplicate support credit. Frozen-source full cold453units/86objects/85406disjointbytes. Owned C++20/O2/UBSan defaults/copy/allocator-sensitive move/reset/failure-boundary/vector lifetime tests; queue accessors, factories, full Enemy dispatch/tables/EH and whole-game link/runtime remain pending. See docs/EXACT_ENEMY_TEMPORARY_RECONSTRUCTION.md."
0x0047C130,unknown,LaserParameters,review,pending,"EXACT-063: Actual Enemy dispatcher ShotMetadata and four laser temporary lifetimes; real PMR BulletCommand vectors, implicit padding, native flags5 nonthrowing construction and allocator-sensitive move assignment. All eleven complete bodies /1384 instruction+5 alignment bytes and seven complete PMR/EH support contributions independently replay; no duplicate support credit. Frozen-source full cold453units/86objects/85406disjointbytes. Owned C++20/O2/UBSan defaults/copy/allocator-sensitive move/reset/failure-boundary/vector lifetime tests; queue accessors, factories, full Enemy dispatch/tables/EH and whole-game link/runtime remain pending. See docs/EXACT_ENEMY_TEMPORARY_RECONSTRUCTION.md."
0x0047C1F0,unknown,,review,unknown,ghidra-12.1.3-initial-inventory
0x0047C220,unknown,,review,unknown,ghidra-12.1.3-initial-inventory
0x0047C280,unknown,,review,unknown,ghidra-12.1.3-initial-inventory
0x0047C2A0,unknown,Bullet,review,pending,"EXACT-078: Eleven whole Bullet/Controller/array/resource/context contributions add1471body/1491comparisonbytes. Frozen591unit/108fresh-object graph strictly replays102474disjointbytes. Native286DA8allocation, BulletInf RTTI/vtable/original literal, Context slot0 publication, 528stride/2001Bullet pool, 14realExtendedCommands and2001typedhandles, full array construction/destruction/EH, genuine shared_ptr<ShotMetadata> ownership and two six-pointer draw arrays establish actual owner. Controller4992F0 reads its count at44, reached by478E80 and direct40C300; it is not Game or Enemy storage. Owned O2/UBSan checks cover all2001dirty records/natural gaps, real sentinel lists, two Context routes, complete count/binding mutation boundaries, actual callback disabling and whole shared metadata release including the final pool slot and actual pool destruction. Controller destruction/enable are explicit fixtures; startup/factory/initialize/update/draw, renderer/whole readers/opcode root remain open. No reference pointer-reference/value ABI substitution, flattened layouts or Services suffix is imported. Authored origins remain pending. See docs/EXACT_BULLET_STORAGE_RECONSTRUCTION.md."
0x0047C300,unknown,,review,unknown,ghidra-12.1.3-initial-inventory
0x0047C320,unknown,,review,unknown,ghidra-12.1.3-initial-inventory
0x0047C340,unknown,,review,unknown,ghidra-12.1.3-initial-inventory
0x0047C450,unknown,ShotMetadata,review,pending,"EXACT-063: Actual Enemy dispatcher ShotMetadata and four laser temporary lifetimes; real PMR BulletCommand vectors, implicit padding, native flags5 nonthrowing construction and allocator-sensitive move assignment. All eleven complete bodies /1384 instruction+5 alignment bytes and seven complete PMR/EH support contributions independently replay; no duplicate support credit. Frozen-source full cold453units/86objects/85406disjointbytes. Owned C++20/O2/UBSan defaults/copy/allocator-sensitive move/reset/failure-boundary/vector lifetime tests; queue accessors, factories, full Enemy dispatch/tables/EH and whole-game link/runtime remain pending. See docs/EXACT_ENEMY_TEMPORARY_RECONSTRUCTION.md."
0x0047C470,unknown,Bullet,review,pending,"EXACT-078: Eleven whole Bullet/Controller/array/resource/context contributions add1471body/1491comparisonbytes. Frozen591unit/108fresh-object graph strictly replays102474disjointbytes. Native286DA8allocation, BulletInf RTTI/vtable/original literal, Context slot0 publication, 528stride/2001Bullet pool, 14realExtendedCommands and2001typedhandles, full array construction/destruction/EH, genuine shared_ptr<ShotMetadata> ownership and two six-pointer draw arrays establish actual owner. Controller4992F0 reads its count at44, reached by478E80 and direct40C300; it is not Game or Enemy storage. Owned O2/UBSan checks cover all2001dirty records/natural gaps, real sentinel lists, two Context routes, complete count/binding mutation boundaries, actual callback disabling and whole shared metadata release including the final pool slot and actual pool destruction. Controller destruction/enable are explicit fixtures; startup/factory/initialize/update/draw, renderer/whole readers/opcode root remain open. No reference pointer-reference/value ABI substitution, flattened layouts or Services suffix is imported. Authored origins remain pending. See docs/EXACT_BULLET_STORAGE_RECONSTRUCTION.md."
0x0047C490,unknown,LaserParameters,review,pending,"EXACT-063: Actual Enemy dispatcher ShotMetadata and four laser temporary lifetimes; real PMR BulletCommand vectors, implicit padding, native flags5 nonthrowing construction and allocator-sensitive move assignment. All eleven complete bodies /1384 instruction+5 alignment bytes and seven complete PMR/EH support contributions independently replay; no duplicate support credit. Frozen-source full cold453units/86objects/85406disjointbytes. Owned C++20/O2/UBSan defaults/copy/allocator-sensitive move/reset/failure-boundary/vector lifetime tests; queue accessors, factories, full Enemy dispatch/tables/EH and whole-game link/runtime remain pending. See docs/EXACT_ENEMY_TEMPORARY_RECONSTRUCTION.md."
0x0047C4B0,unknown,LaserParameters,review,pending,"EXACT-063: Actual Enemy dispatcher ShotMetadata and four laser temporary lifetimes; real PMR BulletCommand vectors, implicit padding, native flags5 nonthrowing construction and allocator-sensitive move assignment. All eleven complete bodies /1384 instruction+5 alignment bytes and seven complete PMR/EH support contributions independently replay; no duplicate support credit. Frozen-source full cold453units/86objects/85406disjointbytes. Owned C++20/O2/UBSan defaults/copy/allocator-sensitive move/reset/failure-boundary/vector lifetime tests; queue accessors, factories, full Enemy dispatch/tables/EH and whole-game link/runtime remain pending. See docs/EXACT_ENEMY_TEMPORARY_RECONSTRUCTION.md."
0x0047C4D0,unknown,,review,unknown,ghidra-12.1.3-initial-inventory
0x0047C530,unknown,,review,unknown,ghidra-12.1.3-initial-inventory
0x0047C570,unknown,,review,unknown,ghidra-12.1.3-initial-inventory
0x0047C5F0,unknown,,review,unknown,ghidra-12.1.3-initial-inventory
0x0047C620,unknown,,review,unknown,ghidra-12.1.3-initial-inventory
0x0047C650,unknown,,review,unknown,ghidra-12.1.3-initial-inventory
0x0047C680,unknown,,review,unknown,ghidra-12.1.3-initial-inventory
0x0047C6A0,unknown,,review,unknown,ghidra-12.1.3-initial-inventory
0x0047C6C0,unknown,,review,unknown,ghidra-12.1.3-initial-inventory
0x0047C6F0,unknown,,review,unknown,ghidra-12.1.3-initial-inventory
0x0047C710,unknown,,review,unknown,ghidra-12.1.3-initial-inventory
0x0047C730,unknown,,review,unknown,ghidra-12.1.3-initial-inventory
0x0047C760,library,EnemyShotAllocation,exclude,high,"EXACT-064: Native RTTI establishes global EtamaArgInf/DebugAllocator. Real slot-1 guarded scalar allocation/release, metadata copy and five std-associated control/factory bodies; eight complete functions /1131 instruction+10 alignment bytes strictly replay. Full generated RTTI, vtable, EH and direct owned support replay without duplicate credit. Frozen-source461units/87objects/86547disjointbytes. Owned locking, recursive acquisition, allocator-selected isolated copy, move and strong/weak lifetime tests pass. Copy factory/control forwarding, whole queues, full Enemy dispatcher and whole-game linkage/runtime remain pending. See docs/EXACT_SHOT_ALLOCATION_RECONSTRUCTION.md. Original std RTTI, installed headers and actual control/factory ABI independently establish library association; no authored credit."
0x0047C790,unknown,,review,unknown,ghidra-12.1.3-initial-inventory
0x0047C7D0,unknown,,review,unknown,ghidra-12.1.3-initial-inventory
0x0047C800,unknown,,review,unknown,ghidra-12.1.3-initial-inventory
0x0047C8F0,unknown,,review,unknown,ghidra-12.1.3-initial-inventory
0x0047CB90,unknown,,review,unknown,ghidra-12.1.3-initial-inventory
0x0047CC90,unknown,,review,unknown,ghidra-12.1.3-initial-inventory
0x0047CF60,unknown,,review,unknown,ghidra-12.1.3-initial-inventory
0x0047D100,unknown,,review,unknown,ghidra-12.1.3-initial-inventory
0x0047D240,unknown,,review,unknown,ghidra-12.1.3-initial-inventory
0x0047D3D0,unknown,,review,unknown,ghidra-12.1.3-initial-inventory
0x0047D580,unknown,,review,unknown,ghidra-12.1.3-initial-inventory
0x0047D600,unknown,,review,unknown,ghidra-12.1.3-initial-inventory
0x0047D960,unknown,,review,unknown,ghidra-12.1.3-initial-inventory
0x0047DA40,unknown,,review,unknown,ghidra-12.1.3-initial-inventory
0x0047DB70,unknown,,review,unknown,ghidra-12.1.3-initial-inventory
0x0047DC90,unknown,,review,unknown,ghidra-12.1.3-initial-inventory
0x0047DCF0,unknown,,review,unknown,ghidra-12.1.3-initial-inventory
0x00480D30,unknown,,review,unknown,ghidra-12.1.3-initial-inventory
0x00480D70,unknown,,review,unknown,ghidra-12.1.3-initial-inventory
0x00480DB0,unknown,,review,unknown,ghidra-12.1.3-initial-inventory
0x00480FA0,unknown,,review,unknown,ghidra-12.1.3-initial-inventory
0x00481200,unknown,,review,unknown,ghidra-12.1.3-initial-inventory
0x00481780,unknown,,review,unknown,ghidra-12.1.3-initial-inventory
0x004818E0,unknown,,review,unknown,ghidra-12.1.3-initial-inventory
0x004827E0,unknown,,review,unknown,ghidra-12.1.3-initial-inventory
0x00482A60,unknown,,review,unknown,ghidra-12.1.3-initial-inventory
0x00482DA0,unknown,,review,unknown,ghidra-12.1.3-initial-inventory
0x00482EC0,unknown,,review,unknown,ghidra-12.1.3-initial-inventory
0x00483010,unknown,,review,unknown,ghidra-12.1.3-initial-inventory
0x00483150,unknown,,review,unknown,ghidra-12.1.3-initial-inventory
0x00483270,unknown,,review,unknown,ghidra-12.1.3-initial-inventory
0x00483580,unknown,,review,unknown,ghidra-12.1.3-initial-inventory
0x00483920,unknown,,review,unknown,ghidra-12.1.3-initial-inventory
0x00483AD0,unknown,,review,unknown,ghidra-12.1.3-initial-inventory
0x00483D20,unknown,,review,unknown,ghidra-12.1.3-initial-inventory
0x00483F00,unknown,,review,unknown,ghidra-12.1.3-initial-inventory
0x004840E0,unknown,,review,unknown,ghidra-12.1.3-initial-inventory
0x004841F0,unknown,,review,unknown,ghidra-12.1.3-initial-inventory
0x00484260,unknown,Bullet,review,pending,"EXACT-078: Eleven whole Bullet/Controller/array/resource/context contributions add1471body/1491comparisonbytes. Frozen591unit/108fresh-object graph strictly replays102474disjointbytes. Native286DA8allocation, BulletInf RTTI/vtable/original literal, Context slot0 publication, 528stride/2001Bullet pool, 14realExtendedCommands and2001typedhandles, full array construction/destruction/EH, genuine shared_ptr<ShotMetadata> ownership and two six-pointer draw arrays establish actual owner. Controller4992F0 reads its count at44, reached by478E80 and direct40C300; it is not Game or Enemy storage. Owned O2/UBSan checks cover all2001dirty records/natural gaps, real sentinel lists, two Context routes, complete count/binding mutation boundaries, actual callback disabling and whole shared metadata release including the final pool slot and actual pool destruction. Controller destruction/enable are explicit fixtures; startup/factory/initialize/update/draw, renderer/whole readers/opcode root remain open. No reference pointer-reference/value ABI substitution, flattened layouts or Services suffix is imported. Authored origins remain pending. See docs/EXACT_BULLET_STORAGE_RECONSTRUCTION.md."
0x004842F0,unknown,,review,unknown,ghidra-12.1.3-initial-inventory
0x00484320,unknown,,review,unknown,ghidra-12.1.3-initial-inventory
0x00484390,unknown,,review,unknown,ghidra-12.1.3-initial-inventory
0x004843F0,unknown,,review,unknown,ghidra-12.1.3-initial-inventory
0x004844A0,unknown,,review,unknown,ghidra-12.1.3-initial-inventory
0x00484570,unknown,,review,unknown,ghidra-12.1.3-initial-inventory
0x00484590,unknown,,review,unknown,ghidra-12.1.3-initial-inventory
0x004845C0,unknown,,review,unknown,ghidra-12.1.3-initial-inventory
0x004845F0,library,EnemyShotAllocation,exclude,high,"EXACT-064: Native RTTI establishes global EtamaArgInf/DebugAllocator. Real slot-1 guarded scalar allocation/release, metadata copy and five std-associated control/factory bodies; eight complete functions /1131 instruction+10 alignment bytes strictly replay. Full generated RTTI, vtable, EH and direct owned support replay without duplicate credit. Frozen-source461units/87objects/86547disjointbytes. Owned locking, recursive acquisition, allocator-selected isolated copy, move and strong/weak lifetime tests pass. Copy factory/control forwarding, whole queues, full Enemy dispatcher and whole-game linkage/runtime remain pending. See docs/EXACT_SHOT_ALLOCATION_RECONSTRUCTION.md. Original std RTTI, installed headers and actual control/factory ABI independently establish library association; no authored credit."
0x00484670,library,EnemyShotAllocation,exclude,high,"EXACT-064: Native RTTI establishes global EtamaArgInf/DebugAllocator. Real slot-1 guarded scalar allocation/release, metadata copy and five std-associated control/factory bodies; eight complete functions /1131 instruction+10 alignment bytes strictly replay. Full generated RTTI, vtable, EH and direct owned support replay without duplicate credit. Frozen-source461units/87objects/86547disjointbytes. Owned locking, recursive acquisition, allocator-selected isolated copy, move and strong/weak lifetime tests pass. Copy factory/control forwarding, whole queues, full Enemy dispatcher and whole-game linkage/runtime remain pending. See docs/EXACT_SHOT_ALLOCATION_RECONSTRUCTION.md. Original std RTTI, installed headers and actual control/factory ABI independently establish library association; no authored credit."
0x004846E0,unknown,,review,unknown,ghidra-12.1.3-initial-inventory
0x00484700,unknown,,review,unknown,ghidra-12.1.3-initial-inventory
0x00484720,unknown,,review,unknown,ghidra-12.1.3-initial-inventory
0x00484750,unknown,,review,unknown,ghidra-12.1.3-initial-inventory
0x00484790,unknown,,review,unknown,ghidra-12.1.3-initial-inventory
0x00484830,unknown,,review,unknown,ghidra-12.1.3-initial-inventory
0x00484850,unknown,,review,unknown,ghidra-12.1.3-initial-inventory
0x004848B0,unknown,DebugAllocator,review,pending,"EXACT-064: Native RTTI establishes global EtamaArgInf/DebugAllocator. Real slot-1 guarded scalar allocation/release, metadata copy and five std-associated control/factory bodies; eight complete functions /1131 instruction+10 alignment bytes strictly replay. Full generated RTTI, vtable, EH and direct owned support replay without duplicate credit. Frozen-source461units/87objects/86547disjointbytes. Owned locking, recursive acquisition, allocator-selected isolated copy, move and strong/weak lifetime tests pass. Copy factory/control forwarding, whole queues, full Enemy dispatcher and whole-game linkage/runtime remain pending. See docs/EXACT_SHOT_ALLOCATION_RECONSTRUCTION.md."
0x00484940,unknown,,review,unknown,ghidra-12.1.3-initial-inventory
0x00484980,unknown,,review,unknown,ghidra-12.1.3-initial-inventory
0x004849B0,unknown,,review,unknown,ghidra-12.1.3-initial-inventory
0x004849D0,unknown,,review,unknown,ghidra-12.1.3-initial-inventory
0x00484A20,unknown,,review,unknown,ghidra-12.1.3-initial-inventory
0x00485210,unknown,,review,unknown,ghidra-12.1.3-initial-inventory
0x00485240,unknown,DebugAllocator,review,pending,"EXACT-064: Native RTTI establishes global EtamaArgInf/DebugAllocator. Real slot-1 guarded scalar allocation/release, metadata copy and five std-associated control/factory bodies; eight complete functions /1131 instruction+10 alignment bytes strictly replay. Full generated RTTI, vtable, EH and direct owned support replay without duplicate credit. Frozen-source461units/87objects/86547disjointbytes. Owned locking, recursive acquisition, allocator-selected isolated copy, move and strong/weak lifetime tests pass. Copy factory/control forwarding, whole queues, full Enemy dispatcher and whole-game linkage/runtime remain pending. See docs/EXACT_SHOT_ALLOCATION_RECONSTRUCTION.md."
0x00485290,unknown,,review,unknown,ghidra-12.1.3-initial-inventory
0x004852B0,unknown,,review,unknown,ghidra-12.1.3-initial-inventory
0x00485310,unknown,,review,unknown,ghidra-12.1.3-initial-inventory
0x00485340,unknown,,review,unknown,ghidra-12.1.3-initial-inventory
0x00485360,unknown,,review,unknown,ghidra-12.1.3-initial-inventory
0x00485390,unknown,,review,unknown,ghidra-12.1.3-initial-inventory
0x00485420,unknown,,review,unknown,ghidra-12.1.3-initial-inventory
0x004854D0,unknown,,review,unknown,ghidra-12.1.3-initial-inventory
0x00485580,unknown,,review,unknown,ghidra-12.1.3-initial-inventory
0x00485640,unknown,,review,unknown,ghidra-12.1.3-initial-inventory
0x00485660,unknown,EnemyVariables,review,pending,"EXACT-072: Six complete actual Enemy integer/float destination, checked selection, identifier resolution and Data/16-slot-array construction contributions add1820body/2183comparisonbytes. Full540unit/100object graph replays96830disjointbytes. Native table/producer/callee/EH identity and full canonical relocation replay establish real storage/protocol; no partial read/search/root credit. Owned O2/UBSan checks cover signed bits, float/Movement aliases, repeated player0 lookups, stale/null fallback, array bounds and complete writable-slot counts. Whole read_integer/read_float, observer auto-init/list find, Session/startup, enclosing Controller,41KB Enemy root and whole-game link/runtime remain open. See docs/EXACT_ENEMY_VARIABLE_RECONSTRUCTION.md."
0x00485690,unknown,,review,unknown,ghidra-12.1.3-initial-inventory
0x004856C0,unknown,,review,unknown,ghidra-12.1.3-initial-inventory
0x004856E0,unknown,,review,unknown,ghidra-12.1.3-initial-inventory
0x00485700,unknown,BulletStyle,review,pending,"REF-029: full18-byte natural cdecl radius read; actual writable344-byte*50 BSS table and radius+144 independently derived from complete401280 startup initializer, all4300 words audited.137-unit/36-object cold canonical replay and dirty-table/IEEE C++20 UBSan checks pass. Storage/initializer undefined; original name/origin pending. See docs/REFERENCE_BULLET_LASER_DAMAGE_REVIEW.md."
0x00485720,unknown,,review,unknown,ghidra-12.1.3-initial-inventory
0x00485740,unknown,,review,unknown,ghidra-12.1.3-initial-inventory
0x00485900,unknown,,review,unknown,ghidra-12.1.3-initial-inventory
0x00485920,unknown,,review,unknown,ghidra-12.1.3-initial-inventory
0x00485970,unknown,,review,unknown,ghidra-12.1.3-initial-inventory
0x00485990,unknown,,review,unknown,ghidra-12.1.3-initial-inventory
0x004859B0,unknown,,review,unknown,ghidra-12.1.3-initial-inventory
0x004859D0,unknown,,review,unknown,ghidra-12.1.3-initial-inventory
0x004859F0,unknown,,review,unknown,ghidra-12.1.3-initial-inventory
0x00485A10,unknown,,review,unknown,ghidra-12.1.3-initial-inventory
0x00485A40,unknown,,review,unknown,ghidra-12.1.3-initial-inventory
0x00485A60,unknown,,review,unknown,ghidra-12.1.3-initial-inventory
0x00485AE0,unknown,,review,unknown,ghidra-12.1.3-initial-inventory
0x00485B00,unknown,,review,unknown,ghidra-12.1.3-initial-inventory
0x00485B20,unknown,,review,unknown,ghidra-12.1.3-initial-inventory
0x00485B60,unknown,,review,unknown,ghidra-12.1.3-initial-inventory
0x004862B0,unknown,,review,unknown,ghidra-12.1.3-initial-inventory
0x004862F0,unknown,,review,unknown,ghidra-12.1.3-initial-inventory
0x00486310,unknown,,review,unknown,ghidra-12.1.3-initial-inventory
0x00486330,unknown,,review,unknown,ghidra-12.1.3-initial-inventory
0x00486350,unknown,,review,unknown,ghidra-12.1.3-initial-inventory
0x00486370,unknown,,review,unknown,ghidra-12.1.3-initial-inventory
0x00486390,unknown,,review,unknown,ghidra-12.1.3-initial-inventory
0x004863C0,unknown,,review,unknown,ghidra-12.1.3-initial-inventory
0x004863F0,unknown,,review,unknown,ghidra-12.1.3-initial-inventory
0x00486430,unknown,,review,unknown,ghidra-12.1.3-initial-inventory
0x00486480,unknown,,review,unknown,ghidra-12.1.3-initial-inventory
0x004864B0,unknown,,review,unknown,ghidra-12.1.3-initial-inventory
0x004864F0,unknown,AnimationParameters,review,pending,"EXACT-065: Complete Enemy animation dispatcher (967 instruction and 77 alignment/table bytes), plus 19 actual argument/value/animation parameter bodies: 2218 instruction / 2295 comparison bytes. Actual PMR vector, handle, reference and mixed color/flag protocols independently bind every relocation. Frozen-source 481 units / 90 objects / 88842 disjoint bytes cold-replay. Owned O2/UBSan tests cover all 13 operations, 19 table entries/defaults, ordered reads, handle failure, growth, narrowing, interpolation, layer boundaries and flag retention. Whole 0048C010, laser/callback ownership, queues and whole-game linkage/runtime remain pending. See docs/EXACT_ENEMY_ANIMATION_RECONSTRUCTION.md."
0x00486530,unknown,Bullet,review,pending,"EXACT-078: Eleven whole Bullet/Controller/array/resource/context contributions add1471body/1491comparisonbytes. Frozen591unit/108fresh-object graph strictly replays102474disjointbytes. Native286DA8allocation, BulletInf RTTI/vtable/original literal, Context slot0 publication, 528stride/2001Bullet pool, 14realExtendedCommands and2001typedhandles, full array construction/destruction/EH, genuine shared_ptr<ShotMetadata> ownership and two six-pointer draw arrays establish actual owner. Controller4992F0 reads its count at44, reached by478E80 and direct40C300; it is not Game or Enemy storage. Owned O2/UBSan checks cover all2001dirty records/natural gaps, real sentinel lists, two Context routes, complete count/binding mutation boundaries, actual callback disabling and whole shared metadata release including the final pool slot and actual pool destruction. Controller destruction/enable are explicit fixtures; startup/factory/initialize/update/draw, renderer/whole readers/opcode root remain open. No reference pointer-reference/value ABI substitution, flattened layouts or Services suffix is imported. Authored origins remain pending. See docs/EXACT_BULLET_STORAGE_RECONSTRUCTION.md."
0x00486570,unknown,,review,unknown,ghidra-12.1.3-initial-inventory
0x004865B0,unknown,,review,unknown,ghidra-12.1.3-initial-inventory
0x004865D0,unknown,,review,unknown,ghidra-12.1.3-initial-inventory
0x004865F0,unknown,,review,unknown,ghidra-12.1.3-initial-inventory
0x00486600,unknown,,review,unknown,ghidra-12.1.3-initial-inventory
0x00486630,unknown,,review,unknown,ghidra-12.1.3-initial-inventory
0x00486690,unknown,,review,unknown,ghidra-12.1.3-initial-inventory
0x004866B0,unknown,,review,unknown,ghidra-12.1.3-initial-inventory
0x004866F0,unknown,,review,unknown,ghidra-12.1.3-initial-inventory
0x00486740,unknown,,review,unknown,ghidra-12.1.3-initial-inventory
0x004867B0,unknown,,review,unknown,ghidra-12.1.3-initial-inventory
0x00486800,unknown,,review,unknown,ghidra-12.1.3-initial-inventory
0x00486870,unknown,,review,unknown,ghidra-12.1.3-initial-inventory
0x00486920,unknown,,review,unknown,ghidra-12.1.3-initial-inventory
0x004869D0,unknown,,review,unknown,ghidra-12.1.3-initial-inventory
0x00486A30,unknown,,review,unknown,ghidra-12.1.3-initial-inventory
0x00486A80,unknown,,review,unknown,ghidra-12.1.3-initial-inventory
0x00486AD0,unknown,,review,unknown,ghidra-12.1.3-initial-inventory
0x00486AE0,unknown,,review,unknown,ghidra-12.1.3-initial-inventory
0x00486AF0,unknown,,review,unknown,ghidra-12.1.3-initial-inventory
0x00486B30,unknown,,review,unknown,ghidra-12.1.3-initial-inventory
0x00486B70,unknown,,review,unknown,ghidra-12.1.3-initial-inventory
0x00486BB0,unknown,Card,review,pending,"EXACT-075: Six whole Card construction/time-state/binding/lookup contributions add725body/730comparisonbytes. Frozen568unit/104fresh-object graph replays99122disjointbytes. Native200-byte allocation, CardInf RTTI/vtable/string, real five typed handles/Timer/Vector3, aligned double clocks/natural gaps and complete nonthrowing EH establish actual owner. Defined32-bit wrapping encoding preserves all three native stores and signed remainders; validation returns full-width int0/1. Actual Session/Context binds stored index and publishes borrowed Card pointer. Shared Context getter/setter physical folding adds no duplicate coverage. O2/UBSan dirty guards, independent wide arithmetic, valid/corrupted words and whole-state/two-context checks pass. Card destruction remains an explicit fixture; factory/initialization/gameplay/disposal, Player/game owners, whole readers,41KB opcode root and whole-game runtime remain open. Authored origins stay pending. See docs/EXACT_CARD_RECONSTRUCTION.md."
0x00486D20,unknown,,review,unknown,ghidra-12.1.3-initial-inventory
0x00486DE0,unknown,,review,unknown,ghidra-12.1.3-initial-inventory
0x00486E10,unknown,,review,unknown,ghidra-12.1.3-initial-inventory
0x00486E30,unknown,,review,unknown,ghidra-12.1.3-initial-inventory
0x00486E50,unknown,,review,unknown,ghidra-12.1.3-initial-inventory
0x00486E80,unknown,,review,unknown,ghidra-12.1.3-initial-inventory
0x00486EF0,unknown,,review,unknown,ghidra-12.1.3-initial-inventory
0x00486F20,unknown,,review,unknown,ghidra-12.1.3-initial-inventory
0x00486F60,unknown,,review,unknown,ghidra-12.1.3-initial-inventory
0x004872D0,unknown,,review,unknown,ghidra-12.1.3-initial-inventory
0x00487560,unknown,,review,unknown,ghidra-12.1.3-initial-inventory
0x00487590,unknown,,review,unknown,ghidra-12.1.3-initial-inventory
0x004878B0,unknown,,review,unknown,ghidra-12.1.3-initial-inventory
0x00487B10,unknown,,review,unknown,ghidra-12.1.3-initial-inventory
0x00487B90,unknown,,review,unknown,ghidra-12.1.3-initial-inventory
0x00487BB0,unknown,,review,unknown,ghidra-12.1.3-initial-inventory
0x00487C30,unknown,,review,unknown,ghidra-12.1.3-initial-inventory
0x004883A0,unknown,,review,unknown,ghidra-12.1.3-initial-inventory
0x004883C0,unknown,,review,unknown,ghidra-12.1.3-initial-inventory
0x004883F0,unknown,,review,unknown,ghidra-12.1.3-initial-inventory
0x00488410,unknown,,review,unknown,ghidra-12.1.3-initial-inventory
0x00488440,unknown,,review,unknown,ghidra-12.1.3-initial-inventory
0x00488460,unknown,,review,unknown,ghidra-12.1.3-initial-inventory
0x00488480,unknown,,review,unknown,ghidra-12.1.3-initial-inventory
0x004884F0,unknown,,review,unknown,ghidra-12.1.3-initial-inventory
0x00488500,unknown,,review,unknown,ghidra-12.1.3-initial-inventory
0x00488510,unknown,,review,unknown,ghidra-12.1.3-initial-inventory
0x00488550,unknown,,review,unknown,ghidra-12.1.3-initial-inventory
0x00488590,unknown,,review,unknown,ghidra-12.1.3-initial-inventory
0x004885D0,unknown,,review,unknown,ghidra-12.1.3-initial-inventory
0x004885E0,unknown,Card,review,pending,"EXACT-075: Six whole Card construction/time-state/binding/lookup contributions add725body/730comparisonbytes. Frozen568unit/104fresh-object graph replays99122disjointbytes. Native200-byte allocation, CardInf RTTI/vtable/string, real five typed handles/Timer/Vector3, aligned double clocks/natural gaps and complete nonthrowing EH establish actual owner. Defined32-bit wrapping encoding preserves all three native stores and signed remainders; validation returns full-width int0/1. Actual Session/Context binds stored index and publishes borrowed Card pointer. Shared Context getter/setter physical folding adds no duplicate coverage. O2/UBSan dirty guards, independent wide arithmetic, valid/corrupted words and whole-state/two-context checks pass. Card destruction remains an explicit fixture; factory/initialization/gameplay/disposal, Player/game owners, whole readers,41KB opcode root and whole-game runtime remain open. Authored origins stay pending. See docs/EXACT_CARD_RECONSTRUCTION.md."
0x00488680,unknown,,review,unknown,ghidra-12.1.3-initial-inventory
0x00488690,unknown,,review,unknown,ghidra-12.1.3-initial-inventory
0x004886B0,unknown,,review,unknown,ghidra-12.1.3-initial-inventory
0x00488700,unknown,,review,unknown,ghidra-12.1.3-initial-inventory
0x00488720,unknown,Session,review,pending,"EXACT-073: Twenty whole Session/PlayerTable construction, real process initializer, indexed/current-record/Controller lookups, mode/clamp queries, continue and flag updates add1167body/1177comparisonbytes. Complete560unit/101fresh-object graph replays98007disjointbytes. Actual704-byte BSS, original CRT registration, two real Contexts/two PlayerRecords, independent double-clock consumer, natural alignment gaps and complete EH/array helper establish the owned protocol. O2/UBSan checks run actual production lifetimes/lookups, whole-object preservation, signed/wrapped counters and retained flags. Whole Enemy readers, Player/card/game/Controller owners,41KB opcode root and whole-game link/runtime remain open; authored origins are not inferred. See docs/EXACT_SESSION_RECONSTRUCTION.md."
0x00488740,unknown,,review,unknown,ghidra-12.1.3-initial-inventory
0x00488770,unknown,,review,unknown,ghidra-12.1.3-initial-inventory
0x004887A0,unknown,Card,review,pending,"EXACT-075: Six whole Card construction/time-state/binding/lookup contributions add725body/730comparisonbytes. Frozen568unit/104fresh-object graph replays99122disjointbytes. Native200-byte allocation, CardInf RTTI/vtable/string, real five typed handles/Timer/Vector3, aligned double clocks/natural gaps and complete nonthrowing EH establish actual owner. Defined32-bit wrapping encoding preserves all three native stores and signed remainders; validation returns full-width int0/1. Actual Session/Context binds stored index and publishes borrowed Card pointer. Shared Context getter/setter physical folding adds no duplicate coverage. O2/UBSan dirty guards, independent wide arithmetic, valid/corrupted words and whole-state/two-context checks pass. Card destruction remains an explicit fixture; factory/initialization/gameplay/disposal, Player/game owners, whole readers,41KB opcode root and whole-game runtime remain open. Authored origins stay pending. See docs/EXACT_CARD_RECONSTRUCTION.md."
0x004887D0,unknown,,review,unknown,ghidra-12.1.3-initial-inventory
0x00488800,unknown,,review,unknown,ghidra-12.1.3-initial-inventory
0x00488830,unknown,GameController,review,pending,"EXACT-077: Five whole Game construction/state contributions add362body/367comparisonbytes. Frozen580unit/106fresh-object graph replays100983disjointbytes. Native110allocation, GameInf RTTI/vtable, GameTaskInf literal, Task/twoTimer/Configuration ownership, two actual double fields and complete nonthrowing EH establish genuine272-byte owner. Full-width int flag observations preserve original EAX ABI; restart and bit6clear touch actual storage. O2/UBSan dirty guards, retained Configuration high bits/natural gaps,512flagstates, signed restart extremes and whole-state snapshots pass. Game destruction is an explicit fixture; allocation/startup/loading/update/cleanup, Player tail/whole owner, both whole readers and41KB opcode root remain open. 4992F0+44 is reached through Context slot0 both directly and via process478E80; the real primary owner remains unresolved. Actual EnemyController process lookup is478060. No Game or EnemyController storage attribution follows from these reader routes. Source-only Services are not imported; authored origins stay pending. See docs/EXACT_GAME_CONTROLLER_RECONSTRUCTION.md."
0x00488850,unknown,,review,unknown,ghidra-12.1.3-initial-inventory
0x00488880,unknown,,review,unknown,ghidra-12.1.3-initial-inventory
0x004888A0,unknown,,review,unknown,ghidra-12.1.3-initial-inventory
0x004888C0,unknown,,review,unknown,ghidra-12.1.3-initial-inventory
0x004888E0,unknown,,review,unknown,ghidra-12.1.3-initial-inventory
0x00488900,unknown,,review,unknown,ghidra-12.1.3-initial-inventory
0x00488920,unknown,,review,unknown,ghidra-12.1.3-initial-inventory
0x00488940,unknown,,review,unknown,ghidra-12.1.3-initial-inventory
0x00488960,unknown,,review,unknown,ghidra-12.1.3-initial-inventory
0x00488990,unknown,Card,review,pending,"EXACT-075: Six whole Card construction/time-state/binding/lookup contributions add725body/730comparisonbytes. Frozen568unit/104fresh-object graph replays99122disjointbytes. Native200-byte allocation, CardInf RTTI/vtable/string, real five typed handles/Timer/Vector3, aligned double clocks/natural gaps and complete nonthrowing EH establish actual owner. Defined32-bit wrapping encoding preserves all three native stores and signed remainders; validation returns full-width int0/1. Actual Session/Context binds stored index and publishes borrowed Card pointer. Shared Context getter/setter physical folding adds no duplicate coverage. O2/UBSan dirty guards, independent wide arithmetic, valid/corrupted words and whole-state/two-context checks pass. Card destruction remains an explicit fixture; factory/initialization/gameplay/disposal, Player/game owners, whole readers,41KB opcode root and whole-game runtime remain open. Authored origins stay pending. See docs/EXACT_CARD_RECONSTRUCTION.md."
0x00488A00,unknown,,review,unknown,ghidra-12.1.3-initial-inventory
0x00488A20,unknown,Card,review,pending,"EXACT-075: Six whole Card construction/time-state/binding/lookup contributions add725body/730comparisonbytes. Frozen568unit/104fresh-object graph replays99122disjointbytes. Native200-byte allocation, CardInf RTTI/vtable/string, real five typed handles/Timer/Vector3, aligned double clocks/natural gaps and complete nonthrowing EH establish actual owner. Defined32-bit wrapping encoding preserves all three native stores and signed remainders; validation returns full-width int0/1. Actual Session/Context binds stored index and publishes borrowed Card pointer. Shared Context getter/setter physical folding adds no duplicate coverage. O2/UBSan dirty guards, independent wide arithmetic, valid/corrupted words and whole-state/two-context checks pass. Card destruction remains an explicit fixture; factory/initialization/gameplay/disposal, Player/game owners, whole readers,41KB opcode root and whole-game runtime remain open. Authored origins stay pending. See docs/EXACT_CARD_RECONSTRUCTION.md."
0x00488A60,unknown,,review,unknown,ghidra-12.1.3-initial-inventory
0x00488AB0,unknown,,review,unknown,ghidra-12.1.3-initial-inventory
0x00488B00,unknown,,review,unknown,ghidra-12.1.3-initial-inventory
0x00488B20,unknown,,review,unknown,ghidra-12.1.3-initial-inventory
0x00488B80,unknown,,review,unknown,ghidra-12.1.3-initial-inventory
0x00488E80,unknown,,review,unknown,ghidra-12.1.3-initial-inventory
0x00488FB0,unknown,,review,unknown,ghidra-12.1.3-initial-inventory
0x00489070,unknown,,review,unknown,ghidra-12.1.3-initial-inventory
0x004890A0,unknown,,review,unknown,ghidra-12.1.3-initial-inventory
0x004890D0,unknown,,review,unknown,ghidra-12.1.3-initial-inventory
0x00489110,unknown,,review,unknown,ghidra-12.1.3-initial-inventory
0x00489150,unknown,,review,unknown,ghidra-12.1.3-initial-inventory
0x00489190,unknown,,review,unknown,ghidra-12.1.3-initial-inventory
0x004891B0,unknown,,review,unknown,ghidra-12.1.3-initial-inventory
0x00489290,unknown,,review,unknown,ghidra-12.1.3-initial-inventory
0x004892B0,unknown,,review,unknown,ghidra-12.1.3-initial-inventory
0x004892F0,unknown,,review,unknown,ghidra-12.1.3-initial-inventory
0x00489340,unknown,,review,unknown,ghidra-12.1.3-initial-inventory
0x00489390,unknown,,review,unknown,ghidra-12.1.3-initial-inventory
0x004893B0,unknown,,review,unknown,ghidra-12.1.3-initial-inventory
0x004893D0,unknown,,review,unknown,ghidra-12.1.3-initial-inventory
0x004893F0,unknown,,review,unknown,ghidra-12.1.3-initial-inventory
0x00489530,unknown,,review,unknown,ghidra-12.1.3-initial-inventory
0x00489580,unknown,,review,unknown,ghidra-12.1.3-initial-inventory
0x004895A0,unknown,,review,unknown,ghidra-12.1.3-initial-inventory
0x004895F0,unknown,,review,unknown,ghidra-12.1.3-initial-inventory
0x00489610,unknown,,review,unknown,ghidra-12.1.3-initial-inventory
0x00489630,unknown,,review,unknown,ghidra-12.1.3-initial-inventory
0x00489680,unknown,,review,unknown,ghidra-12.1.3-initial-inventory
0x00489730,unknown,,review,unknown,ghidra-12.1.3-initial-inventory
0x00489830,unknown,,review,unknown,ghidra-12.1.3-initial-inventory
0x004898B0,unknown,,review,unknown,ghidra-12.1.3-initial-inventory
0x00489900,unknown,,review,unknown,ghidra-12.1.3-initial-inventory
0x00489950,unknown,,review,unknown,ghidra-12.1.3-initial-inventory
0x004899B0,unknown,,review,unknown,ghidra-12.1.3-initial-inventory
0x00489A10,unknown,,review,unknown,ghidra-12.1.3-initial-inventory
0x00489A70,unknown,,review,unknown,ghidra-12.1.3-initial-inventory
0x00489AC0,unknown,,review,unknown,ghidra-12.1.3-initial-inventory
0x00489B30,unknown,,review,unknown,ghidra-12.1.3-initial-inventory
0x00489B60,unknown,,review,unknown,ghidra-12.1.3-initial-inventory
0x00489B90,unknown,,review,unknown,ghidra-12.1.3-initial-inventory
0x00489BC0,unknown,,review,unknown,ghidra-12.1.3-initial-inventory
0x00489BF0,unknown,,review,unknown,ghidra-12.1.3-initial-inventory
0x00489C10,unknown,,review,unknown,ghidra-12.1.3-initial-inventory
0x00489C80,unknown,,review,unknown,ghidra-12.1.3-initial-inventory
0x00489CA0,unknown,,review,unknown,ghidra-12.1.3-initial-inventory
0x00489CB0,unknown,,review,unknown,ghidra-12.1.3-initial-inventory
0x00489DA0,unknown,,review,unknown,ghidra-12.1.3-initial-inventory
0x00489EA0,unknown,,review,unknown,ghidra-12.1.3-initial-inventory
0x00489FA0,unknown,,review,unknown,ghidra-12.1.3-initial-inventory
0x0048A0A0,unknown,,review,unknown,ghidra-12.1.3-initial-inventory
0x0048A1F0,unknown,,review,unknown,ghidra-12.1.3-initial-inventory
0x0048A340,unknown,,review,unknown,ghidra-12.1.3-initial-inventory
0x0048A370,unknown,,review,unknown,ghidra-12.1.3-initial-inventory
0x0048A450,unknown,,review,unknown,ghidra-12.1.3-initial-inventory
0x0048A520,unknown,,review,unknown,ghidra-12.1.3-initial-inventory
0x0048A5F0,unknown,,review,unknown,ghidra-12.1.3-initial-inventory
0x0048A6C0,unknown,,review,unknown,ghidra-12.1.3-initial-inventory
0x0048A760,unknown,,review,unknown,ghidra-12.1.3-initial-inventory
0x0048A800,unknown,,review,unknown,ghidra-12.1.3-initial-inventory
0x0048A820,unknown,,review,unknown,ghidra-12.1.3-initial-inventory
0x0048A8A0,unknown,,review,unknown,ghidra-12.1.3-initial-inventory
0x0048A990,unknown,,review,unknown,ghidra-12.1.3-initial-inventory
0x0048AA00,unknown,,review,unknown,ghidra-12.1.3-initial-inventory
0x0048AA50,unknown,,review,unknown,ghidra-12.1.3-initial-inventory
0x0048AAA0,unknown,,review,unknown,ghidra-12.1.3-initial-inventory
0x0048AAF0,unknown,,review,unknown,ghidra-12.1.3-initial-inventory
0x0048AB40,unknown,,review,unknown,ghidra-12.1.3-initial-inventory
0x0048AB90,unknown,,review,unknown,ghidra-12.1.3-initial-inventory
0x0048ABE0,unknown,,review,unknown,ghidra-12.1.3-initial-inventory
0x0048AC00,unknown,,review,unknown,ghidra-12.1.3-initial-inventory
0x0048AC50,unknown,,review,unknown,ghidra-12.1.3-initial-inventory
0x0048AC70,unknown,,review,unknown,ghidra-12.1.3-initial-inventory
0x0048ACC0,unknown,,review,unknown,ghidra-12.1.3-initial-inventory
0x0048ACE0,unknown,,review,unknown,ghidra-12.1.3-initial-inventory
0x0048AD30,unknown,,review,unknown,ghidra-12.1.3-initial-inventory
0x0048AD50,unknown,,review,unknown,ghidra-12.1.3-initial-inventory
0x0048AD70,unknown,,review,unknown,ghidra-12.1.3-initial-inventory
0x0048ADC0,unknown,,review,unknown,ghidra-12.1.3-initial-inventory
0x0048ADE0,unknown,,review,unknown,ghidra-12.1.3-initial-inventory
0x0048AE30,unknown,,review,unknown,ghidra-12.1.3-initial-inventory
0x0048AE50,unknown,,review,unknown,ghidra-12.1.3-initial-inventory
0x0048AEA0,unknown,,review,unknown,ghidra-12.1.3-initial-inventory
0x0048AEE0,unknown,,review,unknown,ghidra-12.1.3-initial-inventory
0x0048AF30,unknown,,review,unknown,ghidra-12.1.3-initial-inventory
0x0048AFA0,unknown,EclRuntimeLifetime,review,pending,"EXACT-071: Ten complete actual ECL Runtime/Manager lifetime, async clearing, typed scalar release and floating default bodies add 701 body bytes /706 comparison bytes including natural complete destructor padding. Complete 534-unit /98-object cold replay covers 94647 disjoint bytes. Independent SptInf RTTI, zero initialization, real PMR lifetimes and destroy-before-lock release establish protocol; canonical whole bodies and complete EH/alias support strictly replay. Owned O2/UBSan checks exercise resource capture, scalar/virtual disposal and native clear/reset validity. Source origin, whole Enemy root, resource append/getter/include, process startup and whole-game link/runtime remain open. See docs/EXACT_ECL_RUNTIME_LIFETIME_RECONSTRUCTION.md."
0x0048B010,unknown,,review,unknown,ghidra-12.1.3-initial-inventory
0x0048B070,unknown,,review,unknown,ghidra-12.1.3-initial-inventory
0x0048B090,unknown,,review,unknown,ghidra-12.1.3-initial-inventory
0x0048B0A0,unknown,,review,unknown,ghidra-12.1.3-initial-inventory
0x0048B0B0,unknown,,review,unknown,ghidra-12.1.3-initial-inventory
0x0048B0C0,unknown,,review,unknown,ghidra-12.1.3-initial-inventory
0x0048B160,unknown,,review,unknown,ghidra-12.1.3-initial-inventory
0x0048B180,unknown,,review,unknown,ghidra-12.1.3-initial-inventory
0x0048B1A0,unknown,,review,unknown,ghidra-12.1.3-initial-inventory
0x0048B1C0,unknown,,review,unknown,ghidra-12.1.3-initial-inventory
0x0048B1E0,unknown,,review,unknown,ghidra-12.1.3-initial-inventory
0x0048B200,unknown,,review,unknown,ghidra-12.1.3-initial-inventory
0x0048B210,unknown,,review,unknown,ghidra-12.1.3-initial-inventory
0x0048B230,unknown,,review,unknown,ghidra-12.1.3-initial-inventory
0x0048B240,unknown,,review,unknown,ghidra-12.1.3-initial-inventory
0x0048B250,unknown,,review,unknown,ghidra-12.1.3-initial-inventory
0x0048B270,unknown,EnemyMovement,review,pending,REF-038: complete natural typed native value constructor; independently decoded full sole-RET flow and original call operands/type consumers establish anchors before probing. All166 units/48 cold objects/11559 disjoint bytes and guarded dirty C++20/UBSan construction/reset pass. Actual Spawn84/Enemy interpolation100/Movement388/Vector2 interpolation64 types; original spelling/origin pending. Identifier32 tail tag/role unknown; shared425CC0 does not prove AnimationHandle and receives no duplicate standalone unit. Full Enemy/allocator/vptr/EH/Services/getter/dispatcher owners remain open. See docs/REFERENCE_ENEMY_MOVEMENT_REVIEW.md.
0x0048B2F0,unknown,,review,unknown,ghidra-12.1.3-initial-inventory
0x0048B370,unknown,,review,unknown,ghidra-12.1.3-initial-inventory
0x0048B3D0,unknown,EnemyState,review,pending,"EXACT-058: Complete EnemyState752 lifetime/init, typed animation/queued/bounds records and actual Enemy0x428 dispatcher/argument forwarding protocol. Independent owner producers/consumers, PMR/shared-pointer layouts, 53 relocation definitions and external24.0f consumer audited; full cold replay408/76/75637disjointbytes. Owned C++20/O2/UBSan retention/reset/allocation-release checks pass. Origin remains pending; whole41KB dispatcher, enclosing Enemy lifetime/EH, metadata/controller/global and Runtime dependency implementations remain open. See docs/EXACT_ENEMY_STATE_RECONSTRUCTION.md."
0x0048B400,unknown,ShotMetadata,review,pending,"EXACT-064: Native RTTI establishes global EtamaArgInf/DebugAllocator. Real slot-1 guarded scalar allocation/release, metadata copy and five std-associated control/factory bodies; eight complete functions /1131 instruction+10 alignment bytes strictly replay. Full generated RTTI, vtable, EH and direct owned support replay without duplicate credit. Frozen-source461units/87objects/86547disjointbytes. Owned locking, recursive acquisition, allocator-selected isolated copy, move and strong/weak lifetime tests pass. Copy factory/control forwarding, whole queues, full Enemy dispatcher and whole-game linkage/runtime remain pending. See docs/EXACT_SHOT_ALLOCATION_RECONSTRUCTION.md."
0x0048B500,unknown,EnemyState,review,pending,"EXACT-058: Complete EnemyState752 lifetime/init, typed animation/queued/bounds records and actual Enemy0x428 dispatcher/argument forwarding protocol. Independent owner producers/consumers, PMR/shared-pointer layouts, 53 relocation definitions and external24.0f consumer audited; full cold replay408/76/75637disjointbytes. Owned C++20/O2/UBSan retention/reset/allocation-release checks pass. Origin remains pending; whole41KB dispatcher, enclosing Enemy lifetime/EH, metadata/controller/global and Runtime dependency implementations remain open. See docs/EXACT_ENEMY_STATE_RECONSTRUCTION.md."
0x0048B550,unknown,EnemyMovement,review,pending,REF-038: complete natural typed native value constructor; independently decoded full sole-RET flow and original call operands/type consumers establish anchors before probing. All166 units/48 cold objects/11559 disjoint bytes and guarded dirty C++20/UBSan construction/reset pass. Actual Spawn84/Enemy interpolation100/Movement388/Vector2 interpolation64 types; original spelling/origin pending. Identifier32 tail tag/role unknown; shared425CC0 does not prove AnimationHandle and receives no duplicate standalone unit. Full Enemy/allocator/vptr/EH/Services/getter/dispatcher owners remain open. See docs/REFERENCE_ENEMY_MOVEMENT_REVIEW.md.
0x0048B5B0,unknown,LaserParameters,review,pending,"EXACT-063: Actual Enemy dispatcher ShotMetadata and four laser temporary lifetimes; real PMR BulletCommand vectors, implicit padding, native flags5 nonthrowing construction and allocator-sensitive move assignment. All eleven complete bodies /1384 instruction+5 alignment bytes and seven complete PMR/EH support contributions independently replay; no duplicate support credit. Frozen-source full cold453units/86objects/85406disjointbytes. Owned C++20/O2/UBSan defaults/copy/allocator-sensitive move/reset/failure-boundary/vector lifetime tests; queue accessors, factories, full Enemy dispatch/tables/EH and whole-game link/runtime remain pending. See docs/EXACT_ENEMY_TEMPORARY_RECONSTRUCTION.md."
0x0048B650,unknown,LaserParameters,review,pending,"EXACT-063: Actual Enemy dispatcher ShotMetadata and four laser temporary lifetimes; real PMR BulletCommand vectors, implicit padding, native flags5 nonthrowing construction and allocator-sensitive move assignment. All eleven complete bodies /1384 instruction+5 alignment bytes and seven complete PMR/EH support contributions independently replay; no duplicate support credit. Frozen-source full cold453units/86objects/85406disjointbytes. Owned C++20/O2/UBSan defaults/copy/allocator-sensitive move/reset/failure-boundary/vector lifetime tests; queue accessors, factories, full Enemy dispatch/tables/EH and whole-game link/runtime remain pending. See docs/EXACT_ENEMY_TEMPORARY_RECONSTRUCTION.md."
0x0048B720,unknown,AnimationParameters,review,pending,"EXACT-065: Complete Enemy animation dispatcher (967 instruction and 77 alignment/table bytes), plus 19 actual argument/value/animation parameter bodies: 2218 instruction / 2295 comparison bytes. Actual PMR vector, handle, reference and mixed color/flag protocols independently bind every relocation. Frozen-source 481 units / 90 objects / 88842 disjoint bytes cold-replay. Owned O2/UBSan tests cover all 13 operations, 19 table entries/defaults, ordered reads, handle failure, growth, narrowing, interpolation, layer boundaries and flag retention. Whole 0048C010, laser/callback ownership, queues and whole-game linkage/runtime remain pending. See docs/EXACT_ENEMY_ANIMATION_RECONSTRUCTION.md."
0x0048B750,unknown,,review,unknown,ghidra-12.1.3-initial-inventory
0x0048B780,unknown,,review,unknown,ghidra-12.1.3-initial-inventory
0x0048B810,unknown,,review,unknown,ghidra-12.1.3-initial-inventory
0x0048B830,unknown,,review,unknown,ghidra-12.1.3-initial-inventory
0x0048B850,unknown,,review,unknown,ghidra-12.1.3-initial-inventory
0x0048B870,unknown,,review,unknown,ghidra-12.1.3-initial-inventory
0x0048B890,unknown,LaserParameters,review,pending,"EXACT-063: Actual Enemy dispatcher ShotMetadata and four laser temporary lifetimes; real PMR BulletCommand vectors, implicit padding, native flags5 nonthrowing construction and allocator-sensitive move assignment. All eleven complete bodies /1384 instruction+5 alignment bytes and seven complete PMR/EH support contributions independently replay; no duplicate support credit. Frozen-source full cold453units/86objects/85406disjointbytes. Owned C++20/O2/UBSan defaults/copy/allocator-sensitive move/reset/failure-boundary/vector lifetime tests; queue accessors, factories, full Enemy dispatch/tables/EH and whole-game link/runtime remain pending. See docs/EXACT_ENEMY_TEMPORARY_RECONSTRUCTION.md."
0x0048B8B0,unknown,LaserParameters,review,pending,"EXACT-063: Actual Enemy dispatcher ShotMetadata and four laser temporary lifetimes; real PMR BulletCommand vectors, implicit padding, native flags5 nonthrowing construction and allocator-sensitive move assignment. All eleven complete bodies /1384 instruction+5 alignment bytes and seven complete PMR/EH support contributions independently replay; no duplicate support credit. Frozen-source full cold453units/86objects/85406disjointbytes. Owned C++20/O2/UBSan defaults/copy/allocator-sensitive move/reset/failure-boundary/vector lifetime tests; queue accessors, factories, full Enemy dispatch/tables/EH and whole-game link/runtime remain pending. See docs/EXACT_ENEMY_TEMPORARY_RECONSTRUCTION.md."
0x0048B8D0,unknown,EclRuntimeLifetime,review,pending,"EXACT-071: Ten complete actual ECL Runtime/Manager lifetime, async clearing, typed scalar release and floating default bodies add 701 body bytes /706 comparison bytes including natural complete destructor padding. Complete 534-unit /98-object cold replay covers 94647 disjoint bytes. Independent SptInf RTTI, zero initialization, real PMR lifetimes and destroy-before-lock release establish protocol; canonical whole bodies and complete EH/alias support strictly replay. Owned O2/UBSan checks exercise resource capture, scalar/virtual disposal and native clear/reset validity. Source origin, whole Enemy root, resource append/getter/include, process startup and whole-game link/runtime remain open. See docs/EXACT_ECL_RUNTIME_LIFETIME_RECONSTRUCTION.md."
0x0048B900,unknown,EclResourceLifetime,review,pending,"EXACT-068: Five complete ECL base resource initialization/destruction contributions; 252bytes. Frozen-source505units/94coldobjects/90373disjointbytes strictly replay. Actual PMR record/word containers capture their default allocator and release only owned storage; file buffers remain borrowed. Native original global RTTI name is SptResourceInf; maintained EclLoader denotes its role. Complete append876, derived resource loading and first virtual callback remain pending. See docs/EXACT_ECL_RESOURCE_LIFETIME_RECONSTRUCTION.md."
0x0048B920,unknown,,review,unknown,ghidra-12.1.3-initial-inventory
0x0048B980,unknown,,review,unknown,ghidra-12.1.3-initial-inventory
0x0048B9E0,unknown,,review,unknown,ghidra-12.1.3-initial-inventory
0x0048BA20,unknown,,review,unknown,ghidra-12.1.3-initial-inventory
0x0048BA60,unknown,,review,unknown,ghidra-12.1.3-initial-inventory
0x0048BB00,unknown,ShotMetadata,review,pending,"EXACT-063: Actual Enemy dispatcher ShotMetadata and four laser temporary lifetimes; real PMR BulletCommand vectors, implicit padding, native flags5 nonthrowing construction and allocator-sensitive move assignment. All eleven complete bodies /1384 instruction+5 alignment bytes and seven complete PMR/EH support contributions independently replay; no duplicate support credit. Frozen-source full cold453units/86objects/85406disjointbytes. Owned C++20/O2/UBSan defaults/copy/allocator-sensitive move/reset/failure-boundary/vector lifetime tests; queue accessors, factories, full Enemy dispatch/tables/EH and whole-game link/runtime remain pending. See docs/EXACT_ENEMY_TEMPORARY_RECONSTRUCTION.md."
0x0048BC00,unknown,,review,unknown,ghidra-12.1.3-initial-inventory
0x0048BC80,unknown,,review,unknown,ghidra-12.1.3-initial-inventory
0x0048BCA0,unknown,,review,unknown,ghidra-12.1.3-initial-inventory
0x0048BCE0,unknown,,review,unknown,ghidra-12.1.3-initial-inventory
0x0048BD10,unknown,,review,unknown,ghidra-12.1.3-initial-inventory
0x0048BD40,unknown,,review,unknown,ghidra-12.1.3-initial-inventory
0x0048BD70,unknown,Motion,review,pending,"EXACT-051: Shared typed intrusive link/list/observation protocol, nonthrowing Region construction/update and position/vector dependencies. Native storage/lifecycle/RET/AL/reference/hidden-result ABI, complete handler/FuncInfo flags5 corroboration, whole contributions and independent anchors audited. Full cold strict replay363units/66objects/57534disjointbytes and all22 public C++20/UBSan checks pass. Origin remains unknown; list constructor/reset and controller/retirement/locking remain pending. See docs/EXACT_INTRUSIVE_LIFETIME_RECONSTRUCTION.md."
0x0048BDA0,unknown,,review,unknown,ghidra-12.1.3-initial-inventory
0x0048BDC0,unknown,,review,unknown,ghidra-12.1.3-initial-inventory
0x0048BDE0,unknown,,review,unknown,ghidra-12.1.3-initial-inventory
0x0048BE00,unknown,,review,unknown,ghidra-12.1.3-initial-inventory
0x0048BE20,unknown,,review,unknown,ghidra-12.1.3-initial-inventory
0x0048BE50,unknown,,review,unknown,ghidra-12.1.3-initial-inventory
0x0048BE80,unknown,,review,unknown,ghidra-12.1.3-initial-inventory
0x0048BEB0,unknown,,review,unknown,ghidra-12.1.3-initial-inventory
0x0048BEE0,unknown,EclRuntimeLifetime,review,pending,"EXACT-071: Ten complete actual ECL Runtime/Manager lifetime, async clearing, typed scalar release and floating default bodies add 701 body bytes /706 comparison bytes including natural complete destructor padding. Complete 534-unit /98-object cold replay covers 94647 disjoint bytes. Independent SptInf RTTI, zero initialization, real PMR lifetimes and destroy-before-lock release establish protocol; canonical whole bodies and complete EH/alias support strictly replay. Owned O2/UBSan checks exercise resource capture, scalar/virtual disposal and native clear/reset validity. Source origin, whole Enemy root, resource append/getter/include, process startup and whole-game link/runtime remain open. See docs/EXACT_ECL_RUNTIME_LIFETIME_RECONSTRUCTION.md."
0x0048BF10,unknown,,review,unknown,ghidra-12.1.3-initial-inventory
0x0048C010,unknown,,review,unknown,ghidra-12.1.3-initial-inventory
0x004969E0,unknown,Enemy,review,pending,"EXACT-058: Complete EnemyState752 lifetime/init, typed animation/queued/bounds records and actual Enemy0x428 dispatcher/argument forwarding protocol. Independent owner producers/consumers, PMR/shared-pointer layouts, 53 relocation definitions and external24.0f consumer audited; full cold replay408/76/75637disjointbytes. Owned C++20/O2/UBSan retention/reset/allocation-release checks pass. Origin remains pending; whole41KB dispatcher, enclosing Enemy lifetime/EH, metadata/controller/global and Runtime dependency implementations remain open. See docs/EXACT_ENEMY_STATE_RECONSTRUCTION.md."
0x00496A00,unknown,,review,unknown,ghidra-12.1.3-initial-inventory
0x00496B90,unknown,EnemyAnimation,review,pending,"EXACT-065: Complete Enemy animation dispatcher (967 instruction and 77 alignment/table bytes), plus 19 actual argument/value/animation parameter bodies: 2218 instruction / 2295 comparison bytes. Actual PMR vector, handle, reference and mixed color/flag protocols independently bind every relocation. Frozen-source 481 units / 90 objects / 88842 disjoint bytes cold-replay. Owned O2/UBSan tests cover all 13 operations, 19 table entries/defaults, ordered reads, handle failure, growth, narrowing, interpolation, layer boundaries and flag retention. Whole 0048C010, laser/callback ownership, queues and whole-game linkage/runtime remain pending. See docs/EXACT_ENEMY_ANIMATION_RECONSTRUCTION.md."
0x00496FB0,unknown,,review,unknown,ghidra-12.1.3-initial-inventory
0x00497240,unknown,,review,unknown,ghidra-12.1.3-initial-inventory
0x00497270,unknown,EnemyPattern,review,pending,"REF-039: complete natural member on actual EnemyHealth28/EnemyPattern168 values. Native State constructor/receiver offsets, full PE flow including omitted4A3FDD jump, original full-EAX callers and independently decoded memset/fill/Timer/literal anchors precede probes. All175 units/50 cold objects/12236 disjoint bytes pass; independent dirty guarded C++20/UBSan construction, widened modular arithmetic and count/Timer/reset preservation tests pass. Original names/origins and full Enemy/Player/HUD/ANM/PMR/ECL/Services owners remain unaccepted. No whole-owner facade, prefix comparison, copied reference source or extra helper credit. See docs/REFERENCE_ENEMY_DAMAGE_REVIEW.md."
0x004972C0,unknown,EclSelection,review,pending,"EXACT-066: Nineteen complete actual Enemy creation/initialization, script reset/selection, generation, hidden-result identifier and non-consuming value forwarding bodies;1279bytes. Frozen-source500units/93coldobjects/90121disjointbytes strictly replay. Owned O2/UBSan tests exercise actual creation/init/reset/selection and list/generation lifetimes. Scalar allocation/context/spawn application, supplied-value virtual materialization, whole653-byte spawn opcode and41KB main dispatcher remain pending. See docs/EXACT_ENEMY_CREATION_RECONSTRUCTION.md."
0x00497360,unknown,EclSelection,review,pending,"EXACT-066: Nineteen complete actual Enemy creation/initialization, script reset/selection, generation, hidden-result identifier and non-consuming value forwarding bodies;1279bytes. Frozen-source500units/93coldobjects/90121disjointbytes strictly replay. Owned O2/UBSan tests exercise actual creation/init/reset/selection and list/generation lifetimes. Scalar allocation/context/spawn application, supplied-value virtual materialization, whole653-byte spawn opcode and41KB main dispatcher remain pending. See docs/EXACT_ENEMY_CREATION_RECONSTRUCTION.md."
0x004973A0,unknown,,review,unknown,ghidra-12.1.3-initial-inventory
0x004973C0,unknown,EclRuntimeLifetime,review,pending,"EXACT-071: Ten complete actual ECL Runtime/Manager lifetime, async clearing, typed scalar release and floating default bodies add 701 body bytes /706 comparison bytes including natural complete destructor padding. Complete 534-unit /98-object cold replay covers 94647 disjoint bytes. Independent SptInf RTTI, zero initialization, real PMR lifetimes and destroy-before-lock release establish protocol; canonical whole bodies and complete EH/alias support strictly replay. Owned O2/UBSan checks exercise resource capture, scalar/virtual disposal and native clear/reset validity. Source origin, whole Enemy root, resource append/getter/include, process startup and whole-game link/runtime remain open. See docs/EXACT_ECL_RUNTIME_LIFETIME_RECONSTRUCTION.md."
0x00497420,unknown,,review,unknown,ghidra-12.1.3-initial-inventory
0x00497450,unknown,,review,unknown,ghidra-12.1.3-initial-inventory
0x00497470,unknown,,review,unknown,ghidra-12.1.3-initial-inventory
0x004974D0,unknown,,review,unknown,ghidra-12.1.3-initial-inventory
0x00497540,unknown,,review,unknown,ghidra-12.1.3-initial-inventory
0x00497560,unknown,,review,unknown,ghidra-12.1.3-initial-inventory
0x00497590,unknown,,review,unknown,ghidra-12.1.3-initial-inventory
0x004975E0,unknown,,review,unknown,ghidra-12.1.3-initial-inventory
0x00497600,unknown,,review,unknown,ghidra-12.1.3-initial-inventory
0x00497630,unknown,,review,unknown,ghidra-12.1.3-initial-inventory
0x00497690,unknown,,review,unknown,ghidra-12.1.3-initial-inventory
0x004976F0,unknown,,review,unknown,ghidra-12.1.3-initial-inventory
0x004977A0,unknown,,review,unknown,ghidra-12.1.3-initial-inventory
0x00497850,unknown,,review,unknown,ghidra-12.1.3-initial-inventory
0x00497900,unknown,,review,unknown,ghidra-12.1.3-initial-inventory
0x00497A60,unknown,,review,unknown,ghidra-12.1.3-initial-inventory
0x00497AC0,unknown,,review,unknown,ghidra-12.1.3-initial-inventory
0x00497B60,unknown,,review,unknown,ghidra-12.1.3-initial-inventory
0x00497C00,unknown,,review,unknown,ghidra-12.1.3-initial-inventory
0x00497C20,unknown,,review,unknown,ghidra-12.1.3-initial-inventory
0x00497C60,unknown,,review,unknown,ghidra-12.1.3-initial-inventory
0x00497CC0,unknown,,review,unknown,ghidra-12.1.3-initial-inventory
0x00497D20,unknown,,review,unknown,ghidra-12.1.3-initial-inventory
0x00497D70,unknown,,review,unknown,ghidra-12.1.3-initial-inventory
0x00497DB0,unknown,,review,unknown,ghidra-12.1.3-initial-inventory
0x00497DF0,unknown,,review,unknown,ghidra-12.1.3-initial-inventory
0x00497E30,unknown,,review,unknown,ghidra-12.1.3-initial-inventory
0x00497E70,unknown,,review,unknown,ghidra-12.1.3-initial-inventory
0x00497EB0,unknown,,review,unknown,ghidra-12.1.3-initial-inventory
0x00497EE0,unknown,,review,unknown,ghidra-12.1.3-initial-inventory
0x00497F10,unknown,,review,unknown,ghidra-12.1.3-initial-inventory
0x00497F40,unknown,,review,unknown,ghidra-12.1.3-initial-inventory
0x00497FC0,unknown,,review,unknown,ghidra-12.1.3-initial-inventory
0x00498020,unknown,,review,unknown,ghidra-12.1.3-initial-inventory
0x00498080,unknown,,review,unknown,ghidra-12.1.3-initial-inventory
0x004980E0,unknown,,review,unknown,ghidra-12.1.3-initial-inventory
0x00498140,unknown,,review,unknown,ghidra-12.1.3-initial-inventory
0x004981A0,unknown,,review,unknown,ghidra-12.1.3-initial-inventory
0x004981C0,unknown,,review,unknown,ghidra-12.1.3-initial-inventory
0x004981F0,unknown,,review,unknown,ghidra-12.1.3-initial-inventory
0x00498210,unknown,EnemyVariables,review,pending,"EXACT-072: Six complete actual Enemy integer/float destination, checked selection, identifier resolution and Data/16-slot-array construction contributions add1820body/2183comparisonbytes. Full540unit/100object graph replays96830disjointbytes. Native table/producer/callee/EH identity and full canonical relocation replay establish real storage/protocol; no partial read/search/root credit. Owned O2/UBSan checks cover signed bits, float/Movement aliases, repeated player0 lookups, stale/null fallback, array bounds and complete writable-slot counts. Whole read_integer/read_float, observer auto-init/list find, Session/startup, enclosing Controller,41KB Enemy root and whole-game link/runtime remain open. See docs/EXACT_ENEMY_VARIABLE_RECONSTRUCTION.md."
0x00498600,unknown,EnemyVariables,review,pending,"EXACT-072: Six complete actual Enemy integer/float destination, checked selection, identifier resolution and Data/16-slot-array construction contributions add1820body/2183comparisonbytes. Full540unit/100object graph replays96830disjointbytes. Native table/producer/callee/EH identity and full canonical relocation replay establish real storage/protocol; no partial read/search/root credit. Owned O2/UBSan checks cover signed bits, float/Movement aliases, repeated player0 lookups, stale/null fallback, array bounds and complete writable-slot counts. Whole read_integer/read_float, observer auto-init/list find, Session/startup, enclosing Controller,41KB Enemy root and whole-game link/runtime remain open. See docs/EXACT_ENEMY_VARIABLE_RECONSTRUCTION.md."
0x00498950,unknown,,review,unknown,ghidra-12.1.3-initial-inventory
0x00498970,unknown,,review,unknown,ghidra-12.1.3-initial-inventory
0x004989D0,unknown,,review,unknown,ghidra-12.1.3-initial-inventory
0x004989F0,unknown,Session,review,pending,"EXACT-073: Twenty whole Session/PlayerTable construction, real process initializer, indexed/current-record/Controller lookups, mode/clamp queries, continue and flag updates add1167body/1177comparisonbytes. Complete560unit/101fresh-object graph replays98007disjointbytes. Actual704-byte BSS, original CRT registration, two real Contexts/two PlayerRecords, independent double-clock consumer, natural alignment gaps and complete EH/array helper establish the owned protocol. O2/UBSan checks run actual production lifetimes/lookups, whole-object preservation, signed/wrapped counters and retained flags. Whole Enemy readers, Player/card/game/Controller owners,41KB opcode root and whole-game link/runtime remain open; authored origins are not inferred. See docs/EXACT_SESSION_RECONSTRUCTION.md."
0x00498A10,unknown,,review,unknown,ghidra-12.1.3-initial-inventory
0x00498A60,unknown,,review,unknown,ghidra-12.1.3-initial-inventory
0x00498A80,unknown,,review,unknown,ghidra-12.1.3-initial-inventory
0x00498B80,unknown,,review,unknown,ghidra-12.1.3-initial-inventory
0x00498D10,unknown,,review,unknown,ghidra-12.1.3-initial-inventory
0x00498E50,unknown,,review,unknown,ghidra-12.1.3-initial-inventory
0x00498E70,unknown,,review,unknown,ghidra-12.1.3-initial-inventory
0x00498F40,unknown,Session,review,pending,"EXACT-073: Twenty whole Session/PlayerTable construction, real process initializer, indexed/current-record/Controller lookups, mode/clamp queries, continue and flag updates add1167body/1177comparisonbytes. Complete560unit/101fresh-object graph replays98007disjointbytes. Actual704-byte BSS, original CRT registration, two real Contexts/two PlayerRecords, independent double-clock consumer, natural alignment gaps and complete EH/array helper establish the owned protocol. O2/UBSan checks run actual production lifetimes/lookups, whole-object preservation, signed/wrapped counters and retained flags. Whole Enemy readers, Player/card/game/Controller owners,41KB opcode root and whole-game link/runtime remain open; authored origins are not inferred. See docs/EXACT_SESSION_RECONSTRUCTION.md."
0x00498F50,unknown,,review,unknown,ghidra-12.1.3-initial-inventory
0x00498F70,unknown,,review,unknown,ghidra-12.1.3-initial-inventory
0x00498F90,unknown,EnemyCreation,review,pending,"EXACT-066: Nineteen complete actual Enemy creation/initialization, script reset/selection, generation, hidden-result identifier and non-consuming value forwarding bodies;1279bytes. Frozen-source500units/93coldobjects/90121disjointbytes strictly replay. Owned O2/UBSan tests exercise actual creation/init/reset/selection and list/generation lifetimes. Scalar allocation/context/spawn application, supplied-value virtual materialization, whole653-byte spawn opcode and41KB main dispatcher remain pending. See docs/EXACT_ENEMY_CREATION_RECONSTRUCTION.md."
0x00498FB0,unknown,,review,unknown,ghidra-12.1.3-initial-inventory
0x00498FD0,unknown,,review,unknown,ghidra-12.1.3-initial-inventory
0x00498FF0,unknown,,review,unknown,ghidra-12.1.3-initial-inventory
0x004990E0,unknown,,review,unknown,ghidra-12.1.3-initial-inventory
0x004990F0,unknown,,review,unknown,ghidra-12.1.3-initial-inventory
0x00499110,unknown,,review,unknown,ghidra-12.1.3-initial-inventory
0x00499130,unknown,,review,unknown,ghidra-12.1.3-initial-inventory
0x00499210,unknown,,review,unknown,ghidra-12.1.3-initial-inventory
0x004992F0,unknown,Bullet,review,pending,"EXACT-078: Eleven whole Bullet/Controller/array/resource/context contributions add1471body/1491comparisonbytes. Frozen591unit/108fresh-object graph strictly replays102474disjointbytes. Native286DA8allocation, BulletInf RTTI/vtable/original literal, Context slot0 publication, 528stride/2001Bullet pool, 14realExtendedCommands and2001typedhandles, full array construction/destruction/EH, genuine shared_ptr<ShotMetadata> ownership and two six-pointer draw arrays establish actual owner. Controller4992F0 reads its count at44, reached by478E80 and direct40C300; it is not Game or Enemy storage. Owned O2/UBSan checks cover all2001dirty records/natural gaps, real sentinel lists, two Context routes, complete count/binding mutation boundaries, actual callback disabling and whole shared metadata release including the final pool slot and actual pool destruction. Controller destruction/enable are explicit fixtures; startup/factory/initialize/update/draw, renderer/whole readers/opcode root remain open. No reference pointer-reference/value ABI substitution, flattened layouts or Services suffix is imported. Authored origins remain pending. See docs/EXACT_BULLET_STORAGE_RECONSTRUCTION.md."
0x00499310,unknown,EnemyAnimation,review,pending,"EXACT-065: Complete Enemy animation dispatcher (967 instruction and 77 alignment/table bytes), plus 19 actual argument/value/animation parameter bodies: 2218 instruction / 2295 comparison bytes. Actual PMR vector, handle, reference and mixed color/flag protocols independently bind every relocation. Frozen-source 481 units / 90 objects / 88842 disjoint bytes cold-replay. Owned O2/UBSan tests cover all 13 operations, 19 table entries/defaults, ordered reads, handle failure, growth, narrowing, interpolation, layer boundaries and flag retention. Whole 0048C010, laser/callback ownership, queues and whole-game linkage/runtime remain pending. See docs/EXACT_ENEMY_ANIMATION_RECONSTRUCTION.md."
0x00499330,unknown,Session,review,pending,"EXACT-073: Twenty whole Session/PlayerTable construction, real process initializer, indexed/current-record/Controller lookups, mode/clamp queries, continue and flag updates add1167body/1177comparisonbytes. Complete560unit/101fresh-object graph replays98007disjointbytes. Actual704-byte BSS, original CRT registration, two real Contexts/two PlayerRecords, independent double-clock consumer, natural alignment gaps and complete EH/array helper establish the owned protocol. O2/UBSan checks run actual production lifetimes/lookups, whole-object preservation, signed/wrapped counters and retained flags. Whole Enemy readers, Player/card/game/Controller owners,41KB opcode root and whole-game link/runtime remain open; authored origins are not inferred. See docs/EXACT_SESSION_RECONSTRUCTION.md."
0x00499350,unknown,,review,unknown,ghidra-12.1.3-initial-inventory
0x00499370,unknown,,review,unknown,ghidra-12.1.3-initial-inventory
0x00499390,unknown,Motion,review,pending,"EXACT-059: Whole EnemyState movement composition/bounds, direct Motion configuration and nonthrowing Enemy construction on actual shared owners. Complete native flow/record stride, independent relocation definitions, destructor vptr producer and full flags5 EH metadata/handlers audited. Full frozen-source cold replay417units/78objects/76932disjointbytes; owned C++20/O2/UBSan multi-component/bounds/frozen/NaN/flag-storage checks pass. Shared X aliases/EH support have no duplicate coverage; new origins pending. Whole Enemy dispatcher/movement update, base/list production lifetimes, ANM/context/global and whole-game linkage remain open. See docs/EXACT_ENEMY_MOVEMENT_RECONSTRUCTION.md."
0x004993B0,unknown,,review,unknown,ghidra-12.1.3-initial-inventory
0x004993F0,unknown,,review,unknown,ghidra-12.1.3-initial-inventory
0x00499410,unknown,,review,unknown,ghidra-12.1.3-initial-inventory
0x00499430,unknown,,review,unknown,ghidra-12.1.3-initial-inventory
0x00499460,unknown,Session,review,pending,"EXACT-073: Twenty whole Session/PlayerTable construction, real process initializer, indexed/current-record/Controller lookups, mode/clamp queries, continue and flag updates add1167body/1177comparisonbytes. Complete560unit/101fresh-object graph replays98007disjointbytes. Actual704-byte BSS, original CRT registration, two real Contexts/two PlayerRecords, independent double-clock consumer, natural alignment gaps and complete EH/array helper establish the owned protocol. O2/UBSan checks run actual production lifetimes/lookups, whole-object preservation, signed/wrapped counters and retained flags. Whole Enemy readers, Player/card/game/Controller owners,41KB opcode root and whole-game link/runtime remain open; authored origins are not inferred. See docs/EXACT_SESSION_RECONSTRUCTION.md."
0x00499480,unknown,Session,review,pending,"EXACT-073: Twenty whole Session/PlayerTable construction, real process initializer, indexed/current-record/Controller lookups, mode/clamp queries, continue and flag updates add1167body/1177comparisonbytes. Complete560unit/101fresh-object graph replays98007disjointbytes. Actual704-byte BSS, original CRT registration, two real Contexts/two PlayerRecords, independent double-clock consumer, natural alignment gaps and complete EH/array helper establish the owned protocol. O2/UBSan checks run actual production lifetimes/lookups, whole-object preservation, signed/wrapped counters and retained flags. Whole Enemy readers, Player/card/game/Controller owners,41KB opcode root and whole-game link/runtime remain open; authored origins are not inferred. See docs/EXACT_SESSION_RECONSTRUCTION.md."
0x004994D0,unknown,Session,review,pending,"EXACT-073: Twenty whole Session/PlayerTable construction, real process initializer, indexed/current-record/Controller lookups, mode/clamp queries, continue and flag updates add1167body/1177comparisonbytes. Complete560unit/101fresh-object graph replays98007disjointbytes. Actual704-byte BSS, original CRT registration, two real Contexts/two PlayerRecords, independent double-clock consumer, natural alignment gaps and complete EH/array helper establish the owned protocol. O2/UBSan checks run actual production lifetimes/lookups, whole-object preservation, signed/wrapped counters and retained flags. Whole Enemy readers, Player/card/game/Controller owners,41KB opcode root and whole-game link/runtime remain open; authored origins are not inferred. See docs/EXACT_SESSION_RECONSTRUCTION.md."
0x00499520,unknown,,review,unknown,ghidra-12.1.3-initial-inventory
0x00499560,unknown,,review,unknown,ghidra-12.1.3-initial-inventory
0x00499580,unknown,Session,review,pending,"EXACT-073: Twenty whole Session/PlayerTable construction, real process initializer, indexed/current-record/Controller lookups, mode/clamp queries, continue and flag updates add1167body/1177comparisonbytes. Complete560unit/101fresh-object graph replays98007disjointbytes. Actual704-byte BSS, original CRT registration, two real Contexts/two PlayerRecords, independent double-clock consumer, natural alignment gaps and complete EH/array helper establish the owned protocol. O2/UBSan checks run actual production lifetimes/lookups, whole-object preservation, signed/wrapped counters and retained flags. Whole Enemy readers, Player/card/game/Controller owners,41KB opcode root and whole-game link/runtime remain open; authored origins are not inferred. See docs/EXACT_SESSION_RECONSTRUCTION.md."
0x004995D0,unknown,,review,unknown,ghidra-12.1.3-initial-inventory
0x0049ABC0,unknown,,review,unknown,ghidra-12.1.3-initial-inventory
0x0049BE00,unknown,,review,unknown,ghidra-12.1.3-initial-inventory
0x0049BE20,unknown,,review,unknown,ghidra-12.1.3-initial-inventory
0x0049BEA0,unknown,Motion,review,pending,"EXACT-061: Whole Enemy movement update1675 and fourteen actual owner/interface functions; native Graphics0xDE8/Viewport0x16C/Configuration0xB0/AnimationFile0x70/Context0x30 and typed parent/controller/file protocol. Independent definitions, SDK/atomic/array/global consumers, complete flags5 EH and strict float-to-double CRT fabs are audited. Full frozen-source cold replay442units/84objects/84017disjointbytes; owned C++20/O2/UBSan movement/order/bounds/initialization checks pass. Fourteen supporting aliases/library/EH contributions have no duplicate credit. New origins pending; whole Enemy dispatcher, unresolved production lifetimes/resolution/spawn/global definitions and whole-game linkage remain open. See docs/EXACT_ENEMY_UPDATE_RECONSTRUCTION.md."
0x0049BED0,unknown,,review,unknown,ghidra-12.1.3-initial-inventory
0x0049BF00,unknown,,review,unknown,ghidra-12.1.3-initial-inventory
0x0049C000,unknown,,review,unknown,ghidra-12.1.3-initial-inventory
0x0049C010,unknown,,review,unknown,ghidra-12.1.3-initial-inventory
0x0049C050,unknown,,review,unknown,ghidra-12.1.3-initial-inventory
0x0049C0C0,unknown,,review,unknown,ghidra-12.1.3-initial-inventory
0x0049C0E0,unknown,,review,unknown,ghidra-12.1.3-initial-inventory
0x0049C110,unknown,,review,unknown,ghidra-12.1.3-initial-inventory
0x0049C120,unknown,,review,unknown,ghidra-12.1.3-initial-inventory
0x0049C140,unknown,,review,unknown,ghidra-12.1.3-initial-inventory
0x0049C160,unknown,,review,unknown,ghidra-12.1.3-initial-inventory
0x0049C1A0,unknown,,review,unknown,ghidra-12.1.3-initial-inventory
0x0049C1E0,unknown,,review,unknown,ghidra-12.1.3-initial-inventory
0x0049C220,unknown,,review,unknown,ghidra-12.1.3-initial-inventory
0x0049C260,unknown,Interpolation,review,pending,"EXACT-046: shared easing/eight-type interpolation protocol dependency batch. Complete native flow, direct branches/returns, aggregate and scalar ABI, shared heads, constants and dispatch bindings independently audited. Cold strict replay291units/60objects/34844disjointbytes and finite C++20/UBSan curve/state/guard/wrapping/truncation checks pass. Names/origins pending. See docs/EXACT_INTERPOLATION_RECONSTRUCTION.md."
0x0049C280,unknown,,review,unknown,ghidra-12.1.3-initial-inventory
0x0049C2A0,unknown,,review,unknown,ghidra-12.1.3-initial-inventory
0x0049C2C0,unknown,,review,unknown,ghidra-12.1.3-initial-inventory
0x0049C2E0,unknown,,review,unknown,ghidra-12.1.3-initial-inventory
0x0049C340,unknown,,review,unknown,ghidra-12.1.3-initial-inventory
0x0049C360,unknown,,review,unknown,ghidra-12.1.3-initial-inventory
0x0049C390,unknown,,review,unknown,ghidra-12.1.3-initial-inventory
0x0049C3C0,unknown,,review,unknown,ghidra-12.1.3-initial-inventory
0x0049C3F0,unknown,,review,unknown,ghidra-12.1.3-initial-inventory
0x0049C410,unknown,,review,unknown,ghidra-12.1.3-initial-inventory
0x0049C470,unknown,Motion,review,pending,"EXACT-059: Whole EnemyState movement composition/bounds, direct Motion configuration and nonthrowing Enemy construction on actual shared owners. Complete native flow/record stride, independent relocation definitions, destructor vptr producer and full flags5 EH metadata/handlers audited. Full frozen-source cold replay417units/78objects/76932disjointbytes; owned C++20/O2/UBSan multi-component/bounds/frozen/NaN/flag-storage checks pass. Shared X aliases/EH support have no duplicate coverage; new origins pending. Whole Enemy dispatcher/movement update, base/list production lifetimes, ANM/context/global and whole-game linkage remain open. See docs/EXACT_ENEMY_MOVEMENT_RECONSTRUCTION.md."
0x0049C490,unknown,,review,unknown,ghidra-12.1.3-initial-inventory
0x0049C4B0,unknown,,review,unknown,ghidra-12.1.3-initial-inventory
0x0049C4E0,unknown,Cursor,review,pending,REF-024: complete natural canonical contribution with independent native owner/consumer and library anchor evidence. Real PMR vector and two std::stack<int> owners; original constructor EH unresolved. Original type/method spelling and authored/compiler/shared origin pending; no authored credit. Full cold relocation replay and independent portable resource/state checks pass. See docs/REFERENCE_FUNCTION_REVIEW.md.
0x0049C500,unknown,,review,unknown,ghidra-12.1.3-initial-inventory
0x0049C520,unknown,AnimationParameters,review,pending,"EXACT-065: Complete Enemy animation dispatcher (967 instruction and 77 alignment/table bytes), plus 19 actual argument/value/animation parameter bodies: 2218 instruction / 2295 comparison bytes. Actual PMR vector, handle, reference and mixed color/flag protocols independently bind every relocation. Frozen-source 481 units / 90 objects / 88842 disjoint bytes cold-replay. Owned O2/UBSan tests cover all 13 operations, 19 table entries/defaults, ordered reads, handle failure, growth, narrowing, interpolation, layer boundaries and flag retention. Whole 0048C010, laser/callback ownership, queues and whole-game linkage/runtime remain pending. See docs/EXACT_ENEMY_ANIMATION_RECONSTRUCTION.md."
0x0049C5B0,unknown,,review,unknown,ghidra-12.1.3-initial-inventory
0x0049C5E0,unknown,AnimationParameters,review,pending,"EXACT-065: Complete Enemy animation dispatcher (967 instruction and 77 alignment/table bytes), plus 19 actual argument/value/animation parameter bodies: 2218 instruction / 2295 comparison bytes. Actual PMR vector, handle, reference and mixed color/flag protocols independently bind every relocation. Frozen-source 481 units / 90 objects / 88842 disjoint bytes cold-replay. Owned O2/UBSan tests cover all 13 operations, 19 table entries/defaults, ordered reads, handle failure, growth, narrowing, interpolation, layer boundaries and flag retention. Whole 0048C010, laser/callback ownership, queues and whole-game linkage/runtime remain pending. See docs/EXACT_ENEMY_ANIMATION_RECONSTRUCTION.md."
0x0049C680,unknown,AnimationParameters,review,pending,"EXACT-065: Complete Enemy animation dispatcher (967 instruction and 77 alignment/table bytes), plus 19 actual argument/value/animation parameter bodies: 2218 instruction / 2295 comparison bytes. Actual PMR vector, handle, reference and mixed color/flag protocols independently bind every relocation. Frozen-source 481 units / 90 objects / 88842 disjoint bytes cold-replay. Owned O2/UBSan tests cover all 13 operations, 19 table entries/defaults, ordered reads, handle failure, growth, narrowing, interpolation, layer boundaries and flag retention. Whole 0048C010, laser/callback ownership, queues and whole-game linkage/runtime remain pending. See docs/EXACT_ENEMY_ANIMATION_RECONSTRUCTION.md."
0x0049C6F0,unknown,,review,unknown,ghidra-12.1.3-initial-inventory
0x0049C720,unknown,,review,unknown,ghidra-12.1.3-initial-inventory
0x0049C740,unknown,,review,unknown,ghidra-12.1.3-initial-inventory
0x0049C760,unknown,,review,unknown,ghidra-12.1.3-initial-inventory
0x0049C780,unknown,,review,unknown,ghidra-12.1.3-initial-inventory
0x0049C7B0,unknown,,review,unknown,ghidra-12.1.3-initial-inventory
0x0049C7E0,unknown,Motion,review,pending,"EXACT-059: Whole EnemyState movement composition/bounds, direct Motion configuration and nonthrowing Enemy construction on actual shared owners. Complete native flow/record stride, independent relocation definitions, destructor vptr producer and full flags5 EH metadata/handlers audited. Full frozen-source cold replay417units/78objects/76932disjointbytes; owned C++20/O2/UBSan multi-component/bounds/frozen/NaN/flag-storage checks pass. Shared X aliases/EH support have no duplicate coverage; new origins pending. Whole Enemy dispatcher/movement update, base/list production lifetimes, ANM/context/global and whole-game linkage remain open. See docs/EXACT_ENEMY_MOVEMENT_RECONSTRUCTION.md."
0x0049C800,unknown,,review,unknown,ghidra-12.1.3-initial-inventory
0x0049C830,unknown,,review,unknown,ghidra-12.1.3-initial-inventory
0x0049C860,unknown,AnimationParameters,review,pending,"EXACT-065: Complete Enemy animation dispatcher (967 instruction and 77 alignment/table bytes), plus 19 actual argument/value/animation parameter bodies: 2218 instruction / 2295 comparison bytes. Actual PMR vector, handle, reference and mixed color/flag protocols independently bind every relocation. Frozen-source 481 units / 90 objects / 88842 disjoint bytes cold-replay. Owned O2/UBSan tests cover all 13 operations, 19 table entries/defaults, ordered reads, handle failure, growth, narrowing, interpolation, layer boundaries and flag retention. Whole 0048C010, laser/callback ownership, queues and whole-game linkage/runtime remain pending. See docs/EXACT_ENEMY_ANIMATION_RECONSTRUCTION.md."
0x0049C8A0,unknown,AnimationParameters,review,pending,"EXACT-065: Complete Enemy animation dispatcher (967 instruction and 77 alignment/table bytes), plus 19 actual argument/value/animation parameter bodies: 2218 instruction / 2295 comparison bytes. Actual PMR vector, handle, reference and mixed color/flag protocols independently bind every relocation. Frozen-source 481 units / 90 objects / 88842 disjoint bytes cold-replay. Owned O2/UBSan tests cover all 13 operations, 19 table entries/defaults, ordered reads, handle failure, growth, narrowing, interpolation, layer boundaries and flag retention. Whole 0048C010, laser/callback ownership, queues and whole-game linkage/runtime remain pending. See docs/EXACT_ENEMY_ANIMATION_RECONSTRUCTION.md."
0x0049C8C0,unknown,,review,unknown,ghidra-12.1.3-initial-inventory
0x0049C8E0,unknown,,review,unknown,ghidra-12.1.3-initial-inventory
0x0049C900,unknown,,review,unknown,ghidra-12.1.3-initial-inventory
0x0049C920,unknown,,review,unknown,ghidra-12.1.3-initial-inventory
0x0049C940,unknown,,review,unknown,ghidra-12.1.3-initial-inventory
0x0049C970,unknown,,review,unknown,ghidra-12.1.3-initial-inventory
0x0049C9C0,unknown,,review,unknown,ghidra-12.1.3-initial-inventory
0x0049CA10,unknown,,review,unknown,ghidra-12.1.3-initial-inventory
0x0049CA40,unknown,,review,unknown,ghidra-12.1.3-initial-inventory
0x0049CA70,unknown,,review,unknown,ghidra-12.1.3-initial-inventory
0x0049CAA0,unknown,,review,unknown,ghidra-12.1.3-initial-inventory
0x0049CAC0,unknown,,review,unknown,ghidra-12.1.3-initial-inventory
0x0049CAE0,unknown,,review,unknown,ghidra-12.1.3-initial-inventory
0x0049CB10,unknown,,review,unknown,ghidra-12.1.3-initial-inventory
0x0049CB30,unknown,,review,unknown,ghidra-12.1.3-initial-inventory
0x0049CB60,unknown,,review,unknown,ghidra-12.1.3-initial-inventory
0x0049CB90,unknown,,review,unknown,ghidra-12.1.3-initial-inventory
0x0049CBB0,unknown,,review,unknown,ghidra-12.1.3-initial-inventory
0x0049CBF0,unknown,,review,unknown,ghidra-12.1.3-initial-inventory
0x0049CC30,unknown,,review,unknown,ghidra-12.1.3-initial-inventory
0x0049CC60,unknown,,review,unknown,ghidra-12.1.3-initial-inventory
0x0049CC90,unknown,,review,unknown,ghidra-12.1.3-initial-inventory
0x0049CCE0,unknown,,review,unknown,ghidra-12.1.3-initial-inventory
0x0049CD70,unknown,,review,unknown,ghidra-12.1.3-initial-inventory
0x0049CDD0,unknown,,review,unknown,ghidra-12.1.3-initial-inventory
0x0049CE30,unknown,EffectParameters,review,pending,"REF-027: complete natural typed value/member contribution, independently decoded whole native routine and owner consumers; canonical129-unit cold replay and dirty-padding/alias/raw-float tests pass. Original names and authored/compiler/shared origins pending; no whole Effect/Special State acceptance. See docs/REFERENCE_EFFECT_SPECIAL_REVIEW.md."
0x0049CE80,unknown,,review,unknown,ghidra-12.1.3-initial-inventory
0x0049CF60,unknown,,review,unknown,ghidra-12.1.3-initial-inventory
0x0049CF80,unknown,,review,unknown,ghidra-12.1.3-initial-inventory
0x0049D2F0,unknown,,review,unknown,ghidra-12.1.3-initial-inventory
0x0049D3C0,unknown,,review,unknown,ghidra-12.1.3-initial-inventory
0x0049D400,unknown,,review,unknown,ghidra-12.1.3-initial-inventory
0x0049D4A0,unknown,,review,unknown,ghidra-12.1.3-initial-inventory
0x0049D5B0,unknown,,review,unknown,ghidra-12.1.3-initial-inventory
0x0049D790,unknown,,review,unknown,ghidra-12.1.3-initial-inventory
0x0049D850,unknown,,review,unknown,ghidra-12.1.3-initial-inventory
0x0049DA50,unknown,,review,unknown,ghidra-12.1.3-initial-inventory
0x0049DA70,unknown,,review,unknown,ghidra-12.1.3-initial-inventory
0x0049DB70,unknown,,review,unknown,ghidra-12.1.3-initial-inventory
0x0049DC60,unknown,,review,unknown,ghidra-12.1.3-initial-inventory
0x0049DCF0,unknown,,review,unknown,ghidra-12.1.3-initial-inventory
0x0049DDC0,unknown,,review,unknown,ghidra-12.1.3-initial-inventory
0x0049DE90,unknown,,review,unknown,ghidra-12.1.3-initial-inventory
0x0049DEA0,unknown,,review,unknown,ghidra-12.1.3-initial-inventory
0x0049DEB0,unknown,,review,unknown,ghidra-12.1.3-initial-inventory
0x0049DED0,unknown,,review,unknown,ghidra-12.1.3-initial-inventory
0x0049DF00,unknown,,review,unknown,ghidra-12.1.3-initial-inventory
0x0049DF20,unknown,,review,unknown,ghidra-12.1.3-initial-inventory
0x0049DF40,unknown,,review,unknown,ghidra-12.1.3-initial-inventory
0x0049DFB0,unknown,,review,unknown,ghidra-12.1.3-initial-inventory
0x0049DFD0,unknown,,review,unknown,ghidra-12.1.3-initial-inventory
0x0049DFF0,unknown,,review,unknown,ghidra-12.1.3-initial-inventory
0x0049E010,unknown,,review,unknown,ghidra-12.1.3-initial-inventory
0x0049E050,unknown,,review,unknown,ghidra-12.1.3-initial-inventory
0x0049E080,unknown,,review,unknown,ghidra-12.1.3-initial-inventory
0x0049E0C0,unknown,,review,unknown,ghidra-12.1.3-initial-inventory
0x0049E120,unknown,,review,unknown,ghidra-12.1.3-initial-inventory
0x0049E160,unknown,,review,unknown,ghidra-12.1.3-initial-inventory
0x0049E1A0,unknown,,review,unknown,ghidra-12.1.3-initial-inventory
0x0049E1F0,unknown,,review,unknown,ghidra-12.1.3-initial-inventory
0x0049E240,unknown,,review,unknown,ghidra-12.1.3-initial-inventory
0x0049E2B0,unknown,,review,unknown,ghidra-12.1.3-initial-inventory
0x0049E320,unknown,,review,unknown,ghidra-12.1.3-initial-inventory
0x0049E370,unknown,,review,unknown,ghidra-12.1.3-initial-inventory
0x0049E3E0,unknown,,review,unknown,ghidra-12.1.3-initial-inventory
0x0049E430,unknown,,review,unknown,ghidra-12.1.3-initial-inventory
0x0049E4A0,unknown,,review,unknown,ghidra-12.1.3-initial-inventory
0x0049E550,unknown,,review,unknown,ghidra-12.1.3-initial-inventory
0x0049E600,unknown,,review,unknown,ghidra-12.1.3-initial-inventory
0x0049E6B0,unknown,,review,unknown,ghidra-12.1.3-initial-inventory
0x0049E760,unknown,,review,unknown,ghidra-12.1.3-initial-inventory
0x0049E7C0,unknown,,review,unknown,ghidra-12.1.3-initial-inventory
0x0049E820,unknown,,review,unknown,ghidra-12.1.3-initial-inventory
0x0049E870,unknown,,review,unknown,ghidra-12.1.3-initial-inventory
0x0049E8C0,unknown,,review,unknown,ghidra-12.1.3-initial-inventory
0x0049E930,unknown,,review,unknown,ghidra-12.1.3-initial-inventory
0x0049E980,unknown,,review,unknown,ghidra-12.1.3-initial-inventory
0x0049EA40,unknown,,review,unknown,ghidra-12.1.3-initial-inventory
0x0049EA50,unknown,,review,unknown,ghidra-12.1.3-initial-inventory
0x0049EA60,unknown,,review,unknown,ghidra-12.1.3-initial-inventory
0x0049EA70,unknown,,review,unknown,ghidra-12.1.3-initial-inventory
0x0049EA80,unknown,,review,unknown,ghidra-12.1.3-initial-inventory
0x0049EAE0,unknown,,review,unknown,ghidra-12.1.3-initial-inventory
0x0049EB40,unknown,,review,unknown,ghidra-12.1.3-initial-inventory
0x0049EB90,unknown,,review,unknown,ghidra-12.1.3-initial-inventory
0x0049EBE0,unknown,EnemyData,review,pending,"EXACT-072: Six complete actual Enemy integer/float destination, checked selection, identifier resolution and Data/16-slot-array construction contributions add1820body/2183comparisonbytes. Full540unit/100object graph replays96830disjointbytes. Native table/producer/callee/EH identity and full canonical relocation replay establish real storage/protocol; no partial read/search/root credit. Owned O2/UBSan checks cover signed bits, float/Movement aliases, repeated player0 lookups, stale/null fallback, array bounds and complete writable-slot counts. Whole read_integer/read_float, observer auto-init/list find, Session/startup, enclosing Controller,41KB Enemy root and whole-game link/runtime remain open. See docs/EXACT_ENEMY_VARIABLE_RECONSTRUCTION.md."
0x0049EC30,unknown,,review,unknown,ghidra-12.1.3-initial-inventory
0x0049ECD0,unknown,,review,unknown,ghidra-12.1.3-initial-inventory
0x0049EF90,unknown,,review,unknown,ghidra-12.1.3-initial-inventory
0x0049F0B0,unknown,,review,unknown,ghidra-12.1.3-initial-inventory
0x0049F190,unknown,,review,unknown,ghidra-12.1.3-initial-inventory
0x0049F1C0,unknown,,review,unknown,ghidra-12.1.3-initial-inventory
0x0049F1E0,unknown,,review,unknown,ghidra-12.1.3-initial-inventory
0x0049F200,unknown,,review,unknown,ghidra-12.1.3-initial-inventory
0x0049F2A0,unknown,,review,unknown,ghidra-12.1.3-initial-inventory
0x0049F330,unknown,,review,unknown,ghidra-12.1.3-initial-inventory
0x0049F360,unknown,,review,unknown,ghidra-12.1.3-initial-inventory
0x0049F390,unknown,,review,unknown,ghidra-12.1.3-initial-inventory
0x0049F3D0,unknown,,review,unknown,ghidra-12.1.3-initial-inventory
0x004A0440,unknown,,review,unknown,ghidra-12.1.3-initial-inventory
0x004A0590,unknown,,review,unknown,ghidra-12.1.3-initial-inventory
0x004A05D0,unknown,,review,unknown,ghidra-12.1.3-initial-inventory
0x004A0600,unknown,,review,unknown,ghidra-12.1.3-initial-inventory
0x004A0970,unknown,,review,unknown,ghidra-12.1.3-initial-inventory
0x004A0990,unknown,,review,unknown,ghidra-12.1.3-initial-inventory
0x004A0A00,unknown,,review,unknown,ghidra-12.1.3-initial-inventory
0x004A0A20,authored,InputState,authored,high,"REF-019; Physical input frame producer REF-006 establishes current word and thirty-two held counters; independent Ending VM and frame consumers gate the actual counter member on current bits. Original member thiscall, full uint32 result, RET4 and array-index anchor independently established. Valid receiver and indices 0..31; original OS polling and enclosing input controller remain unresolved. Bespoke input methods are distinct from their shared STL array-index callee."
0x004A0A70,unknown,,review,unknown,ghidra-12.1.3-initial-inventory
0x004A0AA0,unknown,,review,unknown,ghidra-12.1.3-initial-inventory
0x004A0B50,unknown,,review,unknown,ghidra-12.1.3-initial-inventory
0x004A0B80,unknown,,review,unknown,ghidra-12.1.3-initial-inventory
0x004A0BB0,unknown,,review,unknown,ghidra-12.1.3-initial-inventory
0x004A0BD0,unknown,,review,unknown,ghidra-12.1.3-initial-inventory
0x004A0BF0,unknown,,review,unknown,ghidra-12.1.3-initial-inventory
0x004A0C20,unknown,,review,unknown,ghidra-12.1.3-initial-inventory
0x004A0C40,unknown,,review,unknown,ghidra-12.1.3-initial-inventory
0x004A0C60,unknown,,review,unknown,ghidra-12.1.3-initial-inventory
0x004A0C80,unknown,,review,unknown,ghidra-12.1.3-initial-inventory
0x004A0CF0,unknown,,review,unknown,ghidra-12.1.3-initial-inventory
0x004A0D60,unknown,,review,unknown,ghidra-12.1.3-initial-inventory
0x004A0D70,unknown,,review,unknown,ghidra-12.1.3-initial-inventory
0x004A0D80,unknown,,review,unknown,ghidra-12.1.3-initial-inventory
0x004A0D90,unknown,,review,unknown,ghidra-12.1.3-initial-inventory
0x004A0DA0,unknown,,review,unknown,ghidra-12.1.3-initial-inventory
0x004A0DC0,unknown,,review,unknown,ghidra-12.1.3-initial-inventory
0x004A0DE0,unknown,,review,unknown,ghidra-12.1.3-initial-inventory
0x004A0DF0,unknown,,review,unknown,ghidra-12.1.3-initial-inventory
0x004A0E90,unknown,,review,unknown,ghidra-12.1.3-initial-inventory
0x004A0EB0,unknown,,review,unknown,ghidra-12.1.3-initial-inventory
0x004A0ED0,unknown,,review,unknown,ghidra-12.1.3-initial-inventory
0x004A0EF0,unknown,,review,unknown,ghidra-12.1.3-initial-inventory
0x004A0F10,unknown,,review,unknown,ghidra-12.1.3-initial-inventory
0x004A0F30,unknown,,review,unknown,ghidra-12.1.3-initial-inventory
0x004A0F90,unknown,,review,unknown,ghidra-12.1.3-initial-inventory
0x004A0FB0,unknown,,review,unknown,ghidra-12.1.3-initial-inventory
0x004A0FF0,unknown,,review,unknown,ghidra-12.1.3-initial-inventory
0x004A1010,unknown,,review,unknown,ghidra-12.1.3-initial-inventory
0x004A1070,unknown,,review,unknown,ghidra-12.1.3-initial-inventory
0x004A1090,unknown,,review,unknown,ghidra-12.1.3-initial-inventory
0x004A10D0,unknown,,review,unknown,ghidra-12.1.3-initial-inventory
0x004A1100,unknown,,review,unknown,ghidra-12.1.3-initial-inventory
0x004A1150,unknown,,review,unknown,ghidra-12.1.3-initial-inventory
0x004A11F0,unknown,,review,unknown,ghidra-12.1.3-initial-inventory
0x004A1290,unknown,,review,unknown,ghidra-12.1.3-initial-inventory
0x004A1310,unknown,,review,unknown,ghidra-12.1.3-initial-inventory
0x004A1370,unknown,,review,unknown,ghidra-12.1.3-initial-inventory
0x004A13D0,unknown,,review,unknown,ghidra-12.1.3-initial-inventory
0x004A1410,unknown,,review,unknown,ghidra-12.1.3-initial-inventory
0x004A14A0,unknown,,review,unknown,ghidra-12.1.3-initial-inventory
0x004A14D0,unknown,,review,unknown,ghidra-12.1.3-initial-inventory
0x004A1550,unknown,,review,unknown,ghidra-12.1.3-initial-inventory
0x004A1580,unknown,,review,unknown,ghidra-12.1.3-initial-inventory
0x004A15A0,unknown,,review,unknown,ghidra-12.1.3-initial-inventory
0x004A15E0,unknown,,review,unknown,ghidra-12.1.3-initial-inventory
0x004A1630,unknown,,review,unknown,ghidra-12.1.3-initial-inventory
0x004A16B0,unknown,,review,unknown,ghidra-12.1.3-initial-inventory
0x004A1710,unknown,,review,unknown,ghidra-12.1.3-initial-inventory
0x004A1730,unknown,,review,unknown,ghidra-12.1.3-initial-inventory
0x004A1750,unknown,,review,unknown,ghidra-12.1.3-initial-inventory
0x004A17D0,unknown,,review,unknown,ghidra-12.1.3-initial-inventory
0x004A17F0,unknown,,review,unknown,ghidra-12.1.3-initial-inventory
0x004A1840,unknown,,review,unknown,ghidra-12.1.3-initial-inventory
0x004A18A0,unknown,,review,unknown,ghidra-12.1.3-initial-inventory
0x004A1910,unknown,,review,unknown,ghidra-12.1.3-initial-inventory
0x004A19B0,unknown,,review,unknown,ghidra-12.1.3-initial-inventory
0x004A1A00,unknown,,review,unknown,ghidra-12.1.3-initial-inventory
0x004A1A60,unknown,,review,unknown,ghidra-12.1.3-initial-inventory
0x004A1AC0,unknown,,review,unknown,ghidra-12.1.3-initial-inventory
0x004A1B50,unknown,,review,unknown,ghidra-12.1.3-initial-inventory
0x004A1BC0,unknown,,review,unknown,ghidra-12.1.3-initial-inventory
0x004A1DC0,unknown,,review,unknown,ghidra-12.1.3-initial-inventory
0x004A1E10,unknown,,review,unknown,ghidra-12.1.3-initial-inventory
0x004A1E80,unknown,,review,unknown,ghidra-12.1.3-initial-inventory
0x004A1EF0,unknown,,review,unknown,ghidra-12.1.3-initial-inventory
0x004A1F20,unknown,,review,unknown,ghidra-12.1.3-initial-inventory
0x004A1F50,unknown,,review,unknown,ghidra-12.1.3-initial-inventory
0x004A1F80,unknown,,review,unknown,ghidra-12.1.3-initial-inventory
0x004A2080,unknown,,review,unknown,ghidra-12.1.3-initial-inventory
0x004A21D0,unknown,,review,unknown,ghidra-12.1.3-initial-inventory
0x004A21E0,unknown,,review,unknown,ghidra-12.1.3-initial-inventory
0x004A22B0,unknown,,review,unknown,ghidra-12.1.3-initial-inventory
0x004A2380,unknown,,review,unknown,ghidra-12.1.3-initial-inventory
0x004A2420,unknown,,review,unknown,ghidra-12.1.3-initial-inventory
0x004A2470,unknown,,review,unknown,ghidra-12.1.3-initial-inventory
0x004A24C0,unknown,,review,unknown,ghidra-12.1.3-initial-inventory
0x004A2510,unknown,,review,unknown,ghidra-12.1.3-initial-inventory
0x004A2560,unknown,,review,unknown,ghidra-12.1.3-initial-inventory
0x004A2580,unknown,,review,unknown,ghidra-12.1.3-initial-inventory
0x004A25D0,unknown,,review,unknown,ghidra-12.1.3-initial-inventory
0x004A25F0,unknown,,review,unknown,ghidra-12.1.3-initial-inventory
0x004A2640,unknown,,review,unknown,ghidra-12.1.3-initial-inventory
0x004A2660,unknown,,review,unknown,ghidra-12.1.3-initial-inventory
0x004A26B0,unknown,,review,unknown,ghidra-12.1.3-initial-inventory
0x004A26D0,unknown,,review,unknown,ghidra-12.1.3-initial-inventory
0x004A2720,unknown,,review,unknown,ghidra-12.1.3-initial-inventory
0x004A2790,unknown,,review,unknown,ghidra-12.1.3-initial-inventory
0x004A2800,unknown,,review,unknown,ghidra-12.1.3-initial-inventory
0x004A2870,unknown,,review,unknown,ghidra-12.1.3-initial-inventory
0x004A28C0,unknown,,review,unknown,ghidra-12.1.3-initial-inventory
0x004A2910,unknown,,review,unknown,ghidra-12.1.3-initial-inventory
0x004A2960,unknown,,review,unknown,ghidra-12.1.3-initial-inventory
0x004A2980,unknown,,review,unknown,ghidra-12.1.3-initial-inventory
0x004A29A0,unknown,,review,unknown,ghidra-12.1.3-initial-inventory
0x004A29B0,unknown,,review,unknown,ghidra-12.1.3-initial-inventory
0x004A29C0,unknown,,review,unknown,ghidra-12.1.3-initial-inventory
0x004A29E0,unknown,,review,unknown,ghidra-12.1.3-initial-inventory
0x004A2A20,unknown,,review,unknown,ghidra-12.1.3-initial-inventory
0x004A2A50,unknown,,review,unknown,ghidra-12.1.3-initial-inventory
0x004A2A90,unknown,,review,unknown,ghidra-12.1.3-initial-inventory
0x004A2AA0,unknown,,review,unknown,ghidra-12.1.3-initial-inventory
0x004A2AB0,unknown,,review,unknown,ghidra-12.1.3-initial-inventory
0x004A2AD0,unknown,,review,unknown,ghidra-12.1.3-initial-inventory
0x004A2AE0,unknown,,review,unknown,ghidra-12.1.3-initial-inventory
0x004A2B00,unknown,,review,unknown,ghidra-12.1.3-initial-inventory
0x004A2B20,unknown,,review,unknown,ghidra-12.1.3-initial-inventory
0x004A2B70,unknown,,review,unknown,ghidra-12.1.3-initial-inventory
0x004A2C20,unknown,,review,unknown,ghidra-12.1.3-initial-inventory
0x004A2C50,unknown,,review,unknown,ghidra-12.1.3-initial-inventory
0x004A2D30,unknown,,review,unknown,ghidra-12.1.3-initial-inventory
0x004A2D90,unknown,,review,unknown,ghidra-12.1.3-initial-inventory
0x004A2DB0,unknown,,review,unknown,ghidra-12.1.3-initial-inventory
0x004A2DE0,unknown,,review,unknown,ghidra-12.1.3-initial-inventory
0x004A2E10,unknown,,review,unknown,ghidra-12.1.3-initial-inventory
0x004A2E40,unknown,EclFileLoading,review,pending,"EXACT-069: Complete556-byte ECL file-loading body and three derived lifetime contributions;682bytes. Actual PMR filename registration before include recursion, process pair-list cache, reference-return emplace_back, resource/append result protocol and original EclResourceInf RTTI establish owners. Complete118-byte EH support independently replays without extra credit. Frozen-source509units/95coldobjects/91055disjointbytes. Derived include, player binding, whole append, process startup/teardown and whole-game linkage/runtime remain open. See docs/EXACT_ECL_FILE_LOADING_RECONSTRUCTION.md."
0x004A2E80,unknown,EnemyController,review,pending,"EXACT-074: Complete actual Task68 and Controller312/317 construction add380body/385comparisonbytes. Frozen562unit/103fresh-object graph replays98392disjointbytes. Explicit aggregate flag zeroing before setting bit1, native EnemyCtrlInf RTTI/vtable identity, all real member constructors, full padding/EH/nonthrowing information and original log literal are checked independently. Owned creation tests now use production Controller/Task construction, dirty guards and real generation side effects. Factory60/73, whole find241/251, statistics219, sentinel constructor31/40, other child emissions, Controller disposal,41KB opcode root and whole-game link/runtime remain open. No authored origin or whole reference association closure follows. See docs/EXACT_CONTROLLER_CONSTRUCTION_RECONSTRUCTION.md."
0x004A2FC0,unknown,EnemyData,review,pending,"EXACT-072: Six complete actual Enemy integer/float destination, checked selection, identifier resolution and Data/16-slot-array construction contributions add1820body/2183comparisonbytes. Full540unit/100object graph replays96830disjointbytes. Native table/producer/callee/EH identity and full canonical relocation replay establish real storage/protocol; no partial read/search/root credit. Owned O2/UBSan checks cover signed bits, float/Movement aliases, repeated player0 lookups, stale/null fallback, array bounds and complete writable-slot counts. Whole read_integer/read_float, observer auto-init/list find, Session/startup, enclosing Controller,41KB Enemy root and whole-game link/runtime remain open. See docs/EXACT_ENEMY_VARIABLE_RECONSTRUCTION.md."
0x004A3060,unknown,EnemyState,review,pending,"EXACT-058: Complete EnemyState752 lifetime/init, typed animation/queued/bounds records and actual Enemy0x428 dispatcher/argument forwarding protocol. Independent owner producers/consumers, PMR/shared-pointer layouts, 53 relocation definitions and external24.0f consumer audited; full cold replay408/76/75637disjointbytes. Owned C++20/O2/UBSan retention/reset/allocation-release checks pass. Origin remains pending; whole41KB dispatcher, enclosing Enemy lifetime/EH, metadata/controller/global and Runtime dependency implementations remain open. See docs/EXACT_ENEMY_STATE_RECONSTRUCTION.md."
0x004A3360,unknown,EnemyHealth,review,pending,"REF-039: complete natural member on actual EnemyHealth28/EnemyPattern168 values. Native State constructor/receiver offsets, full PE flow including omitted4A3FDD jump, original full-EAX callers and independently decoded memset/fill/Timer/literal anchors precede probes. All175 units/50 cold objects/12236 disjoint bytes pass; independent dirty guarded C++20/UBSan construction, widened modular arithmetic and count/Timer/reset preservation tests pass. Original names/origins and full Enemy/Player/HUD/ANM/PMR/ECL/Services owners remain unaccepted. No whole-owner facade, prefix comparison, copied reference source or extra helper credit. See docs/REFERENCE_ENEMY_DAMAGE_REVIEW.md."
0x004A33C0,unknown,Enemy,review,pending,"EXACT-059: Whole EnemyState movement composition/bounds, direct Motion configuration and nonthrowing Enemy construction on actual shared owners. Complete native flow/record stride, independent relocation definitions, destructor vptr producer and full flags5 EH metadata/handlers audited. Full frozen-source cold replay417units/78objects/76932disjointbytes; owned C++20/O2/UBSan multi-component/bounds/frozen/NaN/flag-storage checks pass. Shared X aliases/EH support have no duplicate coverage; new origins pending. Whole Enemy dispatcher/movement update, base/list production lifetimes, ANM/context/global and whole-game linkage remain open. See docs/EXACT_ENEMY_MOVEMENT_RECONSTRUCTION.md."
0x004A34A0,unknown,EnemyPattern,review,pending,"REF-039: complete natural member on actual EnemyHealth28/EnemyPattern168 values. Native State constructor/receiver offsets, full PE flow including omitted4A3FDD jump, original full-EAX callers and independently decoded memset/fill/Timer/literal anchors precede probes. All175 units/50 cold objects/12236 disjoint bytes pass; independent dirty guarded C++20/UBSan construction, widened modular arithmetic and count/Timer/reset preservation tests pass. Original names/origins and full Enemy/Player/HUD/ANM/PMR/ECL/Services owners remain unaccepted. No whole-owner facade, prefix comparison, copied reference source or extra helper credit. See docs/REFERENCE_ENEMY_DAMAGE_REVIEW.md."
0x004A3530,unknown,,review,unknown,ghidra-12.1.3-initial-inventory
0x004A3580,unknown,EclRuntimeLifetime,review,pending,"EXACT-071: Ten complete actual ECL Runtime/Manager lifetime, async clearing, typed scalar release and floating default bodies add 701 body bytes /706 comparison bytes including natural complete destructor padding. Complete 534-unit /98-object cold replay covers 94647 disjoint bytes. Independent SptInf RTTI, zero initialization, real PMR lifetimes and destroy-before-lock release establish protocol; canonical whole bodies and complete EH/alias support strictly replay. Owned O2/UBSan checks exercise resource capture, scalar/virtual disposal and native clear/reset validity. Source origin, whole Enemy root, resource append/getter/include, process startup and whole-game link/runtime remain open. See docs/EXACT_ECL_RUNTIME_LIFETIME_RECONSTRUCTION.md."
0x004A35F0,unknown,EclRuntimeLifetime,review,pending,"EXACT-071: Ten complete actual ECL Runtime/Manager lifetime, async clearing, typed scalar release and floating default bodies add 701 body bytes /706 comparison bytes including natural complete destructor padding. Complete 534-unit /98-object cold replay covers 94647 disjoint bytes. Independent SptInf RTTI, zero initialization, real PMR lifetimes and destroy-before-lock release establish protocol; canonical whole bodies and complete EH/alias support strictly replay. Owned O2/UBSan checks exercise resource capture, scalar/virtual disposal and native clear/reset validity. Source origin, whole Enemy root, resource append/getter/include, process startup and whole-game link/runtime remain open. See docs/EXACT_ECL_RUNTIME_LIFETIME_RECONSTRUCTION.md."
0x004A3650,unknown,EclResourceLifetime,review,pending,"EXACT-068: Five complete ECL base resource initialization/destruction contributions; 252bytes. Frozen-source505units/94coldobjects/90373disjointbytes strictly replay. Actual PMR record/word containers capture their default allocator and release only owned storage; file buffers remain borrowed. Native original global RTTI name is SptResourceInf; maintained EclLoader denotes its role. Complete append876, derived resource loading and first virtual callback remain pending. See docs/EXACT_ECL_RESOURCE_LIFETIME_RECONSTRUCTION.md."
0x004A36D0,unknown,ScriptStack,review,pending,REF-037: natural complete typed value member; native construction/owner/access/call operands and generic output-pointer pop ABI independently establish anchors before probing. Full162-unit/46-object cold replay11154 bytes and portable C++20/UBSan tests pass. Actual PMR Stack24 and Counter48 four-integer/eight-float types; original spelling/origin pending. Generic pop/allocator/vector bodies and full VM/Enemy/vptr/EH owners not reconstructed. See docs/REFERENCE_GAMEPLAY_ECL_REVIEW.md.
0x004A3700,unknown,,review,unknown,ghidra-12.1.3-initial-inventory
0x004A3730,unknown,,review,unknown,ghidra-12.1.3-initial-inventory
0x004A37B0,unknown,,review,unknown,ghidra-12.1.3-initial-inventory
0x004A37E0,unknown,,review,unknown,ghidra-12.1.3-initial-inventory
0x004A3800,unknown,,review,unknown,ghidra-12.1.3-initial-inventory
0x004A3820,unknown,,review,unknown,ghidra-12.1.3-initial-inventory
0x004A3840,unknown,,review,unknown,ghidra-12.1.3-initial-inventory
0x004A3860,unknown,,review,unknown,ghidra-12.1.3-initial-inventory
0x004A3880,unknown,,review,unknown,ghidra-12.1.3-initial-inventory
0x004A38A0,unknown,,review,unknown,ghidra-12.1.3-initial-inventory
0x004A3900,unknown,EclFileLoading,review,pending,"EXACT-069: Complete556-byte ECL file-loading body and three derived lifetime contributions;682bytes. Actual PMR filename registration before include recursion, process pair-list cache, reference-return emplace_back, resource/append result protocol and original EclResourceInf RTTI establish owners. Complete118-byte EH support independently replays without extra credit. Frozen-source509units/95coldobjects/91055disjointbytes. Derived include, player binding, whole append, process startup/teardown and whole-game linkage/runtime remain open. See docs/EXACT_ECL_FILE_LOADING_RECONSTRUCTION.md."
0x004A3920,unknown,,review,unknown,ghidra-12.1.3-initial-inventory
0x004A3AC0,unknown,EnemyState,review,pending,"EXACT-058: Complete EnemyState752 lifetime/init, typed animation/queued/bounds records and actual Enemy0x428 dispatcher/argument forwarding protocol. Independent owner producers/consumers, PMR/shared-pointer layouts, 53 relocation definitions and external24.0f consumer audited; full cold replay408/76/75637disjointbytes. Owned C++20/O2/UBSan retention/reset/allocation-release checks pass. Origin remains pending; whole41KB dispatcher, enclosing Enemy lifetime/EH, metadata/controller/global and Runtime dependency implementations remain open. See docs/EXACT_ENEMY_STATE_RECONSTRUCTION.md."
0x004A3B10,unknown,,review,unknown,ghidra-12.1.3-initial-inventory
0x004A3CE0,unknown,EclRuntimeLifetime,review,pending,"EXACT-071: Ten complete actual ECL Runtime/Manager lifetime, async clearing, typed scalar release and floating default bodies add 701 body bytes /706 comparison bytes including natural complete destructor padding. Complete 534-unit /98-object cold replay covers 94647 disjoint bytes. Independent SptInf RTTI, zero initialization, real PMR lifetimes and destroy-before-lock release establish protocol; canonical whole bodies and complete EH/alias support strictly replay. Owned O2/UBSan checks exercise resource capture, scalar/virtual disposal and native clear/reset validity. Source origin, whole Enemy root, resource append/getter/include, process startup and whole-game link/runtime remain open. See docs/EXACT_ECL_RUNTIME_LIFETIME_RECONSTRUCTION.md."
0x004A3D40,unknown,EclResourceLifetime,review,pending,"EXACT-068: Five complete ECL base resource initialization/destruction contributions; 252bytes. Frozen-source505units/94coldobjects/90373disjointbytes strictly replay. Actual PMR record/word containers capture their default allocator and release only owned storage; file buffers remain borrowed. Native original global RTTI name is SptResourceInf; maintained EclLoader denotes its role. Complete append876, derived resource loading and first virtual callback remain pending. See docs/EXACT_ECL_RESOURCE_LIFETIME_RECONSTRUCTION.md."
0x004A3D80,unknown,,review,unknown,ghidra-12.1.3-initial-inventory
0x004A3DE0,unknown,,review,unknown,ghidra-12.1.3-initial-inventory
0x004A3E40,unknown,,review,unknown,ghidra-12.1.3-initial-inventory
0x004A3E60,unknown,,review,unknown,ghidra-12.1.3-initial-inventory
0x004A3EA0,unknown,,review,unknown,ghidra-12.1.3-initial-inventory
0x004A3EC0,unknown,,review,unknown,ghidra-12.1.3-initial-inventory
0x004A3EE0,unknown,,review,unknown,ghidra-12.1.3-initial-inventory
0x004A3F00,unknown,,review,unknown,ghidra-12.1.3-initial-inventory
0x004A3F20,unknown,,review,unknown,ghidra-12.1.3-initial-inventory
0x004A3F80,unknown,EnemyHealth,review,pending,"REF-039: complete natural member on actual EnemyHealth28/EnemyPattern168 values. Native State constructor/receiver offsets, full PE flow including omitted4A3FDD jump, original full-EAX callers and independently decoded memset/fill/Timer/literal anchors precede probes. All175 units/50 cold objects/12236 disjoint bytes pass; independent dirty guarded C++20/UBSan construction, widened modular arithmetic and count/Timer/reset preservation tests pass. Original names/origins and full Enemy/Player/HUD/ANM/PMR/ECL/Services owners remain unaccepted. No whole-owner facade, prefix comparison, copied reference source or extra helper credit. See docs/REFERENCE_ENEMY_DAMAGE_REVIEW.md."
0x004A4000,unknown,,review,unknown,ghidra-12.1.3-initial-inventory
0x004A4030,unknown,,review,unknown,ghidra-12.1.3-initial-inventory
0x004A4060,unknown,EclFileLoading,review,pending,"EXACT-069: Complete556-byte ECL file-loading body and three derived lifetime contributions;682bytes. Actual PMR filename registration before include recursion, process pair-list cache, reference-return emplace_back, resource/append result protocol and original EclResourceInf RTTI establish owners. Complete118-byte EH support independently replays without extra credit. Frozen-source509units/95coldobjects/91055disjointbytes. Derived include, player binding, whole append, process startup/teardown and whole-game linkage/runtime remain open. See docs/EXACT_ECL_FILE_LOADING_RECONSTRUCTION.md."
0x004A40A0,unknown,,review,unknown,ghidra-12.1.3-initial-inventory
0x004A40E0,unknown,,review,unknown,ghidra-12.1.3-initial-inventory
0x004A4120,unknown,EclRuntimeLifetime,review,pending,"EXACT-071: Ten complete actual ECL Runtime/Manager lifetime, async clearing, typed scalar release and floating default bodies add 701 body bytes /706 comparison bytes including natural complete destructor padding. Complete 534-unit /98-object cold replay covers 94647 disjoint bytes. Independent SptInf RTTI, zero initialization, real PMR lifetimes and destroy-before-lock release establish protocol; canonical whole bodies and complete EH/alias support strictly replay. Owned O2/UBSan checks exercise resource capture, scalar/virtual disposal and native clear/reset validity. Source origin, whole Enemy root, resource append/getter/include, process startup and whole-game link/runtime remain open. See docs/EXACT_ECL_RUNTIME_LIFETIME_RECONSTRUCTION.md."
0x004A4150,unknown,EclResourceLifetime,review,pending,"EXACT-068: Five complete ECL base resource initialization/destruction contributions; 252bytes. Frozen-source505units/94coldobjects/90373disjointbytes strictly replay. Actual PMR record/word containers capture their default allocator and release only owned storage; file buffers remain borrowed. Native original global RTTI name is SptResourceInf; maintained EclLoader denotes its role. Complete append876, derived resource loading and first virtual callback remain pending. See docs/EXACT_ECL_RESOURCE_LIFETIME_RECONSTRUCTION.md."
0x004A4190,unknown,,review,unknown,ghidra-12.1.3-initial-inventory
0x004A4810,unknown,,review,unknown,ghidra-12.1.3-initial-inventory
0x004A4A20,unknown,,review,unknown,ghidra-12.1.3-initial-inventory
0x004A4C20,unknown,,review,unknown,ghidra-12.1.3-initial-inventory
0x004A4E30,unknown,,review,unknown,ghidra-12.1.3-initial-inventory
0x004A5040,unknown,,review,unknown,ghidra-12.1.3-initial-inventory
0x004A5320,unknown,,review,unknown,ghidra-12.1.3-initial-inventory
0x004A5350,unknown,,review,unknown,ghidra-12.1.3-initial-inventory
0x004A55D0,unknown,,review,unknown,ghidra-12.1.3-initial-inventory
0x004A5640,unknown,,review,unknown,ghidra-12.1.3-initial-inventory
0x004A5BA0,unknown,,review,unknown,ghidra-12.1.3-initial-inventory
0x004A5BE0,unknown,,review,unknown,ghidra-12.1.3-initial-inventory
0x004A5DF0,unknown,,review,unknown,ghidra-12.1.3-initial-inventory
0x004A7040,unknown,,review,unknown,ghidra-12.1.3-initial-inventory
0x004A7080,unknown,,review,unknown,ghidra-12.1.3-initial-inventory
0x004A7170,unknown,EnemyState,review,pending,"EXACT-058: Complete EnemyState752 lifetime/init, typed animation/queued/bounds records and actual Enemy0x428 dispatcher/argument forwarding protocol. Independent owner producers/consumers, PMR/shared-pointer layouts, 53 relocation definitions and external24.0f consumer audited; full cold replay408/76/75637disjointbytes. Owned C++20/O2/UBSan retention/reset/allocation-release checks pass. Origin remains pending; whole41KB dispatcher, enclosing Enemy lifetime/EH, metadata/controller/global and Runtime dependency implementations remain open. See docs/EXACT_ENEMY_STATE_RECONSTRUCTION.md."
0x004A7310,unknown,EnemyHealth,review,pending,"REF-039: complete natural member on actual EnemyHealth28/EnemyPattern168 values. Native State constructor/receiver offsets, full PE flow including omitted4A3FDD jump, original full-EAX callers and independently decoded memset/fill/Timer/literal anchors precede probes. All175 units/50 cold objects/12236 disjoint bytes pass; independent dirty guarded C++20/UBSan construction, widened modular arithmetic and count/Timer/reset preservation tests pass. Original names/origins and full Enemy/Player/HUD/ANM/PMR/ECL/Services owners remain unaccepted. No whole-owner facade, prefix comparison, copied reference source or extra helper credit. See docs/REFERENCE_ENEMY_DAMAGE_REVIEW.md."
0x004A7360,unknown,EnemyPattern,review,pending,"REF-039: complete natural member on actual EnemyHealth28/EnemyPattern168 values. Native State constructor/receiver offsets, full PE flow including omitted4A3FDD jump, original full-EAX callers and independently decoded memset/fill/Timer/literal anchors precede probes. All175 units/50 cold objects/12236 disjoint bytes pass; independent dirty guarded C++20/UBSan construction, widened modular arithmetic and count/Timer/reset preservation tests pass. Original names/origins and full Enemy/Player/HUD/ANM/PMR/ECL/Services owners remain unaccepted. No whole-owner facade, prefix comparison, copied reference source or extra helper credit. See docs/REFERENCE_ENEMY_DAMAGE_REVIEW.md."
0x004A73D0,unknown,Motion,review,pending,"EXACT-050: Damage Region routing/configuration and shared value protocols. Complete receiver flow/AL-bool/full-EAX/RET ABI, actual196-byte Region with72-byte Motion, five shape routes, configuration preservation/alias order and independent callee anchors audited. Cold strict replay343units/65objects/55692disjointbytes and public C++20/UBSan routing/state/alias checks pass. Constructor EH/controller lifetime/names/origins pending. See docs/EXACT_DAMAGE_REGION_RECONSTRUCTION.md."
0x004A73F0,unknown,EnemyCreation,review,pending,"EXACT-066: Nineteen complete actual Enemy creation/initialization, script reset/selection, generation, hidden-result identifier and non-consuming value forwarding bodies;1279bytes. Frozen-source500units/93coldobjects/90121disjointbytes strictly replay. Owned O2/UBSan tests exercise actual creation/init/reset/selection and list/generation lifetimes. Scalar allocation/context/spawn application, supplied-value virtual materialization, whole653-byte spawn opcode and41KB main dispatcher remain pending. See docs/EXACT_ENEMY_CREATION_RECONSTRUCTION.md."
0x004A74D0,unknown,EclFileLoading,review,pending,"EXACT-069: Complete556-byte ECL file-loading body and three derived lifetime contributions;682bytes. Actual PMR filename registration before include recursion, process pair-list cache, reference-return emplace_back, resource/append result protocol and original EclResourceInf RTTI establish owners. Complete118-byte EH support independently replays without extra credit. Frozen-source509units/95coldobjects/91055disjointbytes. Derived include, player binding, whole append, process startup/teardown and whole-game linkage/runtime remain open. See docs/EXACT_ECL_FILE_LOADING_RECONSTRUCTION.md."
0x004A7700,unknown,,review,unknown,ghidra-12.1.3-initial-inventory
0x004A7710,unknown,EnemyState,review,pending,"EXACT-061: Whole Enemy movement update1675 and fourteen actual owner/interface functions; native Graphics0xDE8/Viewport0x16C/Configuration0xB0/AnimationFile0x70/Context0x30 and typed parent/controller/file protocol. Independent definitions, SDK/atomic/array/global consumers, complete flags5 EH and strict float-to-double CRT fabs are audited. Full frozen-source cold replay442units/84objects/84017disjointbytes; owned C++20/O2/UBSan movement/order/bounds/initialization checks pass. Fourteen supporting aliases/library/EH contributions have no duplicate credit. New origins pending; whole Enemy dispatcher, unresolved production lifetimes/resolution/spawn/global definitions and whole-game linkage remain open. See docs/EXACT_ENEMY_UPDATE_RECONSTRUCTION.md."
0x004A7DA0,unknown,EnemyState,review,pending,"EXACT-059: Whole EnemyState movement composition/bounds, direct Motion configuration and nonthrowing Enemy construction on actual shared owners. Complete native flow/record stride, independent relocation definitions, destructor vptr producer and full flags5 EH metadata/handlers audited. Full frozen-source cold replay417units/78objects/76932disjointbytes; owned C++20/O2/UBSan multi-component/bounds/frozen/NaN/flag-storage checks pass. Shared X aliases/EH support have no duplicate coverage; new origins pending. Whole Enemy dispatcher/movement update, base/list production lifetimes, ANM/context/global and whole-game linkage remain open. See docs/EXACT_ENEMY_MOVEMENT_RECONSTRUCTION.md."
0x004A80F0,unknown,,review,unknown,ghidra-12.1.3-initial-inventory
0x004A8260,unknown,,review,unknown,ghidra-12.1.3-initial-inventory
0x004A8760,unknown,EnemyFrame,review,pending,"EXACT-079: Three whole Enemy spawn/time-scale and Animation slowdown contributions add 1257 body /1399 comparison bytes. Frozen 594-unit /110 fresh-object graph strictly replays 103873 disjoint bytes. Actual 1064-byte Enemy and 752-byte EnemyState retain real PMR movement/animation records, shared Session mode/clamped stage, health/pattern value setters, natural word/bitfield storage and native rank. The full 780-byte spawn body includes all 110 selectors/eight complete table entries, state-after-tick and flag preservation. The full 448-byte time-scale tick preserves both ordered animation walks, stale/null handle policy, clamping, global clock save/restore and delegated signed return. Owned O2/UBSan checks run production Enemy/ECL/State/Animation/ Session lifetimes and real orchestration across IEEE slowdown/clock inputs, retained flags, all 110 selectors, difficulty/health boundaries, self-aliased spawn and stage-clamp side effects. Complete EnemyState tick, renderer resolution, virtual readers and Enemy retirement remain explicit fixture/unclosed boundaries. The private 1280-byte State tick candidate retains a terminal NOP discrepancy; no whole State tick or 41KB dispatcher/reader/runtime credit follows. Folded actual health/pattern/vector support has complete comparisons without duplicate credit. Reference raw/service interfaces are not imported; origins remain pending. See docs/EXACT_ENEMY_SPAWN_TICK_RECONSTRUCTION.md."
0x004A8920,unknown,EnemyCreation,review,pending,"EXACT-066: Nineteen complete actual Enemy creation/initialization, script reset/selection, generation, hidden-result identifier and non-consuming value forwarding bodies;1279bytes. Frozen-source500units/93coldobjects/90121disjointbytes strictly replay. Owned O2/UBSan tests exercise actual creation/init/reset/selection and list/generation lifetimes. Scalar allocation/context/spawn application, supplied-value virtual materialization, whole653-byte spawn opcode and41KB main dispatcher remain pending. See docs/EXACT_ENEMY_CREATION_RECONSTRUCTION.md."
0x004A89C0,unknown,EnemyFrame,review,pending,"EXACT-079: Three whole Enemy spawn/time-scale and Animation slowdown contributions add 1257 body /1399 comparison bytes. Frozen 594-unit /110 fresh-object graph strictly replays 103873 disjoint bytes. Actual 1064-byte Enemy and 752-byte EnemyState retain real PMR movement/animation records, shared Session mode/clamped stage, health/pattern value setters, natural word/bitfield storage and native rank. The full 780-byte spawn body includes all 110 selectors/eight complete table entries, state-after-tick and flag preservation. The full 448-byte time-scale tick preserves both ordered animation walks, stale/null handle policy, clamping, global clock save/restore and delegated signed return. Owned O2/UBSan checks run production Enemy/ECL/State/Animation/ Session lifetimes and real orchestration across IEEE slowdown/clock inputs, retained flags, all 110 selectors, difficulty/health boundaries, self-aliased spawn and stage-clamp side effects. Complete EnemyState tick, renderer resolution, virtual readers and Enemy retirement remain explicit fixture/unclosed boundaries. The private 1280-byte State tick candidate retains a terminal NOP discrepancy; no whole State tick or 41KB dispatcher/reader/runtime credit follows. Folded actual health/pattern/vector support has complete comparisons without duplicate credit. Reference raw/service interfaces are not imported; origins remain pending. See docs/EXACT_ENEMY_SPAWN_TICK_RECONSTRUCTION.md."
0x004A8D70,unknown,EnemyMovement,review,pending,"EXACT-047: current-first/per-axis Enemy interpolation and direct movement dependencies. Complete flow/ABI/native388stride, signed duration, actual indexed float subobjects, shared stop head, constants and caller bindings audited. Cold strict replay299units/60objects/37560disjointbytes and C++20/UBSan mixed-axis/terminal/clock/storage/acceleration checks pass. Names/origins pending. See docs/EXACT_ENEMY_INTERPOLATION_RECONSTRUCTION.md."
0x004A9700,unknown,,review,unknown,ghidra-12.1.3-initial-inventory
0x004A9730,unknown,,review,unknown,ghidra-12.1.3-initial-inventory
0x004A97C0,unknown,,review,unknown,ghidra-12.1.3-initial-inventory
0x004A97F0,unknown,,review,unknown,ghidra-12.1.3-initial-inventory
0x004A9850,unknown,,review,unknown,ghidra-12.1.3-initial-inventory
0x004A98B0,unknown,,review,unknown,ghidra-12.1.3-initial-inventory
0x004A9960,unknown,,review,unknown,ghidra-12.1.3-initial-inventory
0x004A9A10,unknown,,review,unknown,ghidra-12.1.3-initial-inventory
0x004A9A40,unknown,,review,unknown,ghidra-12.1.3-initial-inventory
0x004A9A90,unknown,,review,unknown,ghidra-12.1.3-initial-inventory
0x004A9B30,unknown,,review,unknown,ghidra-12.1.3-initial-inventory
0x004A9BD0,unknown,,review,unknown,ghidra-12.1.3-initial-inventory
0x004A9C70,unknown,,review,unknown,ghidra-12.1.3-initial-inventory
0x004A9D10,unknown,,review,unknown,ghidra-12.1.3-initial-inventory
0x004A9D40,unknown,,review,unknown,ghidra-12.1.3-initial-inventory
0x004A9D70,unknown,,review,unknown,ghidra-12.1.3-initial-inventory
0x004A9D80,unknown,,review,unknown,ghidra-12.1.3-initial-inventory
0x004A9DE0,unknown,,review,unknown,ghidra-12.1.3-initial-inventory
0x004A9E60,unknown,,review,unknown,ghidra-12.1.3-initial-inventory
0x004A9EC0,unknown,,review,unknown,ghidra-12.1.3-initial-inventory
0x004A9F20,unknown,,review,unknown,ghidra-12.1.3-initial-inventory
0x004A9F80,unknown,,review,unknown,ghidra-12.1.3-initial-inventory
0x004A9FB0,unknown,,review,unknown,ghidra-12.1.3-initial-inventory
0x004AA000,unknown,,review,unknown,ghidra-12.1.3-initial-inventory
0x004AA050,unknown,EnemyHealth,review,pending,"REF-039: complete natural member on actual EnemyHealth28/EnemyPattern168 values. Native State constructor/receiver offsets, full PE flow including omitted4A3FDD jump, original full-EAX callers and independently decoded memset/fill/Timer/literal anchors precede probes. All175 units/50 cold objects/12236 disjoint bytes pass; independent dirty guarded C++20/UBSan construction, widened modular arithmetic and count/Timer/reset preservation tests pass. Original names/origins and full Enemy/Player/HUD/ANM/PMR/ECL/Services owners remain unaccepted. No whole-owner facade, prefix comparison, copied reference source or extra helper credit. See docs/REFERENCE_ENEMY_DAMAGE_REVIEW.md."
0x004AA070,unknown,,review,unknown,ghidra-12.1.3-initial-inventory
0x004AA0B0,unknown,,review,unknown,ghidra-12.1.3-initial-inventory
0x004AA0F0,unknown,,review,unknown,ghidra-12.1.3-initial-inventory
0x004AA130,unknown,,review,unknown,ghidra-12.1.3-initial-inventory
0x004AA160,unknown,,review,unknown,ghidra-12.1.3-initial-inventory
0x004AA1B0,unknown,,review,unknown,ghidra-12.1.3-initial-inventory
0x004AA250,unknown,,review,unknown,ghidra-12.1.3-initial-inventory
0x004AA400,unknown,,review,unknown,ghidra-12.1.3-initial-inventory
0x004AA640,unknown,,review,unknown,ghidra-12.1.3-initial-inventory
0x004AA670,unknown,,review,unknown,ghidra-12.1.3-initial-inventory
0x004AA6A0,unknown,,review,unknown,ghidra-12.1.3-initial-inventory
0x004AA700,unknown,,review,unknown,ghidra-12.1.3-initial-inventory
0x004AA770,unknown,,review,unknown,ghidra-12.1.3-initial-inventory
0x004AA7F0,unknown,,review,unknown,ghidra-12.1.3-initial-inventory
0x004AA810,unknown,,review,unknown,ghidra-12.1.3-initial-inventory
0x004AA870,unknown,,review,unknown,ghidra-12.1.3-initial-inventory
0x004AA8D0,unknown,,review,unknown,ghidra-12.1.3-initial-inventory
0x004AA930,unknown,,review,unknown,ghidra-12.1.3-initial-inventory
0x004AA940,unknown,,review,unknown,ghidra-12.1.3-initial-inventory
0x004AA960,unknown,,review,unknown,ghidra-12.1.3-initial-inventory
0x004AA980,unknown,,review,unknown,ghidra-12.1.3-initial-inventory
0x004AA9B0,unknown,,review,unknown,ghidra-12.1.3-initial-inventory
0x004AA9E0,unknown,,review,unknown,ghidra-12.1.3-initial-inventory
0x004AAA10,unknown,,review,unknown,ghidra-12.1.3-initial-inventory
0x004AAA40,unknown,,review,unknown,ghidra-12.1.3-initial-inventory
0x004AAA60,unknown,,review,unknown,ghidra-12.1.3-initial-inventory
0x004AAA80,unknown,,review,unknown,ghidra-12.1.3-initial-inventory
0x004AAAC0,unknown,EnemyVariables,review,pending,"EXACT-072: Six complete actual Enemy integer/float destination, checked selection, identifier resolution and Data/16-slot-array construction contributions add1820body/2183comparisonbytes. Full540unit/100object graph replays96830disjointbytes. Native table/producer/callee/EH identity and full canonical relocation replay establish real storage/protocol; no partial read/search/root credit. Owned O2/UBSan checks cover signed bits, float/Movement aliases, repeated player0 lookups, stale/null fallback, array bounds and complete writable-slot counts. Whole read_integer/read_float, observer auto-init/list find, Session/startup, enclosing Controller,41KB Enemy root and whole-game link/runtime remain open. See docs/EXACT_ENEMY_VARIABLE_RECONSTRUCTION.md."
0x004AAB10,unknown,EnemyMovement,review,pending,"EXACT-047: current-first/per-axis Enemy interpolation and direct movement dependencies. Complete flow/ABI/native388stride, signed duration, actual indexed float subobjects, shared stop head, constants and caller bindings audited. Cold strict replay299units/60objects/37560disjointbytes and C++20/UBSan mixed-axis/terminal/clock/storage/acceleration checks pass. Names/origins pending. See docs/EXACT_ENEMY_INTERPOLATION_RECONSTRUCTION.md."
0x004AAB70,unknown,EnemyMovement,review,pending,"EXACT-047: current-first/per-axis Enemy interpolation and direct movement dependencies. Complete flow/ABI/native388stride, signed duration, actual indexed float subobjects, shared stop head, constants and caller bindings audited. Cold strict replay299units/60objects/37560disjointbytes and C++20/UBSan mixed-axis/terminal/clock/storage/acceleration checks pass. Names/origins pending. See docs/EXACT_ENEMY_INTERPOLATION_RECONSTRUCTION.md."
0x004AABD0,unknown,,review,unknown,ghidra-12.1.3-initial-inventory
0x004AABF0,unknown,EnemyCreation,review,pending,"EXACT-066: Nineteen complete actual Enemy creation/initialization, script reset/selection, generation, hidden-result identifier and non-consuming value forwarding bodies;1279bytes. Frozen-source500units/93coldobjects/90121disjointbytes strictly replay. Owned O2/UBSan tests exercise actual creation/init/reset/selection and list/generation lifetimes. Scalar allocation/context/spawn application, supplied-value virtual materialization, whole653-byte spawn opcode and41KB main dispatcher remain pending. See docs/EXACT_ENEMY_CREATION_RECONSTRUCTION.md."
0x004AAC00,unknown,,review,unknown,ghidra-12.1.3-initial-inventory
0x004AAD90,unknown,Enemy,review,pending,"EXACT-061: Whole Enemy movement update1675 and fourteen actual owner/interface functions; native Graphics0xDE8/Viewport0x16C/Configuration0xB0/AnimationFile0x70/Context0x30 and typed parent/controller/file protocol. Independent definitions, SDK/atomic/array/global consumers, complete flags5 EH and strict float-to-double CRT fabs are audited. Full frozen-source cold replay442units/84objects/84017disjointbytes; owned C++20/O2/UBSan movement/order/bounds/initialization checks pass. Fourteen supporting aliases/library/EH contributions have no duplicate credit. New origins pending; whole Enemy dispatcher, unresolved production lifetimes/resolution/spawn/global definitions and whole-game linkage remain open. See docs/EXACT_ENEMY_UPDATE_RECONSTRUCTION.md."
0x004AADB0,unknown,,review,unknown,ghidra-12.1.3-initial-inventory
0x004AADF0,unknown,,review,unknown,ghidra-12.1.3-initial-inventory
0x004AAE10,unknown,,review,unknown,ghidra-12.1.3-initial-inventory
0x004AAEB0,unknown,,review,unknown,ghidra-12.1.3-initial-inventory
0x004AAF50,unknown,,review,unknown,ghidra-12.1.3-initial-inventory
0x004AAFA0,unknown,,review,unknown,ghidra-12.1.3-initial-inventory
0x004AAFB0,unknown,EnemyState,review,pending,"EXACT-058: Complete EnemyState752 lifetime/init, typed animation/queued/bounds records and actual Enemy0x428 dispatcher/argument forwarding protocol. Independent owner producers/consumers, PMR/shared-pointer layouts, 53 relocation definitions and external24.0f consumer audited; full cold replay408/76/75637disjointbytes. Owned C++20/O2/UBSan retention/reset/allocation-release checks pass. Origin remains pending; whole41KB dispatcher, enclosing Enemy lifetime/EH, metadata/controller/global and Runtime dependency implementations remain open. See docs/EXACT_ENEMY_STATE_RECONSTRUCTION.md."
0x004AAFE0,unknown,EnemyCreation,review,pending,"EXACT-066: Nineteen complete actual Enemy creation/initialization, script reset/selection, generation, hidden-result identifier and non-consuming value forwarding bodies;1279bytes. Frozen-source500units/93coldobjects/90121disjointbytes strictly replay. Owned O2/UBSan tests exercise actual creation/init/reset/selection and list/generation lifetimes. Scalar allocation/context/spawn application, supplied-value virtual materialization, whole653-byte spawn opcode and41KB main dispatcher remain pending. See docs/EXACT_ENEMY_CREATION_RECONSTRUCTION.md."
0x004AB010,unknown,Enemy,review,pending,"EXACT-058: Complete EnemyState752 lifetime/init, typed animation/queued/bounds records and actual Enemy0x428 dispatcher/argument forwarding protocol. Independent owner producers/consumers, PMR/shared-pointer layouts, 53 relocation definitions and external24.0f consumer audited; full cold replay408/76/75637disjointbytes. Owned C++20/O2/UBSan retention/reset/allocation-release checks pass. Origin remains pending; whole41KB dispatcher, enclosing Enemy lifetime/EH, metadata/controller/global and Runtime dependency implementations remain open. See docs/EXACT_ENEMY_STATE_RECONSTRUCTION.md."
0x004AB040,unknown,EnemyCreation,review,pending,"EXACT-066: Nineteen complete actual Enemy creation/initialization, script reset/selection, generation, hidden-result identifier and non-consuming value forwarding bodies;1279bytes. Frozen-source500units/93coldobjects/90121disjointbytes strictly replay. Owned O2/UBSan tests exercise actual creation/init/reset/selection and list/generation lifetimes. Scalar allocation/context/spawn application, supplied-value virtual materialization, whole653-byte spawn opcode and41KB main dispatcher remain pending. See docs/EXACT_ENEMY_CREATION_RECONSTRUCTION.md."
0x004AB070,unknown,EclRuntimeLifetime,review,pending,"EXACT-071: Ten complete actual ECL Runtime/Manager lifetime, async clearing, typed scalar release and floating default bodies add 701 body bytes /706 comparison bytes including natural complete destructor padding. Complete 534-unit /98-object cold replay covers 94647 disjoint bytes. Independent SptInf RTTI, zero initialization, real PMR lifetimes and destroy-before-lock release establish protocol; canonical whole bodies and complete EH/alias support strictly replay. Owned O2/UBSan checks exercise resource capture, scalar/virtual disposal and native clear/reset validity. Source origin, whole Enemy root, resource append/getter/include, process startup and whole-game link/runtime remain open. See docs/EXACT_ECL_RUNTIME_LIFETIME_RECONSTRUCTION.md."
0x004AB080,unknown,EnemyState,review,pending,"EXACT-058: Complete EnemyState752 lifetime/init, typed animation/queued/bounds records and actual Enemy0x428 dispatcher/argument forwarding protocol. Independent owner producers/consumers, PMR/shared-pointer layouts, 53 relocation definitions and external24.0f consumer audited; full cold replay408/76/75637disjointbytes. Owned C++20/O2/UBSan retention/reset/allocation-release checks pass. Origin remains pending; whole41KB dispatcher, enclosing Enemy lifetime/EH, metadata/controller/global and Runtime dependency implementations remain open. See docs/EXACT_ENEMY_STATE_RECONSTRUCTION.md."
0x004AB0B0,unknown,EnemyCreation,review,pending,"EXACT-066: Nineteen complete actual Enemy creation/initialization, script reset/selection, generation, hidden-result identifier and non-consuming value forwarding bodies;1279bytes. Frozen-source500units/93coldobjects/90121disjointbytes strictly replay. Owned O2/UBSan tests exercise actual creation/init/reset/selection and list/generation lifetimes. Scalar allocation/context/spawn application, supplied-value virtual materialization, whole653-byte spawn opcode and41KB main dispatcher remain pending. See docs/EXACT_ENEMY_CREATION_RECONSTRUCTION.md."
0x004AB0E0,unknown,Enemy,review,pending,"EXACT-058: Complete EnemyState752 lifetime/init, typed animation/queued/bounds records and actual Enemy0x428 dispatcher/argument forwarding protocol. Independent owner producers/consumers, PMR/shared-pointer layouts, 53 relocation definitions and external24.0f consumer audited; full cold replay408/76/75637disjointbytes. Owned C++20/O2/UBSan retention/reset/allocation-release checks pass. Origin remains pending; whole41KB dispatcher, enclosing Enemy lifetime/EH, metadata/controller/global and Runtime dependency implementations remain open. See docs/EXACT_ENEMY_STATE_RECONSTRUCTION.md."
0x004AB110,unknown,EnemyCreation,review,pending,"EXACT-066: Nineteen complete actual Enemy creation/initialization, script reset/selection, generation, hidden-result identifier and non-consuming value forwarding bodies;1279bytes. Frozen-source500units/93coldobjects/90121disjointbytes strictly replay. Owned O2/UBSan tests exercise actual creation/init/reset/selection and list/generation lifetimes. Scalar allocation/context/spawn application, supplied-value virtual materialization, whole653-byte spawn opcode and41KB main dispatcher remain pending. See docs/EXACT_ENEMY_CREATION_RECONSTRUCTION.md."
0x004AB140,unknown,EnemyCreation,review,pending,"EXACT-066: Nineteen complete actual Enemy creation/initialization, script reset/selection, generation, hidden-result identifier and non-consuming value forwarding bodies;1279bytes. Frozen-source500units/93coldobjects/90121disjointbytes strictly replay. Owned O2/UBSan tests exercise actual creation/init/reset/selection and list/generation lifetimes. Scalar allocation/context/spawn application, supplied-value virtual materialization, whole653-byte spawn opcode and41KB main dispatcher remain pending. See docs/EXACT_ENEMY_CREATION_RECONSTRUCTION.md."
0x004AB1B0,unknown,EnemyCounters,review,pending,REF-037: natural complete typed value member; native construction/owner/access/call operands and generic output-pointer pop ABI independently establish anchors before probing. Full162-unit/46-object cold replay11154 bytes and portable C++20/UBSan tests pass. Actual PMR Stack24 and Counter48 four-integer/eight-float types; original spelling/origin pending. Generic pop/allocator/vector bodies and full VM/Enemy/vptr/EH owners not reconstructed. See docs/REFERENCE_GAMEPLAY_ECL_REVIEW.md.
0x004AB240,unknown,EnemyHealth,review,pending,"REF-039: complete natural member on actual EnemyHealth28/EnemyPattern168 values. Native State constructor/receiver offsets, full PE flow including omitted4A3FDD jump, original full-EAX callers and independently decoded memset/fill/Timer/literal anchors precede probes. All175 units/50 cold objects/12236 disjoint bytes pass; independent dirty guarded C++20/UBSan construction, widened modular arithmetic and count/Timer/reset preservation tests pass. Original names/origins and full Enemy/Player/HUD/ANM/PMR/ECL/Services owners remain unaccepted. No whole-owner facade, prefix comparison, copied reference source or extra helper credit. See docs/REFERENCE_ENEMY_DAMAGE_REVIEW.md."
0x004AB270,unknown,,review,unknown,ghidra-12.1.3-initial-inventory
0x004AB290,unknown,EnemyHealth,review,pending,"REF-039: complete natural member on actual EnemyHealth28/EnemyPattern168 values. Native State constructor/receiver offsets, full PE flow including omitted4A3FDD jump, original full-EAX callers and independently decoded memset/fill/Timer/literal anchors precede probes. All175 units/50 cold objects/12236 disjoint bytes pass; independent dirty guarded C++20/UBSan construction, widened modular arithmetic and count/Timer/reset preservation tests pass. Original names/origins and full Enemy/Player/HUD/ANM/PMR/ECL/Services owners remain unaccepted. No whole-owner facade, prefix comparison, copied reference source or extra helper credit. See docs/REFERENCE_ENEMY_DAMAGE_REVIEW.md."
0x004AB2B0,unknown,Motion,review,pending,"EXACT-061: Whole Enemy movement update1675 and fourteen actual owner/interface functions; native Graphics0xDE8/Viewport0x16C/Configuration0xB0/AnimationFile0x70/Context0x30 and typed parent/controller/file protocol. Independent definitions, SDK/atomic/array/global consumers, complete flags5 EH and strict float-to-double CRT fabs are audited. Full frozen-source cold replay442units/84objects/84017disjointbytes; owned C++20/O2/UBSan movement/order/bounds/initialization checks pass. Fourteen supporting aliases/library/EH contributions have no duplicate credit. New origins pending; whole Enemy dispatcher, unresolved production lifetimes/resolution/spawn/global definitions and whole-game linkage remain open. See docs/EXACT_ENEMY_UPDATE_RECONSTRUCTION.md."
0x004AB2E0,unknown,,review,unknown,ghidra-12.1.3-initial-inventory
0x004AB300,unknown,,review,unknown,ghidra-12.1.3-initial-inventory
0x004AB320,unknown,,review,unknown,ghidra-12.1.3-initial-inventory
0x004AB340,unknown,,review,unknown,ghidra-12.1.3-initial-inventory
0x004AB380,unknown,,review,unknown,ghidra-12.1.3-initial-inventory
0x004AB3A0,unknown,,review,unknown,ghidra-12.1.3-initial-inventory
0x004AB3C0,unknown,,review,unknown,ghidra-12.1.3-initial-inventory
0x004AB3E0,unknown,,review,unknown,ghidra-12.1.3-initial-inventory
0x004AB400,unknown,,review,unknown,ghidra-12.1.3-initial-inventory
0x004AB440,unknown,,review,unknown,ghidra-12.1.3-initial-inventory
0x004AB480,unknown,,review,unknown,ghidra-12.1.3-initial-inventory
0x004AB4C0,unknown,EnemyScript,review,pending,"EXACT-080: Three complete State script/Manager traversal/Timer step contributions add 419 bytes. Frozen 597-unit /113 fresh-object graph strictly replays 104292 disjoint bytes. Actual 752-byte State uses a four-byte single-inheritance int member callback at +2E0, with real ECX receiver, null default and full signed failure. State bit26 gates movement, then reads the real Timer clock step and runs actual EclManager before optional callback; failures retain the gate. Full 217-byte Manager saves next before real VM dispatch, retains current on primary failure, destroys failed async runtime before real detach/link release and restores main on success. Native one-slot clock source only establishes mode0; nonzero modes are outside the supported lookup domain. Owned O2/UBSan checks execute actual production VM tick, Manager/State orchestration and full lifetimes/typed PMR release across completion subsets, distinct primary retention/restoration, deferred spawn, movement/VM/callback failures, recursion, null callback and IEEE step values. Loader resolution, spawn body, Enemy opcode/outer retirement and movement are explicit bounded fixtures; no whole original runtime claim follows. Complete typed folded endpoints/releases have no duplicate credit. Whole State tick keeps its 1280-byte nonexact NOP finding; prefix/in-class natural advancement experiments did not close it. No ABI substitution or partial root/reader credit. Reference Services/raw interfaces are not imported; original names/authored identity remain pending. See docs/EXACT_ENEMY_SCRIPT_PIPELINE_RECONSTRUCTION.md."
0x004AB570,unknown,,review,unknown,ghidra-12.1.3-initial-inventory
0x004AB590,unknown,,review,unknown,ghidra-12.1.3-initial-inventory
0x004AB5B0,unknown,,review,unknown,ghidra-12.1.3-initial-inventory
0x004AB610,unknown,,review,unknown,ghidra-12.1.3-initial-inventory
0x004AB630,unknown,,review,unknown,ghidra-12.1.3-initial-inventory
0x004AB650,unknown,,review,unknown,ghidra-12.1.3-initial-inventory
0x004AB780,unknown,,review,unknown,ghidra-12.1.3-initial-inventory
0x004AB820,unknown,,review,unknown,ghidra-12.1.3-initial-inventory
0x004AB850,unknown,,review,unknown,ghidra-12.1.3-initial-inventory
0x004AB880,unknown,,review,unknown,ghidra-12.1.3-initial-inventory
0x004AB8B0,unknown,EclBuffer,review,pending,"CORE/EXACT-083: Actual whole borrowed-buffer append and instruction resolution are maintained and exercised in the real VM/Manager/Stack/Loader/PMR pipeline; complete MSVC candidates878/876 and54/54 with2 structural differences remain nonexact without canonical units. Whole54-byte bind_player strictly replays through actual Session/context anchors. Frozen605 units/116 objects cover104870 disjoint bytes; 607 source mappings include2 explicitly nonexact methods. Valid-domain buffer tests cover sorted equal-name stability, writable aliasing, recursive include publication/discarded return, rejection and nontransactional insertion failure. Derived include, resource I/O, link allocation, startup, unused frame/interpolation and Enemy outer movement/opcode/retirement remain fixtures or dependencies. No whole-game or authored identity credit. See docs/ECL_BUFFER_RECONSTRUCTION.md."
0x004AB8F0,unknown,,review,unknown,ghidra-12.1.3-initial-inventory
0x004AB930,unknown,,review,unknown,ghidra-12.1.3-initial-inventory
0x004AB970,unknown,,review,unknown,ghidra-12.1.3-initial-inventory
0x004AB9D0,unknown,,review,unknown,ghidra-12.1.3-initial-inventory
0x004AB9F0,unknown,,review,unknown,ghidra-12.1.3-initial-inventory
0x004ABA00,unknown,,review,unknown,ghidra-12.1.3-initial-inventory
0x004ABA30,unknown,,review,unknown,ghidra-12.1.3-initial-inventory
0x004ABA70,unknown,,review,unknown,ghidra-12.1.3-initial-inventory
0x004ABAD0,unknown,,review,unknown,ghidra-12.1.3-initial-inventory
0x004ABB20,unknown,,review,unknown,ghidra-12.1.3-initial-inventory
0x004ABB60,unknown,,review,unknown,ghidra-12.1.3-initial-inventory
0x004ABB80,unknown,,review,unknown,ghidra-12.1.3-initial-inventory
0x004ABC90,unknown,,review,unknown,ghidra-12.1.3-initial-inventory
0x004ABD10,unknown,,review,unknown,ghidra-12.1.3-initial-inventory
0x004ABD50,unknown,,review,unknown,ghidra-12.1.3-initial-inventory
0x004ABF30,unknown,,review,unknown,ghidra-12.1.3-initial-inventory
0x004AC080,unknown,,review,unknown,ghidra-12.1.3-initial-inventory
0x004AC0B0,unknown,,review,unknown,ghidra-12.1.3-initial-inventory
0x004AC0C0,unknown,,review,unknown,ghidra-12.1.3-initial-inventory
0x004AC0E0,unknown,,review,unknown,ghidra-12.1.3-initial-inventory
0x004AC160,unknown,,review,unknown,ghidra-12.1.3-initial-inventory
0x004AC170,unknown,,review,unknown,ghidra-12.1.3-initial-inventory
0x004AC1A0,unknown,,review,unknown,ghidra-12.1.3-initial-inventory
0x004AC200,unknown,,review,unknown,ghidra-12.1.3-initial-inventory
0x004AC230,unknown,,review,unknown,ghidra-12.1.3-initial-inventory
0x004AC260,unknown,,review,unknown,ghidra-12.1.3-initial-inventory
0x004AC270,unknown,,review,unknown,ghidra-12.1.3-initial-inventory
0x004AC290,unknown,,review,unknown,ghidra-12.1.3-initial-inventory
0x004AC2B0,unknown,,review,unknown,ghidra-12.1.3-initial-inventory
0x004AC2E0,unknown,,review,unknown,ghidra-12.1.3-initial-inventory
0x004AC320,unknown,,review,unknown,ghidra-12.1.3-initial-inventory
0x004AC360,unknown,,review,unknown,ghidra-12.1.3-initial-inventory
0x004AC3A0,unknown,,review,unknown,ghidra-12.1.3-initial-inventory
0x004AC3E0,unknown,,review,unknown,ghidra-12.1.3-initial-inventory
0x004AC420,unknown,,review,unknown,ghidra-12.1.3-initial-inventory
0x004AC460,unknown,,review,unknown,ghidra-12.1.3-initial-inventory
0x004AC490,unknown,,review,unknown,ghidra-12.1.3-initial-inventory
0x004AC4C0,unknown,,review,unknown,ghidra-12.1.3-initial-inventory
0x004AC4F0,unknown,,review,unknown,ghidra-12.1.3-initial-inventory
0x004AC520,unknown,,review,unknown,ghidra-12.1.3-initial-inventory
0x004AC550,unknown,,review,unknown,ghidra-12.1.3-initial-inventory
0x004AC590,unknown,,review,unknown,ghidra-12.1.3-initial-inventory
0x004AC5D0,unknown,,review,unknown,ghidra-12.1.3-initial-inventory
0x004AC610,unknown,,review,unknown,ghidra-12.1.3-initial-inventory
0x004AC650,unknown,,review,unknown,ghidra-12.1.3-initial-inventory
0x004AC690,unknown,,review,unknown,ghidra-12.1.3-initial-inventory
0x004AC6C0,unknown,,review,unknown,ghidra-12.1.3-initial-inventory
0x004AC6F0,unknown,,review,unknown,ghidra-12.1.3-initial-inventory
0x004AC720,unknown,,review,unknown,ghidra-12.1.3-initial-inventory
0x004AC760,unknown,,review,unknown,ghidra-12.1.3-initial-inventory
0x004AC7A0,unknown,,review,unknown,ghidra-12.1.3-initial-inventory
0x004AC7F0,unknown,,review,unknown,ghidra-12.1.3-initial-inventory
0x004AC840,unknown,,review,unknown,ghidra-12.1.3-initial-inventory
0x004AC890,unknown,,review,unknown,ghidra-12.1.3-initial-inventory
0x004AC8E0,unknown,,review,unknown,ghidra-12.1.3-initial-inventory
0x004AC920,unknown,,review,unknown,ghidra-12.1.3-initial-inventory
0x004AC960,unknown,,review,unknown,ghidra-12.1.3-initial-inventory
0x004AC9A0,unknown,,review,unknown,ghidra-12.1.3-initial-inventory
0x004ACA10,unknown,,review,unknown,ghidra-12.1.3-initial-inventory
0x004ACA80,unknown,,review,unknown,ghidra-12.1.3-initial-inventory
0x004ACAF0,unknown,,review,unknown,ghidra-12.1.3-initial-inventory
0x004ACB60,unknown,,review,unknown,ghidra-12.1.3-initial-inventory
0x004ACBD0,unknown,,review,unknown,ghidra-12.1.3-initial-inventory
0x004ACC40,unknown,,review,unknown,ghidra-12.1.3-initial-inventory
0x004ACCB0,unknown,,review,unknown,ghidra-12.1.3-initial-inventory
0x004ACD20,unknown,,review,unknown,ghidra-12.1.3-initial-inventory
0x004ACD90,unknown,,review,unknown,ghidra-12.1.3-initial-inventory
0x004ACE00,unknown,,review,unknown,ghidra-12.1.3-initial-inventory
0x004ACE70,unknown,,review,unknown,ghidra-12.1.3-initial-inventory
0x004ACEE0,unknown,,review,unknown,ghidra-12.1.3-initial-inventory
0x004ACF50,unknown,,review,unknown,ghidra-12.1.3-initial-inventory
0x004ACFC0,unknown,,review,unknown,ghidra-12.1.3-initial-inventory
0x004AD030,unknown,,review,unknown,ghidra-12.1.3-initial-inventory
0x004AD0A0,unknown,,review,unknown,ghidra-12.1.3-initial-inventory
0x004AD110,unknown,,review,unknown,ghidra-12.1.3-initial-inventory
0x004AD180,unknown,,review,unknown,ghidra-12.1.3-initial-inventory
0x004AD1F0,unknown,,review,unknown,ghidra-12.1.3-initial-inventory
0x004AD260,unknown,,review,unknown,ghidra-12.1.3-initial-inventory
0x004AD2D0,unknown,,review,unknown,ghidra-12.1.3-initial-inventory
0x004AD320,unknown,,review,unknown,ghidra-12.1.3-initial-inventory
0x004AD390,unknown,,review,unknown,ghidra-12.1.3-initial-inventory
0x004AD3E0,unknown,,review,unknown,ghidra-12.1.3-initial-inventory
0x004AD450,unknown,,review,unknown,ghidra-12.1.3-initial-inventory
0x004AD4A0,unknown,,review,unknown,ghidra-12.1.3-initial-inventory
0x004AD510,unknown,,review,unknown,ghidra-12.1.3-initial-inventory
0x004AD560,unknown,,review,unknown,ghidra-12.1.3-initial-inventory
0x004AD5D0,unknown,,review,unknown,ghidra-12.1.3-initial-inventory
0x004AD640,unknown,,review,unknown,ghidra-12.1.3-initial-inventory
0x004AD6B0,unknown,,review,unknown,ghidra-12.1.3-initial-inventory
0x004AD720,unknown,,review,unknown,ghidra-12.1.3-initial-inventory
0x004AD770,unknown,,review,unknown,ghidra-12.1.3-initial-inventory
0x004AD7F0,unknown,,review,unknown,ghidra-12.1.3-initial-inventory
0x004AD810,unknown,,review,unknown,ghidra-12.1.3-initial-inventory
0x004AD830,unknown,,review,unknown,ghidra-12.1.3-initial-inventory
0x004AD8E0,unknown,,review,unknown,ghidra-12.1.3-initial-inventory
0x004AD990,unknown,,review,unknown,ghidra-12.1.3-initial-inventory
0x004ADA40,unknown,,review,unknown,ghidra-12.1.3-initial-inventory
0x004ADAF0,unknown,,review,unknown,ghidra-12.1.3-initial-inventory
0x004ADBA0,unknown,,review,unknown,ghidra-12.1.3-initial-inventory
0x004ADC50,unknown,,review,unknown,ghidra-12.1.3-initial-inventory
0x004ADD00,unknown,,review,unknown,ghidra-12.1.3-initial-inventory
0x004ADDB0,unknown,,review,unknown,ghidra-12.1.3-initial-inventory
0x004ADE10,unknown,,review,unknown,ghidra-12.1.3-initial-inventory
0x004ADE70,unknown,,review,unknown,ghidra-12.1.3-initial-inventory
0x004ADED0,unknown,,review,unknown,ghidra-12.1.3-initial-inventory
0x004ADF30,unknown,,review,unknown,ghidra-12.1.3-initial-inventory
0x004ADF90,unknown,,review,unknown,ghidra-12.1.3-initial-inventory
0x004ADFF0,unknown,,review,unknown,ghidra-12.1.3-initial-inventory
0x004AE050,unknown,,review,unknown,ghidra-12.1.3-initial-inventory
0x004AE0B0,unknown,,review,unknown,ghidra-12.1.3-initial-inventory
0x004AE110,unknown,,review,unknown,ghidra-12.1.3-initial-inventory
0x004AE170,unknown,,review,unknown,ghidra-12.1.3-initial-inventory
0x004AE1D0,unknown,,review,unknown,ghidra-12.1.3-initial-inventory
0x004AE230,unknown,,review,unknown,ghidra-12.1.3-initial-inventory
0x004AE290,unknown,,review,unknown,ghidra-12.1.3-initial-inventory
0x004AE2F0,unknown,,review,unknown,ghidra-12.1.3-initial-inventory
0x004AE350,unknown,,review,unknown,ghidra-12.1.3-initial-inventory
0x004AE3B0,unknown,,review,unknown,ghidra-12.1.3-initial-inventory
0x004AE410,unknown,,review,unknown,ghidra-12.1.3-initial-inventory
0x004AE470,unknown,,review,unknown,ghidra-12.1.3-initial-inventory
0x004AE4D0,unknown,,review,unknown,ghidra-12.1.3-initial-inventory
0x004AE530,unknown,,review,unknown,ghidra-12.1.3-initial-inventory
0x004AE590,unknown,,review,unknown,ghidra-12.1.3-initial-inventory
0x004AE5E0,unknown,,review,unknown,ghidra-12.1.3-initial-inventory
0x004AE630,unknown,,review,unknown,ghidra-12.1.3-initial-inventory
0x004AE680,unknown,,review,unknown,ghidra-12.1.3-initial-inventory
0x004AE6D0,unknown,,review,unknown,ghidra-12.1.3-initial-inventory
0x004AE730,unknown,,review,unknown,ghidra-12.1.3-initial-inventory
0x004AE790,unknown,,review,unknown,ghidra-12.1.3-initial-inventory
0x004AE7F0,unknown,,review,unknown,ghidra-12.1.3-initial-inventory
0x004AE830,unknown,,review,unknown,ghidra-12.1.3-initial-inventory
0x004AE8A0,unknown,,review,unknown,ghidra-12.1.3-initial-inventory
0x004AE930,unknown,,review,unknown,ghidra-12.1.3-initial-inventory
0x004AE9D0,unknown,,review,unknown,ghidra-12.1.3-initial-inventory
0x004AE9F0,unknown,,review,unknown,ghidra-12.1.3-initial-inventory
0x004AEA00,unknown,,review,unknown,ghidra-12.1.3-initial-inventory
0x004AEA10,unknown,,review,unknown,ghidra-12.1.3-initial-inventory
0x004AEA20,unknown,,review,unknown,ghidra-12.1.3-initial-inventory
0x004AEA30,unknown,,review,unknown,ghidra-12.1.3-initial-inventory
0x004AEA40,unknown,,review,unknown,ghidra-12.1.3-initial-inventory
0x004AEA50,unknown,,review,unknown,ghidra-12.1.3-initial-inventory
0x004AEA60,unknown,,review,unknown,ghidra-12.1.3-initial-inventory
0x004AEA70,unknown,,review,unknown,ghidra-12.1.3-initial-inventory
0x004AEA80,unknown,,review,unknown,ghidra-12.1.3-initial-inventory
0x004AEA90,unknown,,review,unknown,ghidra-12.1.3-initial-inventory
0x004AEAA0,unknown,,review,unknown,ghidra-12.1.3-initial-inventory
0x004AEAB0,unknown,,review,unknown,ghidra-12.1.3-initial-inventory
0x004AEAC0,unknown,,review,unknown,ghidra-12.1.3-initial-inventory
0x004AEAD0,unknown,,review,unknown,ghidra-12.1.3-initial-inventory
0x004AEAE0,unknown,,review,unknown,ghidra-12.1.3-initial-inventory
0x004AEAF0,unknown,,review,unknown,ghidra-12.1.3-initial-inventory
0x004AEB00,unknown,,review,unknown,ghidra-12.1.3-initial-inventory
0x004AEB10,unknown,,review,unknown,ghidra-12.1.3-initial-inventory
0x004AEB20,unknown,,review,unknown,ghidra-12.1.3-initial-inventory
0x004AEB30,unknown,,review,unknown,ghidra-12.1.3-initial-inventory
0x004AEB40,unknown,,review,unknown,ghidra-12.1.3-initial-inventory
0x004AEBF0,unknown,,review,unknown,ghidra-12.1.3-initial-inventory
0x004AEC90,unknown,DialogueFlags,review,pending,"REF-033: natural Dialogue value/text protocol; complete native PE/control flow, independent constructor/caller/helper/BSS xrefs before canonical anchors.152-unit/43-object cold replay and C++20/UBSan dirty flags/all-byte/paired-SJIS/terminated-length checks pass. Global result storage remains externally declared; original spelling and authored/compiler/library origin pending. HUD134 individually reviewed; enclosing Dialogue/HUD resources/vtable/EH remain unclosed. See docs/REFERENCE_OVERLAY_HUD_SCORE_COMPLETION_REVIEW.md."
0x004AECE0,unknown,HudGauge,review,pending,"REF-032: complete natural constructor on actual68/8/8-byte display/overlay values, independently confirmed by native enclosing-owner construction and float/record consumers.149-unit/41-object cold canonical replay and dirty-storage C++20/UBSan checks pass. Original spelling and authored/compiler origin pending.672-body batch ongoing; see docs/REFERENCE_OVERLAY_HUD_SCORE_COMPLETION_REVIEW.md."
0x004AED10,unknown,,review,unknown,ghidra-12.1.3-initial-inventory
0x004AED50,unknown,,review,unknown,ghidra-12.1.3-initial-inventory
0x004AEDA0,unknown,,review,unknown,ghidra-12.1.3-initial-inventory
0x004AEDF0,unknown,,review,unknown,ghidra-12.1.3-initial-inventory
0x004AEE40,unknown,,review,unknown,ghidra-12.1.3-initial-inventory
0x004AEE90,unknown,,review,unknown,ghidra-12.1.3-initial-inventory
0x004AEEE0,unknown,,review,unknown,ghidra-12.1.3-initial-inventory
0x004AEF00,unknown,,review,unknown,ghidra-12.1.3-initial-inventory
0x004AEF90,unknown,,review,unknown,ghidra-12.1.3-initial-inventory
0x004AF310,unknown,,review,unknown,ghidra-12.1.3-initial-inventory
0x004AF9E0,unknown,,review,unknown,ghidra-12.1.3-initial-inventory
0x004AFA50,unknown,,review,unknown,ghidra-12.1.3-initial-inventory
0x004AFA70,unknown,Cursor,review,pending,REF-024: complete natural canonical contribution with independent native owner/consumer and library anchor evidence. Real PMR vector and two std::stack<int> owners; original constructor EH unresolved. Original type/method spelling and authored/compiler/shared origin pending; no authored credit. Full cold relocation replay and independent portable resource/state checks pass. See docs/REFERENCE_FUNCTION_REVIEW.md.
0x004AFAA0,unknown,,review,unknown,ghidra-12.1.3-initial-inventory
0x004AFC00,unknown,,review,unknown,ghidra-12.1.3-initial-inventory
0x004AFCF0,unknown,,review,unknown,ghidra-12.1.3-initial-inventory
0x004AFD60,unknown,,review,unknown,ghidra-12.1.3-initial-inventory
0x004AFDC0,unknown,,review,unknown,ghidra-12.1.3-initial-inventory
0x004AFE20,unknown,,review,unknown,ghidra-12.1.3-initial-inventory
0x004AFE80,unknown,,review,unknown,ghidra-12.1.3-initial-inventory
0x004AFEE0,unknown,,review,unknown,ghidra-12.1.3-initial-inventory
0x004AFF10,unknown,,review,unknown,ghidra-12.1.3-initial-inventory
0x004AFF30,unknown,,review,unknown,ghidra-12.1.3-initial-inventory
0x004AFF50,unknown,,review,unknown,ghidra-12.1.3-initial-inventory
0x004AFF70,unknown,,review,unknown,ghidra-12.1.3-initial-inventory
0x004AFF90,unknown,,review,unknown,ghidra-12.1.3-initial-inventory
0x004AFFB0,unknown,,review,unknown,ghidra-12.1.3-initial-inventory
0x004AFFF0,unknown,,review,unknown,ghidra-12.1.3-initial-inventory
0x004B00B0,unknown,,review,unknown,ghidra-12.1.3-initial-inventory
0x004B0170,unknown,,review,unknown,ghidra-12.1.3-initial-inventory
0x004B0290,unknown,,review,unknown,ghidra-12.1.3-initial-inventory
0x004B0360,unknown,,review,unknown,ghidra-12.1.3-initial-inventory
0x004B0480,unknown,,review,unknown,ghidra-12.1.3-initial-inventory
0x004B0550,unknown,,review,unknown,ghidra-12.1.3-initial-inventory
0x004B05C0,unknown,,review,unknown,ghidra-12.1.3-initial-inventory
0x004B0630,unknown,,review,unknown,ghidra-12.1.3-initial-inventory
0x004B06A0,unknown,,review,unknown,ghidra-12.1.3-initial-inventory
0x004B06E0,unknown,,review,unknown,ghidra-12.1.3-initial-inventory
0x004B0720,unknown,,review,unknown,ghidra-12.1.3-initial-inventory
0x004B2C90,unknown,,review,unknown,ghidra-12.1.3-initial-inventory
0x004B4450,unknown,,review,unknown,ghidra-12.1.3-initial-inventory
0x004B4490,unknown,,review,unknown,ghidra-12.1.3-initial-inventory
0x004B4730,unknown,,review,unknown,ghidra-12.1.3-initial-inventory
0x004B5790,unknown,,review,unknown,ghidra-12.1.3-initial-inventory
0x004B57D0,unknown,,review,unknown,ghidra-12.1.3-initial-inventory
0x004B5820,unknown,,review,unknown,ghidra-12.1.3-initial-inventory
0x004B58E0,unknown,,review,unknown,ghidra-12.1.3-initial-inventory
0x004B5900,unknown,,review,unknown,ghidra-12.1.3-initial-inventory
0x004B5920,unknown,,review,unknown,ghidra-12.1.3-initial-inventory
0x004B5960,unknown,,review,unknown,ghidra-12.1.3-initial-inventory
0x004B5AE0,unknown,,review,unknown,ghidra-12.1.3-initial-inventory
0x004B5B60,unknown,,review,unknown,ghidra-12.1.3-initial-inventory
0x004B5BB0,unknown,,review,unknown,ghidra-12.1.3-initial-inventory
0x004B6220,unknown,,review,unknown,ghidra-12.1.3-initial-inventory
0x004B6460,unknown,DialogueText,review,pending,"REF-033: natural Dialogue value/text protocol; complete native PE/control flow, independent constructor/caller/helper/BSS xrefs before canonical anchors.152-unit/43-object cold replay and C++20/UBSan dirty flags/all-byte/paired-SJIS/terminated-length checks pass. Global result storage remains externally declared; original spelling and authored/compiler/library origin pending. HUD134 individually reviewed; enclosing Dialogue/HUD resources/vtable/EH remain unclosed. See docs/REFERENCE_OVERLAY_HUD_SCORE_COMPLETION_REVIEW.md."
0x004B64A0,unknown,,review,unknown,ghidra-12.1.3-initial-inventory
0x004B6560,unknown,,review,unknown,ghidra-12.1.3-initial-inventory
0x004B6580,unknown,,review,unknown,ghidra-12.1.3-initial-inventory
0x004B65D0,unknown,,review,unknown,ghidra-12.1.3-initial-inventory
0x004B6600,unknown,,review,unknown,ghidra-12.1.3-initial-inventory
0x004B6630,unknown,,review,unknown,ghidra-12.1.3-initial-inventory
0x004B6660,unknown,,review,unknown,ghidra-12.1.3-initial-inventory
0x004B6690,unknown,,review,unknown,ghidra-12.1.3-initial-inventory
0x004B66C0,unknown,,review,unknown,ghidra-12.1.3-initial-inventory
0x004B66F0,unknown,,review,unknown,ghidra-12.1.3-initial-inventory
0x004B6720,unknown,,review,unknown,ghidra-12.1.3-initial-inventory
0x004B6750,unknown,,review,unknown,ghidra-12.1.3-initial-inventory
0x004B6780,unknown,,review,unknown,ghidra-12.1.3-initial-inventory
0x004B67B0,unknown,,review,unknown,ghidra-12.1.3-initial-inventory
0x004B67E0,unknown,,review,unknown,ghidra-12.1.3-initial-inventory
0x004B6810,unknown,,review,unknown,ghidra-12.1.3-initial-inventory
0x004B6840,unknown,,review,unknown,ghidra-12.1.3-initial-inventory
0x004B6870,unknown,,review,unknown,ghidra-12.1.3-initial-inventory
0x004B68A0,unknown,,review,unknown,ghidra-12.1.3-initial-inventory
0x004B68D0,unknown,,review,unknown,ghidra-12.1.3-initial-inventory
0x004B6900,unknown,,review,unknown,ghidra-12.1.3-initial-inventory
0x004B6930,unknown,,review,unknown,ghidra-12.1.3-initial-inventory
0x004B6960,unknown,,review,unknown,ghidra-12.1.3-initial-inventory
0x004B6990,unknown,,review,unknown,ghidra-12.1.3-initial-inventory
0x004B69C0,unknown,,review,unknown,ghidra-12.1.3-initial-inventory
0x004B69E0,unknown,,review,unknown,ghidra-12.1.3-initial-inventory
0x004B6A00,unknown,,review,unknown,ghidra-12.1.3-initial-inventory
0x004B6A20,unknown,,review,unknown,ghidra-12.1.3-initial-inventory
0x004B6A40,unknown,,review,unknown,ghidra-12.1.3-initial-inventory
0x004B6A70,unknown,,review,unknown,ghidra-12.1.3-initial-inventory
0x004B6AA0,unknown,,review,unknown,ghidra-12.1.3-initial-inventory
0x004B6AD0,unknown,,review,unknown,ghidra-12.1.3-initial-inventory
0x004B6B00,unknown,,review,unknown,ghidra-12.1.3-initial-inventory
0x004B6B20,unknown,,review,unknown,ghidra-12.1.3-initial-inventory
0x004B6B40,unknown,,review,unknown,ghidra-12.1.3-initial-inventory
0x004B6B60,unknown,,review,unknown,ghidra-12.1.3-initial-inventory
0x004B6B80,unknown,,review,unknown,ghidra-12.1.3-initial-inventory
0x004B6BA0,unknown,,review,unknown,ghidra-12.1.3-initial-inventory
0x004B6BC0,unknown,,review,unknown,ghidra-12.1.3-initial-inventory
0x004B6BE0,unknown,,review,unknown,ghidra-12.1.3-initial-inventory
0x004B6C00,unknown,,review,unknown,ghidra-12.1.3-initial-inventory
0x004B6C20,unknown,,review,unknown,ghidra-12.1.3-initial-inventory
0x004B6C40,unknown,,review,unknown,ghidra-12.1.3-initial-inventory
0x004B6C60,unknown,,review,unknown,ghidra-12.1.3-initial-inventory
0x004B6C80,unknown,,review,unknown,ghidra-12.1.3-initial-inventory
0x004B6CA0,unknown,,review,unknown,ghidra-12.1.3-initial-inventory
0x004B6CC0,unknown,,review,unknown,ghidra-12.1.3-initial-inventory
0x004B6CE0,unknown,,review,unknown,ghidra-12.1.3-initial-inventory
0x004B6D00,unknown,,review,unknown,ghidra-12.1.3-initial-inventory
0x004B6D20,unknown,,review,unknown,ghidra-12.1.3-initial-inventory
0x004B6D40,unknown,,review,unknown,ghidra-12.1.3-initial-inventory
0x004B6D60,unknown,,review,unknown,ghidra-12.1.3-initial-inventory
0x004B6D80,unknown,,review,unknown,ghidra-12.1.3-initial-inventory
0x004B6DA0,unknown,,review,unknown,ghidra-12.1.3-initial-inventory
0x004B6DC0,unknown,,review,unknown,ghidra-12.1.3-initial-inventory
0x004B6DE0,unknown,,review,unknown,ghidra-12.1.3-initial-inventory
0x004B6E00,unknown,,review,unknown,ghidra-12.1.3-initial-inventory
0x004B6E70,unknown,,review,unknown,ghidra-12.1.3-initial-inventory
0x004B6EE0,unknown,,review,unknown,ghidra-12.1.3-initial-inventory
0x004B6F50,unknown,,review,unknown,ghidra-12.1.3-initial-inventory
0x004B6FC0,unknown,,review,unknown,ghidra-12.1.3-initial-inventory
0x004B7030,unknown,,review,unknown,ghidra-12.1.3-initial-inventory
0x004B70A0,unknown,,review,unknown,ghidra-12.1.3-initial-inventory
0x004B7110,unknown,,review,unknown,ghidra-12.1.3-initial-inventory
0x004B7180,unknown,,review,unknown,ghidra-12.1.3-initial-inventory
0x004B71F0,unknown,,review,unknown,ghidra-12.1.3-initial-inventory
0x004B7260,unknown,,review,unknown,ghidra-12.1.3-initial-inventory
0x004B72D0,unknown,,review,unknown,ghidra-12.1.3-initial-inventory
0x004B7340,unknown,,review,unknown,ghidra-12.1.3-initial-inventory
0x004B73B0,unknown,,review,unknown,ghidra-12.1.3-initial-inventory
0x004B7420,unknown,,review,unknown,ghidra-12.1.3-initial-inventory
0x004B7490,unknown,,review,unknown,ghidra-12.1.3-initial-inventory
0x004B7500,unknown,,review,unknown,ghidra-12.1.3-initial-inventory
0x004B7570,unknown,,review,unknown,ghidra-12.1.3-initial-inventory
0x004B75E0,unknown,,review,unknown,ghidra-12.1.3-initial-inventory
0x004B7650,unknown,,review,unknown,ghidra-12.1.3-initial-inventory
0x004B76C0,unknown,,review,unknown,ghidra-12.1.3-initial-inventory
0x004B7730,unknown,,review,unknown,ghidra-12.1.3-initial-inventory
0x004B77A0,unknown,,review,unknown,ghidra-12.1.3-initial-inventory
0x004B7810,unknown,,review,unknown,ghidra-12.1.3-initial-inventory
0x004B7880,unknown,,review,unknown,ghidra-12.1.3-initial-inventory
0x004B78A0,unknown,,review,unknown,ghidra-12.1.3-initial-inventory
0x004B78C0,unknown,,review,unknown,ghidra-12.1.3-initial-inventory
0x004B78E0,unknown,,review,unknown,ghidra-12.1.3-initial-inventory
0x004B79C0,unknown,,review,unknown,ghidra-12.1.3-initial-inventory
0x004B79D0,unknown,,review,unknown,ghidra-12.1.3-initial-inventory
0x004B79E0,unknown,,review,unknown,ghidra-12.1.3-initial-inventory
0x004B79F0,unknown,,review,unknown,ghidra-12.1.3-initial-inventory
0x004B7A00,unknown,,review,unknown,ghidra-12.1.3-initial-inventory
0x004B7A10,unknown,,review,unknown,ghidra-12.1.3-initial-inventory
0x004B7A20,unknown,,review,unknown,ghidra-12.1.3-initial-inventory
0x004B7A30,unknown,,review,unknown,ghidra-12.1.3-initial-inventory
0x004B7A40,unknown,,review,unknown,ghidra-12.1.3-initial-inventory
0x004B7A50,unknown,,review,unknown,ghidra-12.1.3-initial-inventory
0x004B7A60,unknown,,review,unknown,ghidra-12.1.3-initial-inventory
0x004B7A70,unknown,,review,unknown,ghidra-12.1.3-initial-inventory
0x004B7A80,unknown,,review,unknown,ghidra-12.1.3-initial-inventory
0x004B7A90,unknown,,review,unknown,ghidra-12.1.3-initial-inventory
0x004B7AA0,unknown,,review,unknown,ghidra-12.1.3-initial-inventory
0x004B7AB0,unknown,,review,unknown,ghidra-12.1.3-initial-inventory
0x004B7AC0,unknown,,review,unknown,ghidra-12.1.3-initial-inventory
0x004B7AD0,unknown,,review,unknown,ghidra-12.1.3-initial-inventory
0x004B7AE0,unknown,,review,unknown,ghidra-12.1.3-initial-inventory
0x004B7AF0,unknown,,review,unknown,ghidra-12.1.3-initial-inventory
0x004B7B00,unknown,,review,unknown,ghidra-12.1.3-initial-inventory
0x004B7B10,unknown,,review,unknown,ghidra-12.1.3-initial-inventory
0x004B7B20,unknown,,review,unknown,ghidra-12.1.3-initial-inventory
0x004B7B30,unknown,,review,unknown,ghidra-12.1.3-initial-inventory
0x004B7B40,unknown,,review,unknown,ghidra-12.1.3-initial-inventory
0x004B7B50,unknown,,review,unknown,ghidra-12.1.3-initial-inventory
0x004B7B60,unknown,,review,unknown,ghidra-12.1.3-initial-inventory
0x004B7B70,unknown,,review,unknown,ghidra-12.1.3-initial-inventory
0x004B7B80,unknown,,review,unknown,ghidra-12.1.3-initial-inventory
0x004B7BD0,unknown,,review,unknown,ghidra-12.1.3-initial-inventory
0x004B7C00,unknown,,review,unknown,ghidra-12.1.3-initial-inventory
0x004B7C10,unknown,,review,unknown,ghidra-12.1.3-initial-inventory
0x004B7C50,unknown,,review,unknown,ghidra-12.1.3-initial-inventory
0x004B7C70,unknown,,review,unknown,ghidra-12.1.3-initial-inventory
0x004B7C90,unknown,DialogueText,review,pending,"REF-033: natural Dialogue value/text protocol; complete native PE/control flow, independent constructor/caller/helper/BSS xrefs before canonical anchors.152-unit/43-object cold replay and C++20/UBSan dirty flags/all-byte/paired-SJIS/terminated-length checks pass. Global result storage remains externally declared; original spelling and authored/compiler/library origin pending. HUD134 individually reviewed; enclosing Dialogue/HUD resources/vtable/EH remain unclosed. See docs/REFERENCE_OVERLAY_HUD_SCORE_COMPLETION_REVIEW.md."
0x004B7D60,unknown,,review,unknown,ghidra-12.1.3-initial-inventory
0x004B7D70,unknown,,review,unknown,ghidra-12.1.3-initial-inventory
0x004B7D80,unknown,,review,unknown,ghidra-12.1.3-initial-inventory
0x004B7DB0,unknown,,review,unknown,ghidra-12.1.3-initial-inventory
0x004B7DD0,unknown,,review,unknown,ghidra-12.1.3-initial-inventory
0x004B7E20,unknown,,review,unknown,ghidra-12.1.3-initial-inventory
0x004B7E70,unknown,,review,unknown,ghidra-12.1.3-initial-inventory
0x004B7EC0,unknown,,review,unknown,ghidra-12.1.3-initial-inventory
0x004B7F40,unknown,,review,unknown,ghidra-12.1.3-initial-inventory
0x004B7F70,unknown,,review,unknown,ghidra-12.1.3-initial-inventory
0x004B7FA0,unknown,,review,unknown,ghidra-12.1.3-initial-inventory
0x004B7FC0,unknown,,review,unknown,ghidra-12.1.3-initial-inventory
0x004B8010,unknown,,review,unknown,ghidra-12.1.3-initial-inventory
0x004B8030,unknown,,review,unknown,ghidra-12.1.3-initial-inventory
0x004B8050,unknown,,review,unknown,ghidra-12.1.3-initial-inventory
0x004B8070,unknown,,review,unknown,ghidra-12.1.3-initial-inventory
0x004B8090,unknown,,review,unknown,ghidra-12.1.3-initial-inventory
0x004B80B0,unknown,,review,unknown,ghidra-12.1.3-initial-inventory
0x004B8100,unknown,,review,unknown,ghidra-12.1.3-initial-inventory
0x004B8150,unknown,,review,unknown,ghidra-12.1.3-initial-inventory
0x004B81A0,unknown,,review,unknown,ghidra-12.1.3-initial-inventory
0x004B81D0,unknown,PlayerRecord,review,pending,"REF-041: complete natural member on genuine PlayerRecord240, independently established through native array stride240/count2/constructor pointer, mixed scalar/byte fields and64-bit score/power consumers. All48 native ranges fully PE decode and agree with attested Ghidra;45 setter widths/offsets/clamp constants/RET4/calls verified independently. Native clamp471170 anchor precedes bulk probes. Complete221unit/51coldobject/15890byte canonical replay and24080 guarded/default/edge/full-byte C++20/UBSan checks pass. Two already canonical shared setter heads excluded from new credit. Original names/field roles/alignment declaration/origin and full Table/Session/Game/HUD/worker/resource owners remain open. No prefix, facade, copied reference source or helper credit. See docs/REFERENCE_GAME_LOADING_REVIEW.md."
0x004B8210,unknown,,review,unknown,ghidra-12.1.3-initial-inventory
0x004B8250,unknown,,review,unknown,ghidra-12.1.3-initial-inventory
0x004B8270,unknown,,review,unknown,ghidra-12.1.3-initial-inventory
0x004B8290,unknown,,review,unknown,ghidra-12.1.3-initial-inventory
0x004B82C0,unknown,,review,unknown,ghidra-12.1.3-initial-inventory
0x004B8300,unknown,,review,unknown,ghidra-12.1.3-initial-inventory
0x004B8340,unknown,,review,unknown,ghidra-12.1.3-initial-inventory
0x004B8370,unknown,,review,unknown,ghidra-12.1.3-initial-inventory
0x004B8390,unknown,,review,unknown,ghidra-12.1.3-initial-inventory
0x004B83B0,unknown,,review,unknown,ghidra-12.1.3-initial-inventory
0x004B83F0,unknown,,review,unknown,ghidra-12.1.3-initial-inventory
0x004B8410,unknown,,review,unknown,ghidra-12.1.3-initial-inventory
0x004B8430,unknown,,review,unknown,ghidra-12.1.3-initial-inventory
0x004B8450,unknown,,review,unknown,ghidra-12.1.3-initial-inventory
0x004B8470,unknown,,review,unknown,ghidra-12.1.3-initial-inventory
0x004B84A0,unknown,,review,unknown,ghidra-12.1.3-initial-inventory
0x004B8560,unknown,,review,unknown,ghidra-12.1.3-initial-inventory
0x004B8580,unknown,,review,unknown,ghidra-12.1.3-initial-inventory
0x004B85A0,unknown,,review,unknown,ghidra-12.1.3-initial-inventory
0x004B85C0,unknown,,review,unknown,ghidra-12.1.3-initial-inventory
0x004B85E0,unknown,,review,unknown,ghidra-12.1.3-initial-inventory
0x004B8600,unknown,,review,unknown,ghidra-12.1.3-initial-inventory
0x004B8620,unknown,,review,unknown,ghidra-12.1.3-initial-inventory
0x004B8650,unknown,,review,unknown,ghidra-12.1.3-initial-inventory
0x004B87F0,unknown,,review,unknown,ghidra-12.1.3-initial-inventory
0x004B8810,unknown,,review,unknown,ghidra-12.1.3-initial-inventory
0x004B8830,unknown,,review,unknown,ghidra-12.1.3-initial-inventory
0x004B8880,unknown,,review,unknown,ghidra-12.1.3-initial-inventory
0x004B8940,unknown,,review,unknown,ghidra-12.1.3-initial-inventory
0x004B8960,unknown,,review,unknown,ghidra-12.1.3-initial-inventory
0x004B8980,unknown,,review,unknown,ghidra-12.1.3-initial-inventory
0x004B89A0,unknown,,review,unknown,ghidra-12.1.3-initial-inventory
0x004B8B30,unknown,,review,unknown,ghidra-12.1.3-initial-inventory
0x004B8BF0,unknown,,review,unknown,ghidra-12.1.3-initial-inventory
0x004B8D90,unknown,,review,unknown,ghidra-12.1.3-initial-inventory
0x004B8DC0,unknown,,review,unknown,ghidra-12.1.3-initial-inventory
0x004B8E30,unknown,,review,unknown,ghidra-12.1.3-initial-inventory
0x004B8E70,unknown,,review,unknown,ghidra-12.1.3-initial-inventory
0x004B8F60,unknown,,review,unknown,ghidra-12.1.3-initial-inventory
0x004B9050,unknown,,review,unknown,ghidra-12.1.3-initial-inventory
0x004B9090,unknown,,review,unknown,ghidra-12.1.3-initial-inventory
0x004B90E0,unknown,,review,unknown,ghidra-12.1.3-initial-inventory
0x004B96F0,unknown,,review,unknown,ghidra-12.1.3-initial-inventory
0x004B9740,unknown,,review,unknown,ghidra-12.1.3-initial-inventory
0x004B99C0,unknown,,review,unknown,ghidra-12.1.3-initial-inventory
0x004B99F0,unknown,,review,unknown,ghidra-12.1.3-initial-inventory
0x004B9AA0,unknown,,review,unknown,ghidra-12.1.3-initial-inventory
0x004B9B10,unknown,,review,unknown,ghidra-12.1.3-initial-inventory
0x004B9B60,unknown,,review,unknown,ghidra-12.1.3-initial-inventory
0x004B9B80,unknown,Configuration,review,pending,REF-007; default member/bitfield initializer emission cannot distinguish explicit authored constructor from compiler synthesis
0x004B9C10,unknown,Configuration,review,pending,"EXACT-061: Whole Enemy movement update1675 and fourteen actual owner/interface functions; native Graphics0xDE8/Viewport0x16C/Configuration0xB0/AnimationFile0x70/Context0x30 and typed parent/controller/file protocol. Independent definitions, SDK/atomic/array/global consumers, complete flags5 EH and strict float-to-double CRT fabs are audited. Full frozen-source cold replay442units/84objects/84017disjointbytes; owned C++20/O2/UBSan movement/order/bounds/initialization checks pass. Fourteen supporting aliases/library/EH contributions have no duplicate credit. New origins pending; whole Enemy dispatcher, unresolved production lifetimes/resolution/spawn/global definitions and whole-game linkage remain open. See docs/EXACT_ENEMY_UPDATE_RECONSTRUCTION.md."
0x004B9DF0,unknown,GameController,review,pending,"EXACT-077: Five whole Game construction/state contributions add362body/367comparisonbytes. Frozen580unit/106fresh-object graph replays100983disjointbytes. Native110allocation, GameInf RTTI/vtable, GameTaskInf literal, Task/twoTimer/Configuration ownership, two actual double fields and complete nonthrowing EH establish genuine272-byte owner. Full-width int flag observations preserve original EAX ABI; restart and bit6clear touch actual storage. O2/UBSan dirty guards, retained Configuration high bits/natural gaps,512flagstates, signed restart extremes and whole-state snapshots pass. Game destruction is an explicit fixture; allocation/startup/loading/update/cleanup, Player tail/whole owner, both whole readers and41KB opcode root remain open. 4992F0+44 is reached through Context slot0 both directly and via process478E80; the real primary owner remains unresolved. Actual EnemyController process lookup is478060. No Game or EnemyController storage attribution follows from these reader routes. Source-only Services are not imported; authored origins stay pending. See docs/EXACT_GAME_CONTROLLER_RECONSTRUCTION.md."
0x004B9EF0,unknown,,review,unknown,ghidra-12.1.3-initial-inventory
0x004BA3C0,unknown,,review,unknown,ghidra-12.1.3-initial-inventory
0x004BA3E0,unknown,,review,unknown,ghidra-12.1.3-initial-inventory
0x004BA400,unknown,,review,unknown,ghidra-12.1.3-initial-inventory
0x004BA440,unknown,,review,unknown,ghidra-12.1.3-initial-inventory
0x004BA4A0,unknown,,review,unknown,ghidra-12.1.3-initial-inventory
0x004BA870,unknown,,review,unknown,ghidra-12.1.3-initial-inventory
0x004BA8B0,unknown,Worker,review,pending,"EXACT-053: Real Worker16/jthread12/atomic flag launch, replacement, guarded close/join/detach and destructor. Complete native instructions, reference-argument producers, library ABI, EH/data/unwind contributions and independent relocation anchors audited. Full cold strict replay377units/67objects/58903disjointbytes; owned real-thread C++20/UBSan lifecycle checks pass. Origin remains unknown; original library constructor/move emission and enclosing graphics/loading/resource/global lifetimes remain pending. See docs/EXACT_WORKER_RECONSTRUCTION.md."
0x004BA940,unknown,,review,unknown,ghidra-12.1.3-initial-inventory
0x004BAD40,unknown,,review,unknown,ghidra-12.1.3-initial-inventory
0x004BBD80,unknown,,review,unknown,ghidra-12.1.3-initial-inventory
0x004BBDE0,unknown,,review,unknown,ghidra-12.1.3-initial-inventory
0x004BBF90,unknown,,review,unknown,ghidra-12.1.3-initial-inventory
0x004BC220,unknown,,review,unknown,ghidra-12.1.3-initial-inventory
0x004BC480,unknown,,review,unknown,ghidra-12.1.3-initial-inventory
0x004BC570,unknown,,review,unknown,ghidra-12.1.3-initial-inventory
0x004BCCA0,unknown,,review,unknown,ghidra-12.1.3-initial-inventory
0x004BCCC0,unknown,Session,review,pending,"EXACT-073: Twenty whole Session/PlayerTable construction, real process initializer, indexed/current-record/Controller lookups, mode/clamp queries, continue and flag updates add1167body/1177comparisonbytes. Complete560unit/101fresh-object graph replays98007disjointbytes. Actual704-byte BSS, original CRT registration, two real Contexts/two PlayerRecords, independent double-clock consumer, natural alignment gaps and complete EH/array helper establish the owned protocol. O2/UBSan checks run actual production lifetimes/lookups, whole-object preservation, signed/wrapped counters and retained flags. Whole Enemy readers, Player/card/game/Controller owners,41KB opcode root and whole-game link/runtime remain open; authored origins are not inferred. See docs/EXACT_SESSION_RECONSTRUCTION.md."
0x004BCCF0,unknown,Session,review,pending,"EXACT-073: Twenty whole Session/PlayerTable construction, real process initializer, indexed/current-record/Controller lookups, mode/clamp queries, continue and flag updates add1167body/1177comparisonbytes. Complete560unit/101fresh-object graph replays98007disjointbytes. Actual704-byte BSS, original CRT registration, two real Contexts/two PlayerRecords, independent double-clock consumer, natural alignment gaps and complete EH/array helper establish the owned protocol. O2/UBSan checks run actual production lifetimes/lookups, whole-object preservation, signed/wrapped counters and retained flags. Whole Enemy readers, Player/card/game/Controller owners,41KB opcode root and whole-game link/runtime remain open; authored origins are not inferred. See docs/EXACT_SESSION_RECONSTRUCTION.md."
0x004BCD50,unknown,,review,unknown,ghidra-12.1.3-initial-inventory
0x004BCDB0,unknown,,review,unknown,ghidra-12.1.3-initial-inventory
0x004BCE10,unknown,,review,unknown,ghidra-12.1.3-initial-inventory
0x004BCEF0,unknown,,review,unknown,ghidra-12.1.3-initial-inventory
0x004BCF30,unknown,,review,unknown,ghidra-12.1.3-initial-inventory
0x004BCF60,unknown,,review,unknown,ghidra-12.1.3-initial-inventory
0x004BD000,unknown,,review,unknown,ghidra-12.1.3-initial-inventory
0x004BD060,unknown,,review,unknown,ghidra-12.1.3-initial-inventory
0x004BD080,unknown,,review,unknown,ghidra-12.1.3-initial-inventory
0x004BD0B0,unknown,,review,unknown,ghidra-12.1.3-initial-inventory
0x004BD0C0,unknown,,review,unknown,ghidra-12.1.3-initial-inventory
0x004BD1B0,unknown,,review,unknown,ghidra-12.1.3-initial-inventory
0x004BD1E0,unknown,,review,unknown,ghidra-12.1.3-initial-inventory
0x004BD210,unknown,,review,unknown,ghidra-12.1.3-initial-inventory
0x004BD240,unknown,,review,unknown,ghidra-12.1.3-initial-inventory
0x004BD270,unknown,,review,unknown,ghidra-12.1.3-initial-inventory
0x004BD2A0,unknown,,review,unknown,ghidra-12.1.3-initial-inventory
0x004BD2D0,unknown,,review,unknown,ghidra-12.1.3-initial-inventory
0x004BD300,unknown,,review,unknown,ghidra-12.1.3-initial-inventory
0x004BD330,unknown,,review,unknown,ghidra-12.1.3-initial-inventory
0x004BD360,unknown,,review,unknown,ghidra-12.1.3-initial-inventory
0x004BD390,unknown,,review,unknown,ghidra-12.1.3-initial-inventory
0x004BD3C0,unknown,,review,unknown,ghidra-12.1.3-initial-inventory
0x004BD3D0,unknown,,review,unknown,ghidra-12.1.3-initial-inventory
0x004BD410,unknown,,review,unknown,ghidra-12.1.3-initial-inventory
0x004BD460,unknown,,review,unknown,ghidra-12.1.3-initial-inventory
0x004BD4A0,unknown,,review,unknown,ghidra-12.1.3-initial-inventory
0x004BD4E0,unknown,,review,unknown,ghidra-12.1.3-initial-inventory
0x004BD560,unknown,,review,unknown,ghidra-12.1.3-initial-inventory
0x004BD570,unknown,,review,unknown,ghidra-12.1.3-initial-inventory
0x004BD590,unknown,,review,unknown,ghidra-12.1.3-initial-inventory
0x004BD5A0,unknown,,review,unknown,ghidra-12.1.3-initial-inventory
0x004BD5C0,unknown,,review,unknown,ghidra-12.1.3-initial-inventory
0x004BD610,unknown,,review,unknown,ghidra-12.1.3-initial-inventory
0x004BD6B0,unknown,,review,unknown,ghidra-12.1.3-initial-inventory
0x004BD6E0,unknown,,review,unknown,ghidra-12.1.3-initial-inventory
0x004BD710,unknown,,review,unknown,ghidra-12.1.3-initial-inventory
0x004BD730,unknown,,review,unknown,ghidra-12.1.3-initial-inventory
0x004BD760,unknown,,review,unknown,ghidra-12.1.3-initial-inventory
0x004BD780,unknown,,review,unknown,ghidra-12.1.3-initial-inventory
0x004BD820,unknown,,review,unknown,ghidra-12.1.3-initial-inventory
0x004BD850,unknown,,review,unknown,ghidra-12.1.3-initial-inventory
0x004BD8A0,unknown,,review,unknown,ghidra-12.1.3-initial-inventory
0x004BD8F0,unknown,,review,unknown,ghidra-12.1.3-initial-inventory
0x004BD920,unknown,GameController,review,pending,"EXACT-077: Five whole Game construction/state contributions add362body/367comparisonbytes. Frozen580unit/106fresh-object graph replays100983disjointbytes. Native110allocation, GameInf RTTI/vtable, GameTaskInf literal, Task/twoTimer/Configuration ownership, two actual double fields and complete nonthrowing EH establish genuine272-byte owner. Full-width int flag observations preserve original EAX ABI; restart and bit6clear touch actual storage. O2/UBSan dirty guards, retained Configuration high bits/natural gaps,512flagstates, signed restart extremes and whole-state snapshots pass. Game destruction is an explicit fixture; allocation/startup/loading/update/cleanup, Player tail/whole owner, both whole readers and41KB opcode root remain open. 4992F0+44 is reached through Context slot0 both directly and via process478E80; the real primary owner remains unresolved. Actual EnemyController process lookup is478060. No Game or EnemyController storage attribution follows from these reader routes. Source-only Services are not imported; authored origins stay pending. See docs/EXACT_GAME_CONTROLLER_RECONSTRUCTION.md."
0x004BD940,unknown,,review,unknown,ghidra-12.1.3-initial-inventory
0x004BD960,unknown,,review,unknown,ghidra-12.1.3-initial-inventory
0x004BD980,unknown,,review,unknown,ghidra-12.1.3-initial-inventory
0x004BD9B0,unknown,,review,unknown,ghidra-12.1.3-initial-inventory
0x004BD9E0,unknown,PlayerRecord,review,pending,"REF-041: complete natural member on genuine PlayerRecord240, independently established through native array stride240/count2/constructor pointer, mixed scalar/byte fields and64-bit score/power consumers. All48 native ranges fully PE decode and agree with attested Ghidra;45 setter widths/offsets/clamp constants/RET4/calls verified independently. Native clamp471170 anchor precedes bulk probes. Complete221unit/51coldobject/15890byte canonical replay and24080 guarded/default/edge/full-byte C++20/UBSan checks pass. Two already canonical shared setter heads excluded from new credit. Original names/field roles/alignment declaration/origin and full Table/Session/Game/HUD/worker/resource owners remain open. No prefix, facade, copied reference source or helper credit. See docs/REFERENCE_GAME_LOADING_REVIEW.md."
0x004BDA30,unknown,PlayerRecord,review,pending,"REF-041: complete natural member on genuine PlayerRecord240, independently established through native array stride240/count2/constructor pointer, mixed scalar/byte fields and64-bit score/power consumers. All48 native ranges fully PE decode and agree with attested Ghidra;45 setter widths/offsets/clamp constants/RET4/calls verified independently. Native clamp471170 anchor precedes bulk probes. Complete221unit/51coldobject/15890byte canonical replay and24080 guarded/default/edge/full-byte C++20/UBSan checks pass. Two already canonical shared setter heads excluded from new credit. Original names/field roles/alignment declaration/origin and full Table/Session/Game/HUD/worker/resource owners remain open. No prefix, facade, copied reference source or helper credit. See docs/REFERENCE_GAME_LOADING_REVIEW.md."
0x004BDA80,unknown,PlayerRecord,review,pending,"REF-041: complete natural member on genuine PlayerRecord240, independently established through native array stride240/count2/constructor pointer, mixed scalar/byte fields and64-bit score/power consumers. All48 native ranges fully PE decode and agree with attested Ghidra;45 setter widths/offsets/clamp constants/RET4/calls verified independently. Native clamp471170 anchor precedes bulk probes. Complete221unit/51coldobject/15890byte canonical replay and24080 guarded/default/edge/full-byte C++20/UBSan checks pass. Two already canonical shared setter heads excluded from new credit. Original names/field roles/alignment declaration/origin and full Table/Session/Game/HUD/worker/resource owners remain open. No prefix, facade, copied reference source or helper credit. See docs/REFERENCE_GAME_LOADING_REVIEW.md."
0x004BDAD0,unknown,,review,unknown,ghidra-12.1.3-initial-inventory
0x004BDB00,unknown,,review,unknown,ghidra-12.1.3-initial-inventory
0x004BDB30,unknown,,review,unknown,ghidra-12.1.3-initial-inventory
0x004BDB80,unknown,,review,unknown,ghidra-12.1.3-initial-inventory
0x004BDBD0,unknown,,review,unknown,ghidra-12.1.3-initial-inventory
0x004BDBF0,unknown,PlayerRecord,review,pending,"REF-041: complete natural member on genuine PlayerRecord240, independently established through native array stride240/count2/constructor pointer, mixed scalar/byte fields and64-bit score/power consumers. All48 native ranges fully PE decode and agree with attested Ghidra;45 setter widths/offsets/clamp constants/RET4/calls verified independently. Native clamp471170 anchor precedes bulk probes. Complete221unit/51coldobject/15890byte canonical replay and24080 guarded/default/edge/full-byte C++20/UBSan checks pass. Two already canonical shared setter heads excluded from new credit. Original names/field roles/alignment declaration/origin and full Table/Session/Game/HUD/worker/resource owners remain open. No prefix, facade, copied reference source or helper credit. See docs/REFERENCE_GAME_LOADING_REVIEW.md."
0x004BDC40,unknown,PlayerRecord,review,pending,"REF-041: complete natural member on genuine PlayerRecord240, independently established through native array stride240/count2/constructor pointer, mixed scalar/byte fields and64-bit score/power consumers. All48 native ranges fully PE decode and agree with attested Ghidra;45 setter widths/offsets/clamp constants/RET4/calls verified independently. Native clamp471170 anchor precedes bulk probes. Complete221unit/51coldobject/15890byte canonical replay and24080 guarded/default/edge/full-byte C++20/UBSan checks pass. Two already canonical shared setter heads excluded from new credit. Original names/field roles/alignment declaration/origin and full Table/Session/Game/HUD/worker/resource owners remain open. No prefix, facade, copied reference source or helper credit. See docs/REFERENCE_GAME_LOADING_REVIEW.md."
0x004BDC60,unknown,PlayerRecord,review,pending,"REF-041: complete natural member on genuine PlayerRecord240, independently established through native array stride240/count2/constructor pointer, mixed scalar/byte fields and64-bit score/power consumers. All48 native ranges fully PE decode and agree with attested Ghidra;45 setter widths/offsets/clamp constants/RET4/calls verified independently. Native clamp471170 anchor precedes bulk probes. Complete221unit/51coldobject/15890byte canonical replay and24080 guarded/default/edge/full-byte C++20/UBSan checks pass. Two already canonical shared setter heads excluded from new credit. Original names/field roles/alignment declaration/origin and full Table/Session/Game/HUD/worker/resource owners remain open. No prefix, facade, copied reference source or helper credit. See docs/REFERENCE_GAME_LOADING_REVIEW.md."
0x004BDCB0,unknown,,review,unknown,ghidra-12.1.3-initial-inventory
0x004BDCD0,unknown,,review,unknown,ghidra-12.1.3-initial-inventory
0x004BDCF0,unknown,,review,unknown,ghidra-12.1.3-initial-inventory
0x004BDD10,unknown,PlayerRecord,review,pending,"REF-041: complete natural member on genuine PlayerRecord240, independently established through native array stride240/count2/constructor pointer, mixed scalar/byte fields and64-bit score/power consumers. All48 native ranges fully PE decode and agree with attested Ghidra;45 setter widths/offsets/clamp constants/RET4/calls verified independently. Native clamp471170 anchor precedes bulk probes. Complete221unit/51coldobject/15890byte canonical replay and24080 guarded/default/edge/full-byte C++20/UBSan checks pass. Two already canonical shared setter heads excluded from new credit. Original names/field roles/alignment declaration/origin and full Table/Session/Game/HUD/worker/resource owners remain open. No prefix, facade, copied reference source or helper credit. See docs/REFERENCE_GAME_LOADING_REVIEW.md."
0x004BDD60,unknown,Session,review,pending,"EXACT-073: Twenty whole Session/PlayerTable construction, real process initializer, indexed/current-record/Controller lookups, mode/clamp queries, continue and flag updates add1167body/1177comparisonbytes. Complete560unit/101fresh-object graph replays98007disjointbytes. Actual704-byte BSS, original CRT registration, two real Contexts/two PlayerRecords, independent double-clock consumer, natural alignment gaps and complete EH/array helper establish the owned protocol. O2/UBSan checks run actual production lifetimes/lookups, whole-object preservation, signed/wrapped counters and retained flags. Whole Enemy readers, Player/card/game/Controller owners,41KB opcode root and whole-game link/runtime remain open; authored origins are not inferred. See docs/EXACT_SESSION_RECONSTRUCTION.md."
0x004BDD90,unknown,,review,unknown,ghidra-12.1.3-initial-inventory
0x004BDDC0,unknown,,review,unknown,ghidra-12.1.3-initial-inventory
0x004BDE90,unknown,PlayerRecord,review,pending,"REF-041: complete natural member on genuine PlayerRecord240, independently established through native array stride240/count2/constructor pointer, mixed scalar/byte fields and64-bit score/power consumers. All48 native ranges fully PE decode and agree with attested Ghidra;45 setter widths/offsets/clamp constants/RET4/calls verified independently. Native clamp471170 anchor precedes bulk probes. Complete221unit/51coldobject/15890byte canonical replay and24080 guarded/default/edge/full-byte C++20/UBSan checks pass. Two already canonical shared setter heads excluded from new credit. Original names/field roles/alignment declaration/origin and full Table/Session/Game/HUD/worker/resource owners remain open. No prefix, facade, copied reference source or helper credit. See docs/REFERENCE_GAME_LOADING_REVIEW.md."
0x004BDEE0,unknown,PlayerRecord,review,pending,"REF-041: complete natural member on genuine PlayerRecord240, independently established through native array stride240/count2/constructor pointer, mixed scalar/byte fields and64-bit score/power consumers. All48 native ranges fully PE decode and agree with attested Ghidra;45 setter widths/offsets/clamp constants/RET4/calls verified independently. Native clamp471170 anchor precedes bulk probes. Complete221unit/51coldobject/15890byte canonical replay and24080 guarded/default/edge/full-byte C++20/UBSan checks pass. Two already canonical shared setter heads excluded from new credit. Original names/field roles/alignment declaration/origin and full Table/Session/Game/HUD/worker/resource owners remain open. No prefix, facade, copied reference source or helper credit. See docs/REFERENCE_GAME_LOADING_REVIEW.md."
0x004BDF30,unknown,PlayerRecord,review,pending,"REF-041: complete natural member on genuine PlayerRecord240, independently established through native array stride240/count2/constructor pointer, mixed scalar/byte fields and64-bit score/power consumers. All48 native ranges fully PE decode and agree with attested Ghidra;45 setter widths/offsets/clamp constants/RET4/calls verified independently. Native clamp471170 anchor precedes bulk probes. Complete221unit/51coldobject/15890byte canonical replay and24080 guarded/default/edge/full-byte C++20/UBSan checks pass. Two already canonical shared setter heads excluded from new credit. Original names/field roles/alignment declaration/origin and full Table/Session/Game/HUD/worker/resource owners remain open. No prefix, facade, copied reference source or helper credit. See docs/REFERENCE_GAME_LOADING_REVIEW.md."
0x004BDF80,unknown,PlayerRecord,review,pending,"REF-041: complete natural member on genuine PlayerRecord240, independently established through native array stride240/count2/constructor pointer, mixed scalar/byte fields and64-bit score/power consumers. All48 native ranges fully PE decode and agree with attested Ghidra;45 setter widths/offsets/clamp constants/RET4/calls verified independently. Native clamp471170 anchor precedes bulk probes. Complete221unit/51coldobject/15890byte canonical replay and24080 guarded/default/edge/full-byte C++20/UBSan checks pass. Two already canonical shared setter heads excluded from new credit. Original names/field roles/alignment declaration/origin and full Table/Session/Game/HUD/worker/resource owners remain open. No prefix, facade, copied reference source or helper credit. See docs/REFERENCE_GAME_LOADING_REVIEW.md."
0x004BDFD0,unknown,,review,unknown,ghidra-12.1.3-initial-inventory
0x004BE050,unknown,PlayerRecord,review,pending,"REF-041: complete natural member on genuine PlayerRecord240, independently established through native array stride240/count2/constructor pointer, mixed scalar/byte fields and64-bit score/power consumers. All48 native ranges fully PE decode and agree with attested Ghidra;45 setter widths/offsets/clamp constants/RET4/calls verified independently. Native clamp471170 anchor precedes bulk probes. Complete221unit/51coldobject/15890byte canonical replay and24080 guarded/default/edge/full-byte C++20/UBSan checks pass. Two already canonical shared setter heads excluded from new credit. Original names/field roles/alignment declaration/origin and full Table/Session/Game/HUD/worker/resource owners remain open. No prefix, facade, copied reference source or helper credit. See docs/REFERENCE_GAME_LOADING_REVIEW.md."
0x004BE0A0,unknown,PlayerRecord,review,pending,"REF-041: complete natural member on genuine PlayerRecord240, independently established through native array stride240/count2/constructor pointer, mixed scalar/byte fields and64-bit score/power consumers. All48 native ranges fully PE decode and agree with attested Ghidra;45 setter widths/offsets/clamp constants/RET4/calls verified independently. Native clamp471170 anchor precedes bulk probes. Complete221unit/51coldobject/15890byte canonical replay and24080 guarded/default/edge/full-byte C++20/UBSan checks pass. Two already canonical shared setter heads excluded from new credit. Original names/field roles/alignment declaration/origin and full Table/Session/Game/HUD/worker/resource owners remain open. No prefix, facade, copied reference source or helper credit. See docs/REFERENCE_GAME_LOADING_REVIEW.md."
0x004BE0F0,unknown,PlayerRecord,review,pending,"REF-041: complete natural member on genuine PlayerRecord240, independently established through native array stride240/count2/constructor pointer, mixed scalar/byte fields and64-bit score/power consumers. All48 native ranges fully PE decode and agree with attested Ghidra;45 setter widths/offsets/clamp constants/RET4/calls verified independently. Native clamp471170 anchor precedes bulk probes. Complete221unit/51coldobject/15890byte canonical replay and24080 guarded/default/edge/full-byte C++20/UBSan checks pass. Two already canonical shared setter heads excluded from new credit. Original names/field roles/alignment declaration/origin and full Table/Session/Game/HUD/worker/resource owners remain open. No prefix, facade, copied reference source or helper credit. See docs/REFERENCE_GAME_LOADING_REVIEW.md."
0x004BE140,unknown,PlayerRecord,review,pending,"REF-041: complete natural member on genuine PlayerRecord240, independently established through native array stride240/count2/constructor pointer, mixed scalar/byte fields and64-bit score/power consumers. All48 native ranges fully PE decode and agree with attested Ghidra;45 setter widths/offsets/clamp constants/RET4/calls verified independently. Native clamp471170 anchor precedes bulk probes. Complete221unit/51coldobject/15890byte canonical replay and24080 guarded/default/edge/full-byte C++20/UBSan checks pass. Two already canonical shared setter heads excluded from new credit. Original names/field roles/alignment declaration/origin and full Table/Session/Game/HUD/worker/resource owners remain open. No prefix, facade, copied reference source or helper credit. See docs/REFERENCE_GAME_LOADING_REVIEW.md."
0x004BE190,unknown,PlayerRecord,review,pending,"REF-041: complete natural member on genuine PlayerRecord240, independently established through native array stride240/count2/constructor pointer, mixed scalar/byte fields and64-bit score/power consumers. All48 native ranges fully PE decode and agree with attested Ghidra;45 setter widths/offsets/clamp constants/RET4/calls verified independently. Native clamp471170 anchor precedes bulk probes. Complete221unit/51coldobject/15890byte canonical replay and24080 guarded/default/edge/full-byte C++20/UBSan checks pass. Two already canonical shared setter heads excluded from new credit. Original names/field roles/alignment declaration/origin and full Table/Session/Game/HUD/worker/resource owners remain open. No prefix, facade, copied reference source or helper credit. See docs/REFERENCE_GAME_LOADING_REVIEW.md."
0x004BE1B0,unknown,,review,unknown,ghidra-12.1.3-initial-inventory
0x004BE1E0,unknown,,review,unknown,ghidra-12.1.3-initial-inventory
0x004BE200,unknown,,review,unknown,ghidra-12.1.3-initial-inventory
0x004BE220,unknown,Session,review,pending,"EXACT-073: Twenty whole Session/PlayerTable construction, real process initializer, indexed/current-record/Controller lookups, mode/clamp queries, continue and flag updates add1167body/1177comparisonbytes. Complete560unit/101fresh-object graph replays98007disjointbytes. Actual704-byte BSS, original CRT registration, two real Contexts/two PlayerRecords, independent double-clock consumer, natural alignment gaps and complete EH/array helper establish the owned protocol. O2/UBSan checks run actual production lifetimes/lookups, whole-object preservation, signed/wrapped counters and retained flags. Whole Enemy readers, Player/card/game/Controller owners,41KB opcode root and whole-game link/runtime remain open; authored origins are not inferred. See docs/EXACT_SESSION_RECONSTRUCTION.md."
0x004BE250,unknown,,review,unknown,ghidra-12.1.3-initial-inventory
0x004BE270,unknown,,review,unknown,ghidra-12.1.3-initial-inventory
0x004BE2B0,unknown,,review,unknown,ghidra-12.1.3-initial-inventory
0x004BE2D0,unknown,,review,unknown,ghidra-12.1.3-initial-inventory
0x004BE340,unknown,PlayerRecord,review,pending,"REF-041: complete natural member on genuine PlayerRecord240, independently established through native array stride240/count2/constructor pointer, mixed scalar/byte fields and64-bit score/power consumers. All48 native ranges fully PE decode and agree with attested Ghidra;45 setter widths/offsets/clamp constants/RET4/calls verified independently. Native clamp471170 anchor precedes bulk probes. Complete221unit/51coldobject/15890byte canonical replay and24080 guarded/default/edge/full-byte C++20/UBSan checks pass. Two already canonical shared setter heads excluded from new credit. Original names/field roles/alignment declaration/origin and full Table/Session/Game/HUD/worker/resource owners remain open. No prefix, facade, copied reference source or helper credit. See docs/REFERENCE_GAME_LOADING_REVIEW.md."
0x004BE360,unknown,,review,unknown,ghidra-12.1.3-initial-inventory
0x004BE390,unknown,,review,unknown,ghidra-12.1.3-initial-inventory
0x004BE3C0,unknown,,review,unknown,ghidra-12.1.3-initial-inventory
0x004BE3F0,unknown,,review,unknown,ghidra-12.1.3-initial-inventory
0x004BE440,unknown,PlayerRecord,review,pending,"REF-041: complete natural member on genuine PlayerRecord240, independently established through native array stride240/count2/constructor pointer, mixed scalar/byte fields and64-bit score/power consumers. All48 native ranges fully PE decode and agree with attested Ghidra;45 setter widths/offsets/clamp constants/RET4/calls verified independently. Native clamp471170 anchor precedes bulk probes. Complete221unit/51coldobject/15890byte canonical replay and24080 guarded/default/edge/full-byte C++20/UBSan checks pass. Two already canonical shared setter heads excluded from new credit. Original names/field roles/alignment declaration/origin and full Table/Session/Game/HUD/worker/resource owners remain open. No prefix, facade, copied reference source or helper credit. See docs/REFERENCE_GAME_LOADING_REVIEW.md."
0x004BE490,unknown,PlayerRecord,review,pending,"REF-041: complete natural member on genuine PlayerRecord240, independently established through native array stride240/count2/constructor pointer, mixed scalar/byte fields and64-bit score/power consumers. All48 native ranges fully PE decode and agree with attested Ghidra;45 setter widths/offsets/clamp constants/RET4/calls verified independently. Native clamp471170 anchor precedes bulk probes. Complete221unit/51coldobject/15890byte canonical replay and24080 guarded/default/edge/full-byte C++20/UBSan checks pass. Two already canonical shared setter heads excluded from new credit. Original names/field roles/alignment declaration/origin and full Table/Session/Game/HUD/worker/resource owners remain open. No prefix, facade, copied reference source or helper credit. See docs/REFERENCE_GAME_LOADING_REVIEW.md."
0x004BE4E0,unknown,PlayerRecord,review,pending,"REF-041: complete natural member on genuine PlayerRecord240, independently established through native array stride240/count2/constructor pointer, mixed scalar/byte fields and64-bit score/power consumers. All48 native ranges fully PE decode and agree with attested Ghidra;45 setter widths/offsets/clamp constants/RET4/calls verified independently. Native clamp471170 anchor precedes bulk probes. Complete221unit/51coldobject/15890byte canonical replay and24080 guarded/default/edge/full-byte C++20/UBSan checks pass. Two already canonical shared setter heads excluded from new credit. Original names/field roles/alignment declaration/origin and full Table/Session/Game/HUD/worker/resource owners remain open. No prefix, facade, copied reference source or helper credit. See docs/REFERENCE_GAME_LOADING_REVIEW.md."
0x004BE530,unknown,PlayerRecord,review,pending,"REF-041: complete natural member on genuine PlayerRecord240, independently established through native array stride240/count2/constructor pointer, mixed scalar/byte fields and64-bit score/power consumers. All48 native ranges fully PE decode and agree with attested Ghidra;45 setter widths/offsets/clamp constants/RET4/calls verified independently. Native clamp471170 anchor precedes bulk probes. Complete221unit/51coldobject/15890byte canonical replay and24080 guarded/default/edge/full-byte C++20/UBSan checks pass. Two already canonical shared setter heads excluded from new credit. Original names/field roles/alignment declaration/origin and full Table/Session/Game/HUD/worker/resource owners remain open. No prefix, facade, copied reference source or helper credit. See docs/REFERENCE_GAME_LOADING_REVIEW.md."
0x004BE580,unknown,PlayerRecord,review,pending,"REF-041: complete natural member on genuine PlayerRecord240, independently established through native array stride240/count2/constructor pointer, mixed scalar/byte fields and64-bit score/power consumers. All48 native ranges fully PE decode and agree with attested Ghidra;45 setter widths/offsets/clamp constants/RET4/calls verified independently. Native clamp471170 anchor precedes bulk probes. Complete221unit/51coldobject/15890byte canonical replay and24080 guarded/default/edge/full-byte C++20/UBSan checks pass. Two already canonical shared setter heads excluded from new credit. Original names/field roles/alignment declaration/origin and full Table/Session/Game/HUD/worker/resource owners remain open. No prefix, facade, copied reference source or helper credit. See docs/REFERENCE_GAME_LOADING_REVIEW.md."
0x004BE5D0,unknown,PlayerRecord,review,pending,"REF-041: complete natural member on genuine PlayerRecord240, independently established through native array stride240/count2/constructor pointer, mixed scalar/byte fields and64-bit score/power consumers. All48 native ranges fully PE decode and agree with attested Ghidra;45 setter widths/offsets/clamp constants/RET4/calls verified independently. Native clamp471170 anchor precedes bulk probes. Complete221unit/51coldobject/15890byte canonical replay and24080 guarded/default/edge/full-byte C++20/UBSan checks pass. Two already canonical shared setter heads excluded from new credit. Original names/field roles/alignment declaration/origin and full Table/Session/Game/HUD/worker/resource owners remain open. No prefix, facade, copied reference source or helper credit. See docs/REFERENCE_GAME_LOADING_REVIEW.md."
0x004BE620,unknown,PlayerRecord,review,pending,"REF-041: complete natural member on genuine PlayerRecord240, independently established through native array stride240/count2/constructor pointer, mixed scalar/byte fields and64-bit score/power consumers. All48 native ranges fully PE decode and agree with attested Ghidra;45 setter widths/offsets/clamp constants/RET4/calls verified independently. Native clamp471170 anchor precedes bulk probes. Complete221unit/51coldobject/15890byte canonical replay and24080 guarded/default/edge/full-byte C++20/UBSan checks pass. Two already canonical shared setter heads excluded from new credit. Original names/field roles/alignment declaration/origin and full Table/Session/Game/HUD/worker/resource owners remain open. No prefix, facade, copied reference source or helper credit. See docs/REFERENCE_GAME_LOADING_REVIEW.md."
0x004BE670,unknown,PlayerRecord,review,pending,"REF-041: complete natural member on genuine PlayerRecord240, independently established through native array stride240/count2/constructor pointer, mixed scalar/byte fields and64-bit score/power consumers. All48 native ranges fully PE decode and agree with attested Ghidra;45 setter widths/offsets/clamp constants/RET4/calls verified independently. Native clamp471170 anchor precedes bulk probes. Complete221unit/51coldobject/15890byte canonical replay and24080 guarded/default/edge/full-byte C++20/UBSan checks pass. Two already canonical shared setter heads excluded from new credit. Original names/field roles/alignment declaration/origin and full Table/Session/Game/HUD/worker/resource owners remain open. No prefix, facade, copied reference source or helper credit. See docs/REFERENCE_GAME_LOADING_REVIEW.md."
0x004BE6C0,unknown,PlayerRecord,review,pending,"REF-041: complete natural member on genuine PlayerRecord240, independently established through native array stride240/count2/constructor pointer, mixed scalar/byte fields and64-bit score/power consumers. All48 native ranges fully PE decode and agree with attested Ghidra;45 setter widths/offsets/clamp constants/RET4/calls verified independently. Native clamp471170 anchor precedes bulk probes. Complete221unit/51coldobject/15890byte canonical replay and24080 guarded/default/edge/full-byte C++20/UBSan checks pass. Two already canonical shared setter heads excluded from new credit. Original names/field roles/alignment declaration/origin and full Table/Session/Game/HUD/worker/resource owners remain open. No prefix, facade, copied reference source or helper credit. See docs/REFERENCE_GAME_LOADING_REVIEW.md."
0x004BE710,unknown,PlayerRecord,review,pending,"REF-041: complete natural member on genuine PlayerRecord240, independently established through native array stride240/count2/constructor pointer, mixed scalar/byte fields and64-bit score/power consumers. All48 native ranges fully PE decode and agree with attested Ghidra;45 setter widths/offsets/clamp constants/RET4/calls verified independently. Native clamp471170 anchor precedes bulk probes. Complete221unit/51coldobject/15890byte canonical replay and24080 guarded/default/edge/full-byte C++20/UBSan checks pass. Two already canonical shared setter heads excluded from new credit. Original names/field roles/alignment declaration/origin and full Table/Session/Game/HUD/worker/resource owners remain open. No prefix, facade, copied reference source or helper credit. See docs/REFERENCE_GAME_LOADING_REVIEW.md."
0x004BE760,unknown,PlayerRecord,review,pending,"REF-041: complete natural member on genuine PlayerRecord240, independently established through native array stride240/count2/constructor pointer, mixed scalar/byte fields and64-bit score/power consumers. All48 native ranges fully PE decode and agree with attested Ghidra;45 setter widths/offsets/clamp constants/RET4/calls verified independently. Native clamp471170 anchor precedes bulk probes. Complete221unit/51coldobject/15890byte canonical replay and24080 guarded/default/edge/full-byte C++20/UBSan checks pass. Two already canonical shared setter heads excluded from new credit. Original names/field roles/alignment declaration/origin and full Table/Session/Game/HUD/worker/resource owners remain open. No prefix, facade, copied reference source or helper credit. See docs/REFERENCE_GAME_LOADING_REVIEW.md."
0x004BE7B0,unknown,PlayerRecord,review,pending,"REF-041: complete natural member on genuine PlayerRecord240, independently established through native array stride240/count2/constructor pointer, mixed scalar/byte fields and64-bit score/power consumers. All48 native ranges fully PE decode and agree with attested Ghidra;45 setter widths/offsets/clamp constants/RET4/calls verified independently. Native clamp471170 anchor precedes bulk probes. Complete221unit/51coldobject/15890byte canonical replay and24080 guarded/default/edge/full-byte C++20/UBSan checks pass. Two already canonical shared setter heads excluded from new credit. Original names/field roles/alignment declaration/origin and full Table/Session/Game/HUD/worker/resource owners remain open. No prefix, facade, copied reference source or helper credit. See docs/REFERENCE_GAME_LOADING_REVIEW.md."
0x004BE800,unknown,PlayerRecord,review,pending,"REF-041: complete natural member on genuine PlayerRecord240, independently established through native array stride240/count2/constructor pointer, mixed scalar/byte fields and64-bit score/power consumers. All48 native ranges fully PE decode and agree with attested Ghidra;45 setter widths/offsets/clamp constants/RET4/calls verified independently. Native clamp471170 anchor precedes bulk probes. Complete221unit/51coldobject/15890byte canonical replay and24080 guarded/default/edge/full-byte C++20/UBSan checks pass. Two already canonical shared setter heads excluded from new credit. Original names/field roles/alignment declaration/origin and full Table/Session/Game/HUD/worker/resource owners remain open. No prefix, facade, copied reference source or helper credit. See docs/REFERENCE_GAME_LOADING_REVIEW.md."
0x004BE850,unknown,PlayerRecord,review,pending,"REF-041: complete natural member on genuine PlayerRecord240, independently established through native array stride240/count2/constructor pointer, mixed scalar/byte fields and64-bit score/power consumers. All48 native ranges fully PE decode and agree with attested Ghidra;45 setter widths/offsets/clamp constants/RET4/calls verified independently. Native clamp471170 anchor precedes bulk probes. Complete221unit/51coldobject/15890byte canonical replay and24080 guarded/default/edge/full-byte C++20/UBSan checks pass. Two already canonical shared setter heads excluded from new credit. Original names/field roles/alignment declaration/origin and full Table/Session/Game/HUD/worker/resource owners remain open. No prefix, facade, copied reference source or helper credit. See docs/REFERENCE_GAME_LOADING_REVIEW.md."
0x004BE8A0,unknown,PlayerRecord,review,pending,"REF-041: complete natural member on genuine PlayerRecord240, independently established through native array stride240/count2/constructor pointer, mixed scalar/byte fields and64-bit score/power consumers. All48 native ranges fully PE decode and agree with attested Ghidra;45 setter widths/offsets/clamp constants/RET4/calls verified independently. Native clamp471170 anchor precedes bulk probes. Complete221unit/51coldobject/15890byte canonical replay and24080 guarded/default/edge/full-byte C++20/UBSan checks pass. Two already canonical shared setter heads excluded from new credit. Original names/field roles/alignment declaration/origin and full Table/Session/Game/HUD/worker/resource owners remain open. No prefix, facade, copied reference source or helper credit. See docs/REFERENCE_GAME_LOADING_REVIEW.md."
0x004BE8F0,unknown,PlayerRecord,review,pending,"REF-041: complete natural member on genuine PlayerRecord240, independently established through native array stride240/count2/constructor pointer, mixed scalar/byte fields and64-bit score/power consumers. All48 native ranges fully PE decode and agree with attested Ghidra;45 setter widths/offsets/clamp constants/RET4/calls verified independently. Native clamp471170 anchor precedes bulk probes. Complete221unit/51coldobject/15890byte canonical replay and24080 guarded/default/edge/full-byte C++20/UBSan checks pass. Two already canonical shared setter heads excluded from new credit. Original names/field roles/alignment declaration/origin and full Table/Session/Game/HUD/worker/resource owners remain open. No prefix, facade, copied reference source or helper credit. See docs/REFERENCE_GAME_LOADING_REVIEW.md."
0x004BE940,unknown,PlayerRecord,review,pending,"REF-041: complete natural member on genuine PlayerRecord240, independently established through native array stride240/count2/constructor pointer, mixed scalar/byte fields and64-bit score/power consumers. All48 native ranges fully PE decode and agree with attested Ghidra;45 setter widths/offsets/clamp constants/RET4/calls verified independently. Native clamp471170 anchor precedes bulk probes. Complete221unit/51coldobject/15890byte canonical replay and24080 guarded/default/edge/full-byte C++20/UBSan checks pass. Two already canonical shared setter heads excluded from new credit. Original names/field roles/alignment declaration/origin and full Table/Session/Game/HUD/worker/resource owners remain open. No prefix, facade, copied reference source or helper credit. See docs/REFERENCE_GAME_LOADING_REVIEW.md."
0x004BE990,unknown,PlayerRecord,review,pending,"REF-041: complete natural member on genuine PlayerRecord240, independently established through native array stride240/count2/constructor pointer, mixed scalar/byte fields and64-bit score/power consumers. All48 native ranges fully PE decode and agree with attested Ghidra;45 setter widths/offsets/clamp constants/RET4/calls verified independently. Native clamp471170 anchor precedes bulk probes. Complete221unit/51coldobject/15890byte canonical replay and24080 guarded/default/edge/full-byte C++20/UBSan checks pass. Two already canonical shared setter heads excluded from new credit. Original names/field roles/alignment declaration/origin and full Table/Session/Game/HUD/worker/resource owners remain open. No prefix, facade, copied reference source or helper credit. See docs/REFERENCE_GAME_LOADING_REVIEW.md."
0x004BE9B0,unknown,PlayerRecord,review,pending,"REF-041: complete natural member on genuine PlayerRecord240, independently established through native array stride240/count2/constructor pointer, mixed scalar/byte fields and64-bit score/power consumers. All48 native ranges fully PE decode and agree with attested Ghidra;45 setter widths/offsets/clamp constants/RET4/calls verified independently. Native clamp471170 anchor precedes bulk probes. Complete221unit/51coldobject/15890byte canonical replay and24080 guarded/default/edge/full-byte C++20/UBSan checks pass. Two already canonical shared setter heads excluded from new credit. Original names/field roles/alignment declaration/origin and full Table/Session/Game/HUD/worker/resource owners remain open. No prefix, facade, copied reference source or helper credit. See docs/REFERENCE_GAME_LOADING_REVIEW.md."
0x004BEA00,unknown,PlayerRecord,review,pending,"REF-041: complete natural member on genuine PlayerRecord240, independently established through native array stride240/count2/constructor pointer, mixed scalar/byte fields and64-bit score/power consumers. All48 native ranges fully PE decode and agree with attested Ghidra;45 setter widths/offsets/clamp constants/RET4/calls verified independently. Native clamp471170 anchor precedes bulk probes. Complete221unit/51coldobject/15890byte canonical replay and24080 guarded/default/edge/full-byte C++20/UBSan checks pass. Two already canonical shared setter heads excluded from new credit. Original names/field roles/alignment declaration/origin and full Table/Session/Game/HUD/worker/resource owners remain open. No prefix, facade, copied reference source or helper credit. See docs/REFERENCE_GAME_LOADING_REVIEW.md."
0x004BEA50,unknown,PlayerRecord,review,pending,"REF-041: complete natural member on genuine PlayerRecord240, independently established through native array stride240/count2/constructor pointer, mixed scalar/byte fields and64-bit score/power consumers. All48 native ranges fully PE decode and agree with attested Ghidra;45 setter widths/offsets/clamp constants/RET4/calls verified independently. Native clamp471170 anchor precedes bulk probes. Complete221unit/51coldobject/15890byte canonical replay and24080 guarded/default/edge/full-byte C++20/UBSan checks pass. Two already canonical shared setter heads excluded from new credit. Original names/field roles/alignment declaration/origin and full Table/Session/Game/HUD/worker/resource owners remain open. No prefix, facade, copied reference source or helper credit. See docs/REFERENCE_GAME_LOADING_REVIEW.md."
0x004BEAA0,unknown,PlayerRecord,review,pending,"REF-041: complete natural member on genuine PlayerRecord240, independently established through native array stride240/count2/constructor pointer, mixed scalar/byte fields and64-bit score/power consumers. All48 native ranges fully PE decode and agree with attested Ghidra;45 setter widths/offsets/clamp constants/RET4/calls verified independently. Native clamp471170 anchor precedes bulk probes. Complete221unit/51coldobject/15890byte canonical replay and24080 guarded/default/edge/full-byte C++20/UBSan checks pass. Two already canonical shared setter heads excluded from new credit. Original names/field roles/alignment declaration/origin and full Table/Session/Game/HUD/worker/resource owners remain open. No prefix, facade, copied reference source or helper credit. See docs/REFERENCE_GAME_LOADING_REVIEW.md."
0x004BEAF0,unknown,PlayerRecord,review,pending,"REF-041: complete natural member on genuine PlayerRecord240, independently established through native array stride240/count2/constructor pointer, mixed scalar/byte fields and64-bit score/power consumers. All48 native ranges fully PE decode and agree with attested Ghidra;45 setter widths/offsets/clamp constants/RET4/calls verified independently. Native clamp471170 anchor precedes bulk probes. Complete221unit/51coldobject/15890byte canonical replay and24080 guarded/default/edge/full-byte C++20/UBSan checks pass. Two already canonical shared setter heads excluded from new credit. Original names/field roles/alignment declaration/origin and full Table/Session/Game/HUD/worker/resource owners remain open. No prefix, facade, copied reference source or helper credit. See docs/REFERENCE_GAME_LOADING_REVIEW.md."
0x004BEB40,unknown,,review,unknown,ghidra-12.1.3-initial-inventory
0x004BEB60,unknown,,review,unknown,ghidra-12.1.3-initial-inventory
0x004BEC10,unknown,PlayerRecord,review,pending,"REF-041: complete natural member on genuine PlayerRecord240, independently established through native array stride240/count2/constructor pointer, mixed scalar/byte fields and64-bit score/power consumers. All48 native ranges fully PE decode and agree with attested Ghidra;45 setter widths/offsets/clamp constants/RET4/calls verified independently. Native clamp471170 anchor precedes bulk probes. Complete221unit/51coldobject/15890byte canonical replay and24080 guarded/default/edge/full-byte C++20/UBSan checks pass. Two already canonical shared setter heads excluded from new credit. Original names/field roles/alignment declaration/origin and full Table/Session/Game/HUD/worker/resource owners remain open. No prefix, facade, copied reference source or helper credit. See docs/REFERENCE_GAME_LOADING_REVIEW.md."
0x004BEC60,unknown,,review,unknown,ghidra-12.1.3-initial-inventory
0x004BEC70,unknown,,review,unknown,ghidra-12.1.3-initial-inventory
0x004BED20,unknown,,review,unknown,ghidra-12.1.3-initial-inventory
0x004BED50,unknown,,review,unknown,ghidra-12.1.3-initial-inventory
0x004BEDF0,unknown,,review,unknown,ghidra-12.1.3-initial-inventory
0x004BEE40,unknown,,review,unknown,ghidra-12.1.3-initial-inventory
0x004BEE70,unknown,,review,unknown,ghidra-12.1.3-initial-inventory
0x004BEF80,unknown,,review,unknown,ghidra-12.1.3-initial-inventory
0x004BF020,unknown,,review,unknown,ghidra-12.1.3-initial-inventory
0x004BF040,unknown,,review,unknown,ghidra-12.1.3-initial-inventory
0x004BF060,unknown,,review,unknown,ghidra-12.1.3-initial-inventory
0x004BF0A0,unknown,,review,unknown,ghidra-12.1.3-initial-inventory
0x004BF8D0,unknown,,review,unknown,ghidra-12.1.3-initial-inventory
0x004BF930,unknown,,review,unknown,ghidra-12.1.3-initial-inventory
0x004BF990,unknown,,review,unknown,ghidra-12.1.3-initial-inventory
0x004BFA00,unknown,,review,unknown,ghidra-12.1.3-initial-inventory
0x004BFAD0,unknown,,review,unknown,ghidra-12.1.3-initial-inventory
0x004BFAE0,unknown,,review,unknown,ghidra-12.1.3-initial-inventory
0x004BFB00,unknown,,review,unknown,ghidra-12.1.3-initial-inventory
0x004BFB20,unknown,,review,unknown,ghidra-12.1.3-initial-inventory
0x004BFB50,unknown,,review,unknown,ghidra-12.1.3-initial-inventory
0x004BFB80,unknown,,review,unknown,ghidra-12.1.3-initial-inventory
0x004BFBB0,unknown,,review,unknown,ghidra-12.1.3-initial-inventory
0x004BFBE0,unknown,Cursor,review,pending,REF-024: complete natural canonical contribution with independent native owner/consumer and library anchor evidence. Real PMR vector and two std::stack<int> owners; original constructor EH unresolved. Original type/method spelling and authored/compiler/shared origin pending; no authored credit. Full cold relocation replay and independent portable resource/state checks pass. See docs/REFERENCE_FUNCTION_REVIEW.md.
0x004BFC00,unknown,Cursor,review,pending,REF-024: complete natural canonical contribution with independent native owner/consumer and library anchor evidence. Real PMR vector and two std::stack<int> owners; original constructor EH unresolved. Original type/method spelling and authored/compiler/shared origin pending; no authored credit. Full cold relocation replay and independent portable resource/state checks pass. See docs/REFERENCE_FUNCTION_REVIEW.md.
0x004BFC20,unknown,,review,unknown,ghidra-12.1.3-initial-inventory
0x004BFC70,unknown,,review,unknown,ghidra-12.1.3-initial-inventory
0x004BFCD0,unknown,,review,unknown,ghidra-12.1.3-initial-inventory
0x004BFD60,unknown,,review,unknown,ghidra-12.1.3-initial-inventory
0x004BFDE0,unknown,,review,unknown,ghidra-12.1.3-initial-inventory
0x004BFE30,unknown,,review,unknown,ghidra-12.1.3-initial-inventory
0x004BFE80,unknown,,review,unknown,ghidra-12.1.3-initial-inventory
0x004BFEE0,unknown,,review,unknown,ghidra-12.1.3-initial-inventory
0x004BFFB0,unknown,DamageRegion,review,pending,"EXACT-051: Shared typed intrusive link/list/observation protocol, nonthrowing Region construction/update and position/vector dependencies. Native storage/lifecycle/RET/AL/reference/hidden-result ABI, complete handler/FuncInfo flags5 corroboration, whole contributions and independent anchors audited. Full cold strict replay363units/66objects/57534disjointbytes and all22 public C++20/UBSan checks pass. Origin remains unknown; list constructor/reset and controller/retirement/locking remain pending. See docs/EXACT_INTRUSIVE_LIFETIME_RECONSTRUCTION.md."
0x004C0120,unknown,,review,unknown,ghidra-12.1.3-initial-inventory
0x004C0210,unknown,Identifier32,review,pending,"EXACT-050: Damage Region routing/configuration and shared value protocols. Complete receiver flow/AL-bool/full-EAX/RET ABI, actual196-byte Region with72-byte Motion, five shape routes, configuration preservation/alias order and independent callee anchors audited. Cold strict replay343units/65objects/55692disjointbytes and public C++20/UBSan routing/state/alias checks pass. Constructor EH/controller lifetime/names/origins pending. See docs/EXACT_DAMAGE_REGION_RECONSTRUCTION.md."
0x004C0240,unknown,Vector3,review,pending,"EXACT-051: Shared typed intrusive link/list/observation protocol, nonthrowing Region construction/update and position/vector dependencies. Native storage/lifecycle/RET/AL/reference/hidden-result ABI, complete handler/FuncInfo flags5 corroboration, whole contributions and independent anchors audited. Full cold strict replay363units/66objects/57534disjointbytes and all22 public C++20/UBSan checks pass. Origin remains unknown; list constructor/reset and controller/retirement/locking remain pending. See docs/EXACT_INTRUSIVE_LIFETIME_RECONSTRUCTION.md."
0x004C0290,unknown,,review,unknown,ghidra-12.1.3-initial-inventory
0x004C02D0,unknown,,review,unknown,ghidra-12.1.3-initial-inventory
0x004C03D0,unknown,DamageRegion,review,pending,"EXACT-051: Shared typed intrusive link/list/observation protocol, nonthrowing Region construction/update and position/vector dependencies. Native storage/lifecycle/RET/AL/reference/hidden-result ABI, complete handler/FuncInfo flags5 corroboration, whole contributions and independent anchors audited. Full cold strict replay363units/66objects/57534disjointbytes and all22 public C++20/UBSan checks pass. Origin remains unknown; list constructor/reset and controller/retirement/locking remain pending. See docs/EXACT_INTRUSIVE_LIFETIME_RECONSTRUCTION.md."
0x004C0480,unknown,,review,unknown,ghidra-12.1.3-initial-inventory
0x004C0B30,unknown,,review,unknown,ghidra-12.1.3-initial-inventory
0x004C0C40,unknown,,review,unknown,ghidra-12.1.3-initial-inventory
0x004C0C60,unknown,,review,unknown,ghidra-12.1.3-initial-inventory
0x004C0CB0,unknown,,review,unknown,ghidra-12.1.3-initial-inventory
0x004C0CC0,unknown,,review,unknown,ghidra-12.1.3-initial-inventory
0x004C0CE0,unknown,,review,unknown,ghidra-12.1.3-initial-inventory
0x004C0D00,unknown,,review,unknown,ghidra-12.1.3-initial-inventory
0x004C0E10,unknown,,review,unknown,ghidra-12.1.3-initial-inventory
0x004C0E60,unknown,,review,unknown,ghidra-12.1.3-initial-inventory
0x004C0F50,unknown,DamageRegion,review,pending,"EXACT-050: Damage Region routing/configuration and shared value protocols. Complete receiver flow/AL-bool/full-EAX/RET ABI, actual196-byte Region with72-byte Motion, five shape routes, configuration preservation/alias order and independent callee anchors audited. Cold strict replay343units/65objects/55692disjointbytes and public C++20/UBSan routing/state/alias checks pass. Constructor EH/controller lifetime/names/origins pending. See docs/EXACT_DAMAGE_REGION_RECONSTRUCTION.md."
0x004C0F70,unknown,,review,unknown,ghidra-12.1.3-initial-inventory
0x004C0FB0,unknown,,review,unknown,ghidra-12.1.3-initial-inventory
0x004C0FE0,unknown,DamageRegion,review,pending,"EXACT-050: Damage Region routing/configuration and shared value protocols. Complete receiver flow/AL-bool/full-EAX/RET ABI, actual196-byte Region with72-byte Motion, five shape routes, configuration preservation/alias order and independent callee anchors audited. Cold strict replay343units/65objects/55692disjointbytes and public C++20/UBSan routing/state/alias checks pass. Constructor EH/controller lifetime/names/origins pending. See docs/EXACT_DAMAGE_REGION_RECONSTRUCTION.md."
0x004C1000,unknown,DamageRegion,review,pending,"EXACT-050: Damage Region routing/configuration and shared value protocols. Complete receiver flow/AL-bool/full-EAX/RET ABI, actual196-byte Region with72-byte Motion, five shape routes, configuration preservation/alias order and independent callee anchors audited. Cold strict replay343units/65objects/55692disjointbytes and public C++20/UBSan routing/state/alias checks pass. Constructor EH/controller lifetime/names/origins pending. See docs/EXACT_DAMAGE_REGION_RECONSTRUCTION.md."
0x004C1030,unknown,DamageRegion,review,pending,"EXACT-050: Damage Region routing/configuration and shared value protocols. Complete receiver flow/AL-bool/full-EAX/RET ABI, actual196-byte Region with72-byte Motion, five shape routes, configuration preservation/alias order and independent callee anchors audited. Cold strict replay343units/65objects/55692disjointbytes and public C++20/UBSan routing/state/alias checks pass. Constructor EH/controller lifetime/names/origins pending. See docs/EXACT_DAMAGE_REGION_RECONSTRUCTION.md."
0x004C1AC0,unknown,,review,unknown,ghidra-12.1.3-initial-inventory
0x004C1AE0,unknown,,review,unknown,ghidra-12.1.3-initial-inventory
0x004C1B80,unknown,,review,unknown,ghidra-12.1.3-initial-inventory
0x004C1C10,unknown,,review,unknown,ghidra-12.1.3-initial-inventory
0x004C1C50,unknown,DamageRegion,review,pending,"EXACT-050: Damage Region routing/configuration and shared value protocols. Complete receiver flow/AL-bool/full-EAX/RET ABI, actual196-byte Region with72-byte Motion, five shape routes, configuration preservation/alias order and independent callee anchors audited. Cold strict replay343units/65objects/55692disjointbytes and public C++20/UBSan routing/state/alias checks pass. Constructor EH/controller lifetime/names/origins pending. See docs/EXACT_DAMAGE_REGION_RECONSTRUCTION.md."
0x004C1D80,unknown,DamageRegion,review,pending,"EXACT-050: Damage Region routing/configuration and shared value protocols. Complete receiver flow/AL-bool/full-EAX/RET ABI, actual196-byte Region with72-byte Motion, five shape routes, configuration preservation/alias order and independent callee anchors audited. Cold strict replay343units/65objects/55692disjointbytes and public C++20/UBSan routing/state/alias checks pass. Constructor EH/controller lifetime/names/origins pending. See docs/EXACT_DAMAGE_REGION_RECONSTRUCTION.md."
0x004C1E90,unknown,,review,unknown,ghidra-12.1.3-initial-inventory
0x004C1EB0,unknown,,review,unknown,ghidra-12.1.3-initial-inventory
0x004C1F00,unknown,,review,unknown,ghidra-12.1.3-initial-inventory
0x004C1F30,unknown,,review,unknown,ghidra-12.1.3-initial-inventory
0x004C1FC0,unknown,,review,unknown,ghidra-12.1.3-initial-inventory
0x004C1FF0,unknown,,review,unknown,ghidra-12.1.3-initial-inventory
0x004C2030,unknown,DamageRegion,review,pending,"EXACT-050: Damage Region routing/configuration and shared value protocols. Complete receiver flow/AL-bool/full-EAX/RET ABI, actual196-byte Region with72-byte Motion, five shape routes, configuration preservation/alias order and independent callee anchors audited. Cold strict replay343units/65objects/55692disjointbytes and public C++20/UBSan routing/state/alias checks pass. Constructor EH/controller lifetime/names/origins pending. See docs/EXACT_DAMAGE_REGION_RECONSTRUCTION.md."
0x004C2060,unknown,,review,unknown,ghidra-12.1.3-initial-inventory
0x004C2090,unknown,,review,unknown,ghidra-12.1.3-initial-inventory
0x004C20D0,unknown,,review,unknown,ghidra-12.1.3-initial-inventory
0x004C2130,unknown,,review,unknown,ghidra-12.1.3-initial-inventory
0x004C2180,unknown,,review,unknown,ghidra-12.1.3-initial-inventory
0x004C21B0,unknown,,review,unknown,ghidra-12.1.3-initial-inventory
0x004C22E0,unknown,,review,unknown,ghidra-12.1.3-initial-inventory
0x004C2430,unknown,,review,unknown,ghidra-12.1.3-initial-inventory
0x004C2490,unknown,,review,unknown,ghidra-12.1.3-initial-inventory
0x004C24C0,unknown,,review,unknown,ghidra-12.1.3-initial-inventory
0x004C2560,unknown,,review,unknown,ghidra-12.1.3-initial-inventory
0x004C25A0,unknown,,review,unknown,ghidra-12.1.3-initial-inventory
0x004C3880,unknown,,review,unknown,ghidra-12.1.3-initial-inventory
0x004C38D0,unknown,,review,unknown,ghidra-12.1.3-initial-inventory
0x004C3C00,unknown,,review,unknown,ghidra-12.1.3-initial-inventory
0x004C3C90,unknown,,review,unknown,ghidra-12.1.3-initial-inventory
0x004C42C0,unknown,,review,unknown,ghidra-12.1.3-initial-inventory
0x004C4420,unknown,,review,unknown,ghidra-12.1.3-initial-inventory
0x004C45B0,unknown,,review,unknown,ghidra-12.1.3-initial-inventory
0x004C4650,unknown,,review,unknown,ghidra-12.1.3-initial-inventory
0x004C46A0,unknown,,review,unknown,ghidra-12.1.3-initial-inventory
0x004C46F0,unknown,,review,unknown,ghidra-12.1.3-initial-inventory
0x004C4740,unknown,,review,unknown,ghidra-12.1.3-initial-inventory
0x004C4770,unknown,,review,unknown,ghidra-12.1.3-initial-inventory
0x004C47A0,unknown,,review,unknown,ghidra-12.1.3-initial-inventory
0x004C47C0,unknown,,review,unknown,ghidra-12.1.3-initial-inventory
0x004C4900,unknown,,review,unknown,ghidra-12.1.3-initial-inventory
0x004C4920,unknown,,review,unknown,ghidra-12.1.3-initial-inventory
0x004C4940,unknown,,review,unknown,ghidra-12.1.3-initial-inventory
0x004C4960,unknown,,review,unknown,ghidra-12.1.3-initial-inventory
0x004C4B30,unknown,,review,unknown,ghidra-12.1.3-initial-inventory
0x004C4B70,unknown,,review,unknown,ghidra-12.1.3-initial-inventory
0x004C4B90,unknown,,review,unknown,ghidra-12.1.3-initial-inventory
0x004C4DA0,unknown,,review,unknown,ghidra-12.1.3-initial-inventory
0x004C4F00,unknown,,review,unknown,ghidra-12.1.3-initial-inventory
0x004C4F50,unknown,,review,unknown,ghidra-12.1.3-initial-inventory
0x004C4F70,unknown,,review,unknown,ghidra-12.1.3-initial-inventory
0x004C4F90,unknown,,review,unknown,ghidra-12.1.3-initial-inventory
0x004C4FD0,unknown,,review,unknown,ghidra-12.1.3-initial-inventory
0x004C5010,unknown,,review,unknown,ghidra-12.1.3-initial-inventory
0x004C5070,unknown,,review,unknown,ghidra-12.1.3-initial-inventory
0x004C5090,unknown,,review,unknown,ghidra-12.1.3-initial-inventory
0x004C50C0,unknown,,review,unknown,ghidra-12.1.3-initial-inventory
0x004C5130,unknown,,review,unknown,ghidra-12.1.3-initial-inventory
0x004C5160,unknown,,review,unknown,ghidra-12.1.3-initial-inventory
0x004C52C0,unknown,,review,unknown,ghidra-12.1.3-initial-inventory
0x004C52E0,unknown,,review,unknown,ghidra-12.1.3-initial-inventory
0x004C5390,unknown,,review,unknown,ghidra-12.1.3-initial-inventory
0x004C53B0,unknown,,review,unknown,ghidra-12.1.3-initial-inventory
0x004C53F0,unknown,,review,unknown,ghidra-12.1.3-initial-inventory
0x004C5410,unknown,,review,unknown,ghidra-12.1.3-initial-inventory
0x004C5460,unknown,,review,unknown,ghidra-12.1.3-initial-inventory
0x004C5500,unknown,,review,unknown,ghidra-12.1.3-initial-inventory
0x004C5530,unknown,,review,unknown,ghidra-12.1.3-initial-inventory
0x004C5690,unknown,,review,unknown,ghidra-12.1.3-initial-inventory
0x004C56B0,unknown,,review,unknown,ghidra-12.1.3-initial-inventory
0x004C5750,unknown,,review,unknown,ghidra-12.1.3-initial-inventory
0x004C5790,unknown,,review,unknown,ghidra-12.1.3-initial-inventory
0x004C5870,unknown,,review,unknown,ghidra-12.1.3-initial-inventory
0x004C58D0,unknown,,review,unknown,ghidra-12.1.3-initial-inventory
0x004C5990,unknown,,review,unknown,ghidra-12.1.3-initial-inventory
0x004C59C0,unknown,,review,unknown,ghidra-12.1.3-initial-inventory
0x004C5C80,unknown,,review,unknown,ghidra-12.1.3-initial-inventory
0x004C5CC0,unknown,,review,unknown,ghidra-12.1.3-initial-inventory
0x004C5D00,unknown,,review,unknown,ghidra-12.1.3-initial-inventory
0x004C5D10,unknown,,review,unknown,ghidra-12.1.3-initial-inventory
0x004C5D40,unknown,,review,unknown,ghidra-12.1.3-initial-inventory
0x004C5D70,unknown,,review,unknown,ghidra-12.1.3-initial-inventory
0x004C5D80,unknown,,review,unknown,ghidra-12.1.3-initial-inventory
0x004C5D90,unknown,,review,unknown,ghidra-12.1.3-initial-inventory
0x004C5DB0,unknown,,review,unknown,ghidra-12.1.3-initial-inventory
0x004C5E00,unknown,,review,unknown,ghidra-12.1.3-initial-inventory
0x004C5E20,unknown,,review,unknown,ghidra-12.1.3-initial-inventory
0x004C5E50,unknown,,review,unknown,ghidra-12.1.3-initial-inventory
0x004C5E80,unknown,,review,unknown,ghidra-12.1.3-initial-inventory
0x004C5EB0,unknown,,review,unknown,ghidra-12.1.3-initial-inventory
0x004C5EE0,unknown,,review,unknown,ghidra-12.1.3-initial-inventory
0x004C5FA0,unknown,,review,unknown,ghidra-12.1.3-initial-inventory
0x004C5FB0,unknown,,review,unknown,ghidra-12.1.3-initial-inventory
0x004C5FF0,unknown,,review,unknown,ghidra-12.1.3-initial-inventory
0x004C6010,unknown,Cursor,review,pending,REF-024: complete natural canonical contribution with independent native owner/consumer and library anchor evidence. Real PMR vector and two std::stack<int> owners; original constructor EH unresolved. Original type/method spelling and authored/compiler/shared origin pending; no authored credit. Full cold relocation replay and independent portable resource/state checks pass. See docs/REFERENCE_FUNCTION_REVIEW.md.
0x004C6080,unknown,,review,unknown,ghidra-12.1.3-initial-inventory
0x004C60B0,unknown,Cursor,review,pending,REF-024: complete natural canonical contribution with independent native owner/consumer and library anchor evidence. Real PMR vector and two std::stack<int> owners; original constructor EH unresolved. Original type/method spelling and authored/compiler/shared origin pending; no authored credit. Full cold relocation replay and independent portable resource/state checks pass. See docs/REFERENCE_FUNCTION_REVIEW.md.
0x004C6100,unknown,,review,unknown,ghidra-12.1.3-initial-inventory
0x004C6130,unknown,,review,unknown,ghidra-12.1.3-initial-inventory
0x004C6160,unknown,,review,unknown,ghidra-12.1.3-initial-inventory
0x004C6180,unknown,,review,unknown,ghidra-12.1.3-initial-inventory
0x004C61A0,unknown,,review,unknown,ghidra-12.1.3-initial-inventory
0x004C61D0,unknown,,review,unknown,ghidra-12.1.3-initial-inventory
0x004C6210,unknown,,review,unknown,ghidra-12.1.3-initial-inventory
0x004C6230,unknown,,review,unknown,ghidra-12.1.3-initial-inventory
0x004C6B30,unknown,,review,unknown,ghidra-12.1.3-initial-inventory
0x004C7160,unknown,,review,unknown,ghidra-12.1.3-initial-inventory
0x004C7770,unknown,,review,unknown,ghidra-12.1.3-initial-inventory
0x004C7CB0,unknown,,review,unknown,ghidra-12.1.3-initial-inventory
0x004C7D10,unknown,,review,unknown,ghidra-12.1.3-initial-inventory
0x004C7DD0,unknown,,review,unknown,ghidra-12.1.3-initial-inventory
0x004C7F00,unknown,,review,unknown,ghidra-12.1.3-initial-inventory
0x004C7F20,unknown,,review,unknown,ghidra-12.1.3-initial-inventory
0x004C7F90,unknown,,review,unknown,ghidra-12.1.3-initial-inventory
0x004C7FD0,unknown,,review,unknown,ghidra-12.1.3-initial-inventory
0x004C8020,unknown,,review,unknown,ghidra-12.1.3-initial-inventory
0x004C8080,unknown,,review,unknown,ghidra-12.1.3-initial-inventory
0x004C80E0,unknown,,review,unknown,ghidra-12.1.3-initial-inventory
0x004C8130,unknown,,review,unknown,ghidra-12.1.3-initial-inventory
0x004C8190,unknown,,review,unknown,ghidra-12.1.3-initial-inventory
0x004C81F0,unknown,,review,unknown,ghidra-12.1.3-initial-inventory
0x004C8240,unknown,,review,unknown,ghidra-12.1.3-initial-inventory
0x004C82C0,unknown,,review,unknown,ghidra-12.1.3-initial-inventory
0x004C8390,unknown,,review,unknown,ghidra-12.1.3-initial-inventory
0x004C8410,unknown,,review,unknown,ghidra-12.1.3-initial-inventory
0x004C84B0,unknown,,review,unknown,ghidra-12.1.3-initial-inventory
0x004C85B0,unknown,,review,unknown,ghidra-12.1.3-initial-inventory
0x004C87C0,unknown,,review,unknown,ghidra-12.1.3-initial-inventory
0x004C8880,unknown,,review,unknown,ghidra-12.1.3-initial-inventory
0x004C88E0,unknown,,review,unknown,ghidra-12.1.3-initial-inventory
0x004C8940,unknown,,review,unknown,ghidra-12.1.3-initial-inventory
0x004C8A40,unknown,,review,unknown,ghidra-12.1.3-initial-inventory
0x004C8A70,unknown,,review,unknown,ghidra-12.1.3-initial-inventory
0x004C8AF0,unknown,,review,unknown,ghidra-12.1.3-initial-inventory
0x004C8B70,unknown,,review,unknown,ghidra-12.1.3-initial-inventory
0x004C8C00,unknown,,review,unknown,ghidra-12.1.3-initial-inventory
0x004C8C40,unknown,,review,unknown,ghidra-12.1.3-initial-inventory
0x004C8C90,unknown,,review,unknown,ghidra-12.1.3-initial-inventory
0x004C8D70,unknown,,review,unknown,ghidra-12.1.3-initial-inventory
0x004C8E90,unknown,,review,unknown,ghidra-12.1.3-initial-inventory
0x004C8FE0,unknown,,review,unknown,ghidra-12.1.3-initial-inventory
0x004C90D0,unknown,,review,unknown,ghidra-12.1.3-initial-inventory
0x004C9100,unknown,,review,unknown,ghidra-12.1.3-initial-inventory
0x004C9130,unknown,,review,unknown,ghidra-12.1.3-initial-inventory
0x004C9170,unknown,,review,unknown,ghidra-12.1.3-initial-inventory
0x004C9190,unknown,,review,unknown,ghidra-12.1.3-initial-inventory
0x004C91D0,unknown,,review,unknown,ghidra-12.1.3-initial-inventory
0x004C9210,unknown,,review,unknown,ghidra-12.1.3-initial-inventory
0x004C9250,unknown,,review,unknown,ghidra-12.1.3-initial-inventory
0x004C9280,unknown,,review,unknown,ghidra-12.1.3-initial-inventory
0x004C92C0,unknown,,review,unknown,ghidra-12.1.3-initial-inventory
0x004C9300,unknown,,review,unknown,ghidra-12.1.3-initial-inventory
0x004C9350,unknown,,review,unknown,ghidra-12.1.3-initial-inventory
0x004C9380,unknown,,review,unknown,ghidra-12.1.3-initial-inventory
0x004C9490,unknown,,review,unknown,ghidra-12.1.3-initial-inventory
0x004C9580,unknown,,review,unknown,ghidra-12.1.3-initial-inventory
0x004C9830,unknown,,review,unknown,ghidra-12.1.3-initial-inventory
0x004C9AB0,unknown,,review,unknown,ghidra-12.1.3-initial-inventory
0x004C9DA0,unknown,,review,unknown,ghidra-12.1.3-initial-inventory
0x004C9DB0,unknown,,review,unknown,ghidra-12.1.3-initial-inventory
0x004C9F10,unknown,,review,unknown,ghidra-12.1.3-initial-inventory
0x004CA380,unknown,,review,unknown,ghidra-12.1.3-initial-inventory
0x004CA830,unknown,,review,unknown,ghidra-12.1.3-initial-inventory
0x004CAAC0,unknown,,review,unknown,ghidra-12.1.3-initial-inventory
0x004CAAD0,unknown,,review,unknown,ghidra-12.1.3-initial-inventory
0x004CABF0,unknown,,review,unknown,ghidra-12.1.3-initial-inventory
0x004CB060,unknown,,review,unknown,ghidra-12.1.3-initial-inventory
0x004CB500,unknown,,review,unknown,ghidra-12.1.3-initial-inventory
0x004CB510,unknown,,review,unknown,ghidra-12.1.3-initial-inventory
0x004CB970,unknown,,review,unknown,ghidra-12.1.3-initial-inventory
0x004CBFA0,unknown,,review,unknown,ghidra-12.1.3-initial-inventory
0x004CC690,unknown,,review,unknown,ghidra-12.1.3-initial-inventory
0x004CC950,unknown,,review,unknown,ghidra-12.1.3-initial-inventory
0x004CCE10,unknown,,review,unknown,ghidra-12.1.3-initial-inventory
0x004CD2D0,unknown,,review,unknown,ghidra-12.1.3-initial-inventory
0x004CD580,unknown,,review,unknown,ghidra-12.1.3-initial-inventory
0x004CDA40,unknown,,review,unknown,ghidra-12.1.3-initial-inventory
0x004CDEF0,unknown,,review,unknown,ghidra-12.1.3-initial-inventory
0x004CE220,unknown,,review,unknown,ghidra-12.1.3-initial-inventory
0x004CE510,unknown,,review,unknown,ghidra-12.1.3-initial-inventory
0x004CE8E0,unknown,,review,unknown,ghidra-12.1.3-initial-inventory
0x004CEBA0,unknown,,review,unknown,ghidra-12.1.3-initial-inventory
0x004CEBB0,unknown,,review,unknown,ghidra-12.1.3-initial-inventory
0x004CF080,unknown,,review,unknown,ghidra-12.1.3-initial-inventory
0x004CF550,unknown,,review,unknown,ghidra-12.1.3-initial-inventory
0x004CF5C0,unknown,,review,unknown,ghidra-12.1.3-initial-inventory
0x004CF5F0,unknown,,review,unknown,ghidra-12.1.3-initial-inventory
0x004CF680,unknown,,review,unknown,ghidra-12.1.3-initial-inventory
0x004CF940,unknown,,review,unknown,ghidra-12.1.3-initial-inventory
0x004CFA30,unknown,,review,unknown,ghidra-12.1.3-initial-inventory
0x004CFB40,unknown,,review,unknown,ghidra-12.1.3-initial-inventory
0x004CFB80,unknown,,review,unknown,ghidra-12.1.3-initial-inventory
0x004CFBB0,unknown,,review,unknown,ghidra-12.1.3-initial-inventory
0x004D00C0,unknown,,review,unknown,ghidra-12.1.3-initial-inventory
0x004D01D0,unknown,,review,unknown,ghidra-12.1.3-initial-inventory
0x004D0290,unknown,,review,unknown,ghidra-12.1.3-initial-inventory
0x004D0380,unknown,,review,unknown,ghidra-12.1.3-initial-inventory
0x004D12E0,unknown,,review,unknown,ghidra-12.1.3-initial-inventory
0x004D1470,unknown,,review,unknown,ghidra-12.1.3-initial-inventory
0x004D2360,unknown,,review,unknown,ghidra-12.1.3-initial-inventory
0x004D2410,unknown,,review,unknown,ghidra-12.1.3-initial-inventory
0x004D2430,unknown,,review,unknown,ghidra-12.1.3-initial-inventory
0x004D2540,unknown,,review,unknown,ghidra-12.1.3-initial-inventory
0x004D2750,unknown,,review,unknown,ghidra-12.1.3-initial-inventory
0x004D2A20,unknown,,review,unknown,ghidra-12.1.3-initial-inventory
0x004D2DD0,unknown,,review,unknown,ghidra-12.1.3-initial-inventory
0x004D3110,unknown,,review,unknown,ghidra-12.1.3-initial-inventory
0x004D3230,unknown,,review,unknown,ghidra-12.1.3-initial-inventory
0x004D3CA0,unknown,,review,unknown,ghidra-12.1.3-initial-inventory
0x004D3D70,unknown,,review,unknown,ghidra-12.1.3-initial-inventory
0x004D4150,unknown,,review,unknown,ghidra-12.1.3-initial-inventory
0x004D4660,unknown,,review,unknown,ghidra-12.1.3-initial-inventory
0x004D46E0,unknown,,review,unknown,ghidra-12.1.3-initial-inventory
0x004D47F0,unknown,,review,unknown,ghidra-12.1.3-initial-inventory
0x004D49E0,unknown,,review,unknown,ghidra-12.1.3-initial-inventory
0x004D50A0,unknown,,review,unknown,ghidra-12.1.3-initial-inventory
0x004D5310,unknown,,review,unknown,ghidra-12.1.3-initial-inventory
0x004D5580,unknown,,review,unknown,ghidra-12.1.3-initial-inventory
0x004D5710,unknown,,review,unknown,ghidra-12.1.3-initial-inventory
0x004D58D0,unknown,,review,unknown,ghidra-12.1.3-initial-inventory
0x004D5A90,unknown,,review,unknown,ghidra-12.1.3-initial-inventory
0x004D5B10,unknown,,review,unknown,ghidra-12.1.3-initial-inventory
0x004D5BB0,unknown,,review,unknown,ghidra-12.1.3-initial-inventory
0x004D5BE0,unknown,,review,unknown,ghidra-12.1.3-initial-inventory
0x004D5C00,unknown,,review,unknown,ghidra-12.1.3-initial-inventory
0x004D5E50,unknown,,review,unknown,ghidra-12.1.3-initial-inventory
0x004D60A0,unknown,,review,unknown,ghidra-12.1.3-initial-inventory
0x004D62E0,unknown,,review,unknown,ghidra-12.1.3-initial-inventory
0x004D6390,unknown,,review,unknown,ghidra-12.1.3-initial-inventory
0x004D67E0,unknown,,review,unknown,ghidra-12.1.3-initial-inventory
0x004D6830,unknown,,review,unknown,ghidra-12.1.3-initial-inventory
0x004D6B80,unknown,,review,unknown,ghidra-12.1.3-initial-inventory
0x004D6BB0,unknown,,review,unknown,ghidra-12.1.3-initial-inventory
0x004D6BD0,unknown,,review,unknown,ghidra-12.1.3-initial-inventory
0x004D6C40,unknown,,review,unknown,ghidra-12.1.3-initial-inventory
0x004D7280,unknown,,review,unknown,ghidra-12.1.3-initial-inventory
0x004D7750,unknown,,review,unknown,ghidra-12.1.3-initial-inventory
0x004D7D20,unknown,,review,unknown,ghidra-12.1.3-initial-inventory
0x004D7D50,unknown,,review,unknown,ghidra-12.1.3-initial-inventory
0x004D7D80,unknown,,review,unknown,ghidra-12.1.3-initial-inventory
0x004D7DD0,unknown,,review,unknown,ghidra-12.1.3-initial-inventory
0x004D7E10,unknown,,review,unknown,ghidra-12.1.3-initial-inventory
0x004D7E40,unknown,,review,unknown,ghidra-12.1.3-initial-inventory
0x004D7EA0,unknown,,review,unknown,ghidra-12.1.3-initial-inventory
0x004D7EF0,unknown,,review,unknown,ghidra-12.1.3-initial-inventory
0x004D7FD0,unknown,,review,unknown,ghidra-12.1.3-initial-inventory
0x004D80B0,unknown,,review,unknown,ghidra-12.1.3-initial-inventory
0x004D80F0,unknown,,review,unknown,ghidra-12.1.3-initial-inventory
0x004D8160,unknown,,review,unknown,ghidra-12.1.3-initial-inventory
0x004D8220,unknown,,review,unknown,ghidra-12.1.3-initial-inventory
0x004D82C0,authored,SceneResources,authored,high,"REF-012; native LoadingInf callers and game-specific resource order, independently confirmed dependencies and canonical replay"
0x004D8350,unknown,,review,unknown,ghidra-12.1.3-initial-inventory
0x004D8560,authored,SceneResources,authored,high,"REF-012; native LoadingInf callers and game-specific resource order, independently confirmed dependencies and canonical replay"
0x004D85A0,unknown,,review,unknown,ghidra-12.1.3-initial-inventory
0x004D85B0,unknown,,review,unknown,ghidra-12.1.3-initial-inventory
0x004D85C0,unknown,,review,unknown,ghidra-12.1.3-initial-inventory
0x004D8620,unknown,,review,unknown,ghidra-12.1.3-initial-inventory
0x004D86A0,unknown,,review,unknown,ghidra-12.1.3-initial-inventory
0x004D8740,unknown,,review,unknown,ghidra-12.1.3-initial-inventory
0x004D8790,unknown,,review,unknown,ghidra-12.1.3-initial-inventory
0x004D8830,unknown,,review,unknown,ghidra-12.1.3-initial-inventory
0x004D8870,unknown,,review,unknown,ghidra-12.1.3-initial-inventory
0x004D88A0,unknown,,review,unknown,ghidra-12.1.3-initial-inventory
0x004D88C0,unknown,Graphics,review,pending,"EXACT-061: Whole Enemy movement update1675 and fourteen actual owner/interface functions; native Graphics0xDE8/Viewport0x16C/Configuration0xB0/AnimationFile0x70/Context0x30 and typed parent/controller/file protocol. Independent definitions, SDK/atomic/array/global consumers, complete flags5 EH and strict float-to-double CRT fabs are audited. Full frozen-source cold replay442units/84objects/84017disjointbytes; owned C++20/O2/UBSan movement/order/bounds/initialization checks pass. Fourteen supporting aliases/library/EH contributions have no duplicate credit. New origins pending; whole Enemy dispatcher, unresolved production lifetimes/resolution/spawn/global definitions and whole-game linkage remain open. See docs/EXACT_ENEMY_UPDATE_RECONSTRUCTION.md."
0x004D8990,unknown,Graphics,review,pending,"EXACT-061: Whole Enemy movement update1675 and fourteen actual owner/interface functions; native Graphics0xDE8/Viewport0x16C/Configuration0xB0/AnimationFile0x70/Context0x30 and typed parent/controller/file protocol. Independent definitions, SDK/atomic/array/global consumers, complete flags5 EH and strict float-to-double CRT fabs are audited. Full frozen-source cold replay442units/84objects/84017disjointbytes; owned C++20/O2/UBSan movement/order/bounds/initialization checks pass. Fourteen supporting aliases/library/EH contributions have no duplicate credit. New origins pending; whole Enemy dispatcher, unresolved production lifetimes/resolution/spawn/global definitions and whole-game linkage remain open. See docs/EXACT_ENEMY_UPDATE_RECONSTRUCTION.md."
0x004D8D50,unknown,,review,unknown,ghidra-12.1.3-initial-inventory
0x004D8D70,unknown,,review,unknown,ghidra-12.1.3-initial-inventory
0x004D8DA0,unknown,,review,unknown,ghidra-12.1.3-initial-inventory
0x004D8DD0,unknown,,review,unknown,ghidra-12.1.3-initial-inventory
0x004D8DE0,unknown,,review,unknown,ghidra-12.1.3-initial-inventory
0x004D8DF0,unknown,,review,unknown,ghidra-12.1.3-initial-inventory
0x004D8E40,unknown,,review,unknown,ghidra-12.1.3-initial-inventory
0x004D8E90,unknown,,review,unknown,ghidra-12.1.3-initial-inventory
0x004D8F80,unknown,,review,unknown,ghidra-12.1.3-initial-inventory
0x004D9040,unknown,,review,unknown,ghidra-12.1.3-initial-inventory
0x004D9120,unknown,,review,unknown,ghidra-12.1.3-initial-inventory
0x004D9210,unknown,,review,unknown,ghidra-12.1.3-initial-inventory
0x004D9420,unknown,,review,unknown,ghidra-12.1.3-initial-inventory
0x004D94E0,unknown,,review,unknown,ghidra-12.1.3-initial-inventory
0x004D95B0,unknown,,review,unknown,ghidra-12.1.3-initial-inventory
0x004D9680,unknown,,review,unknown,ghidra-12.1.3-initial-inventory
0x004D9710,unknown,,review,unknown,ghidra-12.1.3-initial-inventory
0x004D9760,unknown,,review,unknown,ghidra-12.1.3-initial-inventory
0x004D97F0,unknown,,review,unknown,ghidra-12.1.3-initial-inventory
0x004D9900,unknown,,review,unknown,ghidra-12.1.3-initial-inventory
0x004D9920,unknown,,review,unknown,ghidra-12.1.3-initial-inventory
0x004D9940,unknown,GameRandomStream,review,pending,"EXACT-052: Shared FunctionChainNode construction/access, real recursive-mutex registry and locked GameRandom seed/next protocol. Complete native boundaries, callers, mutex/engine dependencies and independent relocation anchors audited. Full cold strict replay 372 units/67 objects/58232 disjoint bytes; owned C++20/UBSan recursion, cross-thread locking and seeded stream checks pass. Origin remains unknown; controller dispatch, iterator initialization policy and production global/thread lifetime stay pending. See docs/EXACT_LOCK_RANDOM_RECONSTRUCTION.md."
0x004D99D0,unknown,,review,unknown,ghidra-12.1.3-initial-inventory
0x004D9A70,unknown,,review,unknown,ghidra-12.1.3-initial-inventory
0x004D9B50,unknown,,review,unknown,ghidra-12.1.3-initial-inventory
0x004D9BC0,unknown,,review,unknown,ghidra-12.1.3-initial-inventory
0x004D9C10,unknown,,review,unknown,ghidra-12.1.3-initial-inventory
0x004D9C40,unknown,,review,unknown,ghidra-12.1.3-initial-inventory
0x004D9DB0,unknown,,review,unknown,ghidra-12.1.3-initial-inventory
0x004D9E00,unknown,,review,unknown,ghidra-12.1.3-initial-inventory
0x004D9E30,unknown,,review,unknown,ghidra-12.1.3-initial-inventory
0x004D9E70,unknown,,review,unknown,ghidra-12.1.3-initial-inventory
0x004D9EA0,unknown,,review,unknown,ghidra-12.1.3-initial-inventory
0x004D9F60,unknown,,review,unknown,ghidra-12.1.3-initial-inventory
0x004DA120,unknown,,review,unknown,ghidra-12.1.3-initial-inventory
0x004DA1F0,unknown,,review,unknown,ghidra-12.1.3-initial-inventory
0x004DA540,unknown,,review,unknown,ghidra-12.1.3-initial-inventory
0x004DAB40,unknown,,review,unknown,ghidra-12.1.3-initial-inventory
0x004DAB80,unknown,,review,unknown,ghidra-12.1.3-initial-inventory
0x004DABA0,unknown,,review,unknown,ghidra-12.1.3-initial-inventory
0x004DBCE0,unknown,,review,unknown,ghidra-12.1.3-initial-inventory
0x004DBD70,unknown,,review,unknown,ghidra-12.1.3-initial-inventory
0x004DC0F0,unknown,,review,unknown,ghidra-12.1.3-initial-inventory
0x004DC120,unknown,,review,unknown,ghidra-12.1.3-initial-inventory
0x004DC140,unknown,,review,unknown,ghidra-12.1.3-initial-inventory
0x004DC160,unknown,,review,unknown,ghidra-12.1.3-initial-inventory
0x004DC180,unknown,,review,unknown,ghidra-12.1.3-initial-inventory
0x004DC1A0,unknown,,review,unknown,ghidra-12.1.3-initial-inventory
0x004DC1C0,unknown,,review,unknown,ghidra-12.1.3-initial-inventory
0x004DC510,unknown,,review,unknown,ghidra-12.1.3-initial-inventory
0x004DC5F0,unknown,,review,unknown,ghidra-12.1.3-initial-inventory
0x004DC7C0,unknown,,review,unknown,ghidra-12.1.3-initial-inventory
0x004DC8B0,unknown,,review,unknown,ghidra-12.1.3-initial-inventory
0x004DD1C0,unknown,,review,unknown,ghidra-12.1.3-initial-inventory
0x004DD2E0,unknown,,review,unknown,ghidra-12.1.3-initial-inventory
0x004DD400,unknown,,review,unknown,ghidra-12.1.3-initial-inventory
0x004DD490,unknown,,review,unknown,ghidra-12.1.3-initial-inventory
0x004DD600,unknown,,review,unknown,ghidra-12.1.3-initial-inventory
0x004DD730,unknown,,review,unknown,ghidra-12.1.3-initial-inventory
0x004DD820,unknown,,review,unknown,ghidra-12.1.3-initial-inventory
0x004DD840,unknown,,review,unknown,ghidra-12.1.3-initial-inventory
0x004DD8D0,unknown,,review,unknown,ghidra-12.1.3-initial-inventory
0x004DD910,unknown,,review,unknown,ghidra-12.1.3-initial-inventory
0x004DDA10,unknown,,review,unknown,ghidra-12.1.3-initial-inventory
0x004DDA30,unknown,,review,unknown,ghidra-12.1.3-initial-inventory
0x004DDA60,unknown,,review,unknown,ghidra-12.1.3-initial-inventory
0x004DDAC0,unknown,,review,unknown,ghidra-12.1.3-initial-inventory
0x004DDB20,unknown,,review,unknown,ghidra-12.1.3-initial-inventory
0x004DDF80,unknown,,review,unknown,ghidra-12.1.3-initial-inventory
0x004DDFE0,unknown,,review,unknown,ghidra-12.1.3-initial-inventory
0x004DE040,unknown,,review,unknown,ghidra-12.1.3-initial-inventory
0x004DE1F0,unknown,,review,unknown,ghidra-12.1.3-initial-inventory
0x004DE360,unknown,,review,unknown,ghidra-12.1.3-initial-inventory
0x004DE430,unknown,,review,unknown,ghidra-12.1.3-initial-inventory
0x004DE510,unknown,,review,unknown,ghidra-12.1.3-initial-inventory
0x004DE540,unknown,,review,unknown,ghidra-12.1.3-initial-inventory
0x004DE570,unknown,,review,unknown,ghidra-12.1.3-initial-inventory
0x004DE5A0,unknown,,review,unknown,ghidra-12.1.3-initial-inventory
0x004DE5D0,unknown,,review,unknown,ghidra-12.1.3-initial-inventory
0x004DE600,unknown,,review,unknown,ghidra-12.1.3-initial-inventory
0x004DE670,unknown,,review,unknown,ghidra-12.1.3-initial-inventory
0x004DE6E0,unknown,,review,unknown,ghidra-12.1.3-initial-inventory
0x004DE750,unknown,,review,unknown,ghidra-12.1.3-initial-inventory
0x004DE7C0,unknown,,review,unknown,ghidra-12.1.3-initial-inventory
0x004DE830,unknown,,review,unknown,ghidra-12.1.3-initial-inventory
0x004DE890,unknown,,review,unknown,ghidra-12.1.3-initial-inventory
0x004DE8F0,unknown,,review,unknown,ghidra-12.1.3-initial-inventory
0x004DE950,unknown,,review,unknown,ghidra-12.1.3-initial-inventory
0x004DE9B0,unknown,,review,unknown,ghidra-12.1.3-initial-inventory
0x004DEA10,unknown,,review,unknown,ghidra-12.1.3-initial-inventory
0x004DEA60,unknown,,review,unknown,ghidra-12.1.3-initial-inventory
0x004DEB80,unknown,,review,unknown,ghidra-12.1.3-initial-inventory
0x004DEC30,unknown,,review,unknown,ghidra-12.1.3-initial-inventory
0x004DEC50,unknown,,review,unknown,ghidra-12.1.3-initial-inventory
0x004DEC80,unknown,,review,unknown,ghidra-12.1.3-initial-inventory
0x004DECB0,unknown,,review,unknown,ghidra-12.1.3-initial-inventory
0x004DECF0,unknown,,review,unknown,ghidra-12.1.3-initial-inventory
0x004DF670,unknown,,review,unknown,ghidra-12.1.3-initial-inventory
0x004DF6E0,unknown,,review,unknown,ghidra-12.1.3-initial-inventory
0x004DF750,unknown,,review,unknown,ghidra-12.1.3-initial-inventory
0x004DF780,unknown,,review,unknown,ghidra-12.1.3-initial-inventory
0x004DF7B0,unknown,,review,unknown,ghidra-12.1.3-initial-inventory
0x004DF7E0,unknown,,review,unknown,ghidra-12.1.3-initial-inventory
0x004DF810,unknown,,review,unknown,ghidra-12.1.3-initial-inventory
0x004DF840,unknown,,review,unknown,ghidra-12.1.3-initial-inventory
0x004DF8B0,unknown,,review,unknown,ghidra-12.1.3-initial-inventory
0x004DF920,unknown,,review,unknown,ghidra-12.1.3-initial-inventory
0x004DF990,unknown,,review,unknown,ghidra-12.1.3-initial-inventory
0x004DFA00,unknown,,review,unknown,ghidra-12.1.3-initial-inventory
0x004DFA70,unknown,,review,unknown,ghidra-12.1.3-initial-inventory
0x004DFA80,unknown,,review,unknown,ghidra-12.1.3-initial-inventory
0x004DFA90,unknown,,review,unknown,ghidra-12.1.3-initial-inventory
0x004DFAA0,unknown,,review,unknown,ghidra-12.1.3-initial-inventory
0x004DFAB0,unknown,,review,unknown,ghidra-12.1.3-initial-inventory
0x004DFAC0,unknown,,review,unknown,ghidra-12.1.3-initial-inventory
0x004DFAD0,unknown,,review,unknown,ghidra-12.1.3-initial-inventory
0x004DFAF0,unknown,,review,unknown,ghidra-12.1.3-initial-inventory
0x004DFB30,unknown,,review,unknown,ghidra-12.1.3-initial-inventory
0x004DFB90,unknown,,review,unknown,ghidra-12.1.3-initial-inventory
0x004DFC00,unknown,,review,unknown,ghidra-12.1.3-initial-inventory
0x004DFC50,unknown,,review,unknown,ghidra-12.1.3-initial-inventory
0x004DFD20,unknown,,review,unknown,ghidra-12.1.3-initial-inventory
0x004DFDC0,unknown,,review,unknown,ghidra-12.1.3-initial-inventory
0x004DFE00,unknown,,review,unknown,ghidra-12.1.3-initial-inventory
0x004E07B0,unknown,,review,unknown,ghidra-12.1.3-initial-inventory
0x004E0E80,unknown,,review,unknown,ghidra-12.1.3-initial-inventory
0x004E0F40,unknown,,review,unknown,ghidra-12.1.3-initial-inventory
0x004E0F60,unknown,,review,unknown,ghidra-12.1.3-initial-inventory
0x004E0F70,unknown,,review,unknown,ghidra-12.1.3-initial-inventory
0x004E0F80,unknown,,review,unknown,ghidra-12.1.3-initial-inventory
0x004E0FC0,unknown,,review,unknown,ghidra-12.1.3-initial-inventory
0x004E1080,unknown,,review,unknown,ghidra-12.1.3-initial-inventory
0x004E10E0,unknown,,review,unknown,ghidra-12.1.3-initial-inventory
0x004E11A0,unknown,,review,unknown,ghidra-12.1.3-initial-inventory
0x004E1250,unknown,,review,unknown,ghidra-12.1.3-initial-inventory
0x004E1310,unknown,,review,unknown,ghidra-12.1.3-initial-inventory
0x004E1410,unknown,,review,unknown,ghidra-12.1.3-initial-inventory
0x004E14B0,unknown,,review,unknown,ghidra-12.1.3-initial-inventory
0x004E1510,unknown,,review,unknown,ghidra-12.1.3-initial-inventory
0x004E1570,unknown,,review,unknown,ghidra-12.1.3-initial-inventory
0x004E15C0,unknown,,review,unknown,ghidra-12.1.3-initial-inventory
0x004E15E0,unknown,,review,unknown,ghidra-12.1.3-initial-inventory
0x004E1680,unknown,,review,unknown,ghidra-12.1.3-initial-inventory
0x004E1710,unknown,,review,unknown,ghidra-12.1.3-initial-inventory
0x004E17C0,unknown,,review,unknown,ghidra-12.1.3-initial-inventory
0x004E1850,unknown,,review,unknown,ghidra-12.1.3-initial-inventory
0x004E18C0,unknown,,review,unknown,ghidra-12.1.3-initial-inventory
0x004E1AB0,unknown,,review,unknown,ghidra-12.1.3-initial-inventory
0x004E1B30,unknown,,review,unknown,ghidra-12.1.3-initial-inventory
0x004E1BA0,unknown,,review,unknown,ghidra-12.1.3-initial-inventory
0x004E1C30,unknown,,review,unknown,ghidra-12.1.3-initial-inventory
0x004E1CB0,unknown,PauseFlags,review,pending,REF-024: complete40-byte four-byte native Pause flag constructor; mode low2/practice bit2 cleared separately and upper29 retained. Independent Pause construction/consumers establish real value owner. Original type/method spelling and authored/compiler/shared origin pending; no authored credit. Full cold relocation replay and independent portable resource/state checks pass. See docs/REFERENCE_FUNCTION_REVIEW.md.
0x004E1CE0,unknown,,review,unknown,ghidra-12.1.3-initial-inventory
0x004E1E90,unknown,,review,unknown,ghidra-12.1.3-initial-inventory
0x004E1F70,unknown,,review,unknown,ghidra-12.1.3-initial-inventory
0x004E1FD0,unknown,,review,unknown,ghidra-12.1.3-initial-inventory
0x004E2000,unknown,,review,unknown,ghidra-12.1.3-initial-inventory
0x004E2020,unknown,,review,unknown,ghidra-12.1.3-initial-inventory
0x004E2040,unknown,,review,unknown,ghidra-12.1.3-initial-inventory
0x004E2080,unknown,,review,unknown,ghidra-12.1.3-initial-inventory
0x004E20D0,unknown,,review,unknown,ghidra-12.1.3-initial-inventory
0x004E2260,unknown,,review,unknown,ghidra-12.1.3-initial-inventory
0x004E4D50,unknown,,review,unknown,ghidra-12.1.3-initial-inventory
0x004E5020,unknown,,review,unknown,ghidra-12.1.3-initial-inventory
0x004E5240,unknown,,review,unknown,ghidra-12.1.3-initial-inventory
0x004E5390,unknown,,review,unknown,ghidra-12.1.3-initial-inventory
0x004E54C0,unknown,,review,unknown,ghidra-12.1.3-initial-inventory
0x004E5620,unknown,,review,unknown,ghidra-12.1.3-initial-inventory
0x004E58A0,unknown,,review,unknown,ghidra-12.1.3-initial-inventory
0x004E58F0,unknown,,review,unknown,ghidra-12.1.3-initial-inventory
0x004E5980,unknown,,review,unknown,ghidra-12.1.3-initial-inventory
0x004E59E0,unknown,,review,unknown,ghidra-12.1.3-initial-inventory
0x004E5BD0,unknown,,review,unknown,ghidra-12.1.3-initial-inventory
0x004E5D60,unknown,,review,unknown,ghidra-12.1.3-initial-inventory
0x004E5F30,unknown,,review,unknown,ghidra-12.1.3-initial-inventory
0x004E60A0,unknown,,review,unknown,ghidra-12.1.3-initial-inventory
0x004E60C0,unknown,,review,unknown,ghidra-12.1.3-initial-inventory
0x004E6230,unknown,,review,unknown,ghidra-12.1.3-initial-inventory
0x004E6250,unknown,,review,unknown,ghidra-12.1.3-initial-inventory
0x004E6450,unknown,,review,unknown,ghidra-12.1.3-initial-inventory
0x004E64A0,unknown,,review,unknown,ghidra-12.1.3-initial-inventory
0x004E64C0,unknown,,review,unknown,ghidra-12.1.3-initial-inventory
0x004E6520,unknown,,review,unknown,ghidra-12.1.3-initial-inventory
0x004E6530,unknown,,review,unknown,ghidra-12.1.3-initial-inventory
0x004E6600,unknown,,review,unknown,ghidra-12.1.3-initial-inventory
0x004E66A0,unknown,,review,unknown,ghidra-12.1.3-initial-inventory
0x004E66B0,unknown,,review,unknown,ghidra-12.1.3-initial-inventory
0x004E66D0,unknown,,review,unknown,ghidra-12.1.3-initial-inventory
0x004E66F0,unknown,,review,unknown,ghidra-12.1.3-initial-inventory
0x004E6710,unknown,,review,unknown,ghidra-12.1.3-initial-inventory
0x004E6740,unknown,,review,unknown,ghidra-12.1.3-initial-inventory
0x004E6770,unknown,,review,unknown,ghidra-12.1.3-initial-inventory
0x004E6790,unknown,,review,unknown,ghidra-12.1.3-initial-inventory
0x004E67B0,unknown,,review,unknown,ghidra-12.1.3-initial-inventory
0x004E67E0,unknown,,review,unknown,ghidra-12.1.3-initial-inventory
0x004E68A0,unknown,,review,unknown,ghidra-12.1.3-initial-inventory
0x004E68C0,unknown,,review,unknown,ghidra-12.1.3-initial-inventory
0x004E6900,unknown,,review,unknown,ghidra-12.1.3-initial-inventory
0x004E6920,unknown,,review,unknown,ghidra-12.1.3-initial-inventory
0x004E6940,unknown,,review,unknown,ghidra-12.1.3-initial-inventory
0x004E6960,unknown,,review,unknown,ghidra-12.1.3-initial-inventory
0x004E6980,unknown,,review,unknown,ghidra-12.1.3-initial-inventory
0x004E69A0,unknown,,review,unknown,ghidra-12.1.3-initial-inventory
0x004E69D0,unknown,,review,unknown,ghidra-12.1.3-initial-inventory
0x004E69F0,unknown,,review,unknown,ghidra-12.1.3-initial-inventory
0x004E6A20,unknown,,review,unknown,ghidra-12.1.3-initial-inventory
0x004E6A40,unknown,,review,unknown,ghidra-12.1.3-initial-inventory
0x004E6A70,unknown,,review,unknown,ghidra-12.1.3-initial-inventory
0x004E6A90,unknown,,review,unknown,ghidra-12.1.3-initial-inventory
0x004E6AF0,unknown,,review,unknown,ghidra-12.1.3-initial-inventory
0x004E6B10,unknown,,review,unknown,ghidra-12.1.3-initial-inventory
0x004E6B30,unknown,,review,unknown,ghidra-12.1.3-initial-inventory
0x004E6B80,unknown,,review,unknown,ghidra-12.1.3-initial-inventory
0x004E6BD0,unknown,,review,unknown,ghidra-12.1.3-initial-inventory
0x004E6C00,unknown,,review,unknown,ghidra-12.1.3-initial-inventory
0x004E6C30,unknown,,review,unknown,ghidra-12.1.3-initial-inventory
0x004E6C50,unknown,,review,unknown,ghidra-12.1.3-initial-inventory
0x004E6C70,unknown,,review,unknown,ghidra-12.1.3-initial-inventory
0x004E6C90,unknown,,review,unknown,ghidra-12.1.3-initial-inventory
0x004E6CB0,unknown,,review,unknown,ghidra-12.1.3-initial-inventory
0x004E6DC0,unknown,,review,unknown,ghidra-12.1.3-initial-inventory
0x004E6E10,unknown,,review,unknown,ghidra-12.1.3-initial-inventory
0x004E6F00,unknown,,review,unknown,ghidra-12.1.3-initial-inventory
0x004E6F30,unknown,,review,unknown,ghidra-12.1.3-initial-inventory
0x004E6F40,unknown,,review,unknown,ghidra-12.1.3-initial-inventory
0x004E6F50,unknown,,review,unknown,ghidra-12.1.3-initial-inventory
0x004E7000,unknown,,review,unknown,ghidra-12.1.3-initial-inventory
0x004E7080,unknown,,review,unknown,ghidra-12.1.3-initial-inventory
0x004E70B0,unknown,,review,unknown,ghidra-12.1.3-initial-inventory
0x004E70D0,unknown,,review,unknown,ghidra-12.1.3-initial-inventory
0x004E70F0,unknown,,review,unknown,ghidra-12.1.3-initial-inventory
0x004E7170,unknown,,review,unknown,ghidra-12.1.3-initial-inventory
0x004E71A0,unknown,,review,unknown,ghidra-12.1.3-initial-inventory
0x004E71B0,unknown,,review,unknown,ghidra-12.1.3-initial-inventory
0x004E7230,unknown,,review,unknown,ghidra-12.1.3-initial-inventory
0x004E7270,unknown,,review,unknown,ghidra-12.1.3-initial-inventory
0x004E72F0,unknown,,review,unknown,ghidra-12.1.3-initial-inventory
0x004E7330,unknown,,review,unknown,ghidra-12.1.3-initial-inventory
0x004E73B0,unknown,,review,unknown,ghidra-12.1.3-initial-inventory
0x004E74E0,unknown,,review,unknown,ghidra-12.1.3-initial-inventory
0x004E7560,unknown,,review,unknown,ghidra-12.1.3-initial-inventory
0x004E7590,unknown,,review,unknown,ghidra-12.1.3-initial-inventory
0x004E7610,unknown,,review,unknown,ghidra-12.1.3-initial-inventory
0x004E7640,unknown,,review,unknown,ghidra-12.1.3-initial-inventory
0x004E76C0,unknown,,review,unknown,ghidra-12.1.3-initial-inventory
0x004E76F0,unknown,,review,unknown,ghidra-12.1.3-initial-inventory
0x004E7770,unknown,,review,unknown,ghidra-12.1.3-initial-inventory
0x004E77B0,unknown,,review,unknown,ghidra-12.1.3-initial-inventory
0x004E7830,unknown,,review,unknown,ghidra-12.1.3-initial-inventory
0x004E7870,unknown,,review,unknown,ghidra-12.1.3-initial-inventory
0x004E78A0,unknown,,review,unknown,ghidra-12.1.3-initial-inventory
0x004E78D0,unknown,,review,unknown,ghidra-12.1.3-initial-inventory
0x004E7950,unknown,,review,unknown,ghidra-12.1.3-initial-inventory
0x004E7990,unknown,,review,unknown,ghidra-12.1.3-initial-inventory
0x004E79A0,unknown,,review,unknown,ghidra-12.1.3-initial-inventory
0x004E7A90,unknown,,review,unknown,ghidra-12.1.3-initial-inventory
0x004E7AC0,unknown,,review,unknown,ghidra-12.1.3-initial-inventory
0x004E7AE0,unknown,,review,unknown,ghidra-12.1.3-initial-inventory
0x004E7B00,unknown,,review,unknown,ghidra-12.1.3-initial-inventory
0x004E7B70,unknown,,review,unknown,ghidra-12.1.3-initial-inventory
0x004E7BE0,unknown,,review,unknown,ghidra-12.1.3-initial-inventory
0x004E7C40,unknown,,review,unknown,ghidra-12.1.3-initial-inventory
0x004E7E40,unknown,,review,unknown,ghidra-12.1.3-initial-inventory
0x004E80A0,unknown,,review,unknown,ghidra-12.1.3-initial-inventory
0x004E8390,unknown,,review,unknown,ghidra-12.1.3-initial-inventory
0x004E8550,unknown,,review,unknown,ghidra-12.1.3-initial-inventory
0x004E8770,unknown,,review,unknown,ghidra-12.1.3-initial-inventory
0x004E8820,unknown,,review,unknown,ghidra-12.1.3-initial-inventory
0x004E8D20,unknown,,review,unknown,ghidra-12.1.3-initial-inventory
0x004E9080,unknown,,review,unknown,ghidra-12.1.3-initial-inventory
0x004E92A0,unknown,,review,unknown,ghidra-12.1.3-initial-inventory
0x004E9500,unknown,,review,unknown,ghidra-12.1.3-initial-inventory
0x004E9580,unknown,,review,unknown,ghidra-12.1.3-initial-inventory
0x004E9600,unknown,,review,unknown,ghidra-12.1.3-initial-inventory
0x004E96A0,unknown,,review,unknown,ghidra-12.1.3-initial-inventory
0x004E96D0,unknown,,review,unknown,ghidra-12.1.3-initial-inventory
0x004E9710,unknown,,review,unknown,ghidra-12.1.3-initial-inventory
0x004E9810,unknown,,review,unknown,ghidra-12.1.3-initial-inventory
0x004E9880,unknown,,review,unknown,ghidra-12.1.3-initial-inventory
0x004E98F0,unknown,,review,unknown,ghidra-12.1.3-initial-inventory
0x004E99B0,unknown,,review,unknown,ghidra-12.1.3-initial-inventory
0x004E9AE0,unknown,,review,unknown,ghidra-12.1.3-initial-inventory
0x004E9AF0,unknown,,review,unknown,ghidra-12.1.3-initial-inventory
0x004E9B30,unknown,,review,unknown,ghidra-12.1.3-initial-inventory
0x004E9C20,unknown,,review,unknown,ghidra-12.1.3-initial-inventory
0x004E9C70,unknown,,review,unknown,ghidra-12.1.3-initial-inventory
0x004E9F60,unknown,,review,unknown,ghidra-12.1.3-initial-inventory
0x004E9FE0,unknown,,review,unknown,ghidra-12.1.3-initial-inventory
0x004EA070,unknown,,review,unknown,ghidra-12.1.3-initial-inventory
0x004EA0F0,unknown,,review,unknown,ghidra-12.1.3-initial-inventory
0x004EA180,unknown,,review,unknown,ghidra-12.1.3-initial-inventory
0x004EA270,unknown,,review,unknown,ghidra-12.1.3-initial-inventory
0x004EAC00,unknown,,review,unknown,ghidra-12.1.3-initial-inventory
0x004EACF0,unknown,,review,unknown,ghidra-12.1.3-initial-inventory
0x004EB690,unknown,,review,unknown,ghidra-12.1.3-initial-inventory
0x004EC030,unknown,,review,unknown,ghidra-12.1.3-initial-inventory
0x004EC0C0,unknown,,review,unknown,ghidra-12.1.3-initial-inventory
0x004EC160,unknown,,review,unknown,ghidra-12.1.3-initial-inventory
0x004EC1F0,unknown,,review,unknown,ghidra-12.1.3-initial-inventory
0x004EC290,unknown,,review,unknown,ghidra-12.1.3-initial-inventory
0x004EC380,unknown,,review,unknown,ghidra-12.1.3-initial-inventory
0x004EC3E0,unknown,,review,unknown,ghidra-12.1.3-initial-inventory
0x004EC420,unknown,,review,unknown,ghidra-12.1.3-initial-inventory
0x004EC490,unknown,,review,unknown,ghidra-12.1.3-initial-inventory
0x004EC500,unknown,,review,unknown,ghidra-12.1.3-initial-inventory
0x004EC530,unknown,,review,unknown,ghidra-12.1.3-initial-inventory
0x004EC5A0,unknown,,review,unknown,ghidra-12.1.3-initial-inventory
0x004EC6C0,unknown,,review,unknown,ghidra-12.1.3-initial-inventory
0x004EC7E0,unknown,,review,unknown,ghidra-12.1.3-initial-inventory
0x004EC900,unknown,,review,unknown,ghidra-12.1.3-initial-inventory
0x004EC930,unknown,,review,unknown,ghidra-12.1.3-initial-inventory
0x004EC950,unknown,,review,unknown,ghidra-12.1.3-initial-inventory
0x004EC970,unknown,,review,unknown,ghidra-12.1.3-initial-inventory
0x004EC990,unknown,,review,unknown,ghidra-12.1.3-initial-inventory
0x004EC9C0,unknown,,review,unknown,ghidra-12.1.3-initial-inventory
0x004EC9F0,unknown,,review,unknown,ghidra-12.1.3-initial-inventory
0x004ECA10,unknown,,review,unknown,ghidra-12.1.3-initial-inventory
0x004ECA30,unknown,,review,unknown,ghidra-12.1.3-initial-inventory
0x004ECA40,unknown,,review,unknown,ghidra-12.1.3-initial-inventory
0x004ECA60,unknown,,review,unknown,ghidra-12.1.3-initial-inventory
0x004ECA80,unknown,,review,unknown,ghidra-12.1.3-initial-inventory
0x004ECAA0,unknown,,review,unknown,ghidra-12.1.3-initial-inventory
0x004ECAC0,unknown,,review,unknown,ghidra-12.1.3-initial-inventory
0x004ECAE0,unknown,,review,unknown,ghidra-12.1.3-initial-inventory
0x004ECB10,unknown,,review,unknown,ghidra-12.1.3-initial-inventory
0x004ECB50,unknown,,review,unknown,ghidra-12.1.3-initial-inventory
0x004ECB80,unknown,,review,unknown,ghidra-12.1.3-initial-inventory
0x004ECBE0,unknown,,review,unknown,ghidra-12.1.3-initial-inventory
0x004ECC20,unknown,,review,unknown,ghidra-12.1.3-initial-inventory
0x004ECC70,unknown,,review,unknown,ghidra-12.1.3-initial-inventory
0x004ECF30,unknown,,review,unknown,ghidra-12.1.3-initial-inventory
0x004ED320,unknown,,review,unknown,ghidra-12.1.3-initial-inventory
0x004ED5A0,unknown,,review,unknown,ghidra-12.1.3-initial-inventory
0x004ED5B0,unknown,,review,unknown,ghidra-12.1.3-initial-inventory
0x004ED630,unknown,,review,unknown,ghidra-12.1.3-initial-inventory
0x004ED640,unknown,,review,unknown,ghidra-12.1.3-initial-inventory
0x004ED740,unknown,,review,unknown,ghidra-12.1.3-initial-inventory
0x004ED760,unknown,,review,unknown,ghidra-12.1.3-initial-inventory
0x004ED790,unknown,,review,unknown,ghidra-12.1.3-initial-inventory
0x004ED7E0,unknown,,review,unknown,ghidra-12.1.3-initial-inventory
0x004ED810,unknown,,review,unknown,ghidra-12.1.3-initial-inventory
0x004ED870,unknown,,review,unknown,ghidra-12.1.3-initial-inventory
0x004ED8C0,unknown,,review,unknown,ghidra-12.1.3-initial-inventory
0x004ED910,unknown,,review,unknown,ghidra-12.1.3-initial-inventory
0x004EDBD0,unknown,,review,unknown,ghidra-12.1.3-initial-inventory
0x004EDCD0,unknown,,review,unknown,ghidra-12.1.3-initial-inventory
0x004EDDB0,unknown,,review,unknown,ghidra-12.1.3-initial-inventory
0x004EDE90,unknown,,review,unknown,ghidra-12.1.3-initial-inventory
0x004EDF70,unknown,,review,unknown,ghidra-12.1.3-initial-inventory
0x004EE130,unknown,,review,unknown,ghidra-12.1.3-initial-inventory
0x004EE230,unknown,,review,unknown,ghidra-12.1.3-initial-inventory
0x004EE280,unknown,,review,unknown,ghidra-12.1.3-initial-inventory
0x004EE310,unknown,,review,unknown,ghidra-12.1.3-initial-inventory
0x004EE400,unknown,,review,unknown,ghidra-12.1.3-initial-inventory
0x004EE530,unknown,,review,unknown,ghidra-12.1.3-initial-inventory
0x004EE600,unknown,,review,unknown,ghidra-12.1.3-initial-inventory
0x004EE740,unknown,,review,unknown,ghidra-12.1.3-initial-inventory
0x004EE760,unknown,,review,unknown,ghidra-12.1.3-initial-inventory
0x004EE780,unknown,,review,unknown,ghidra-12.1.3-initial-inventory
0x004EE7B0,unknown,,review,unknown,ghidra-12.1.3-initial-inventory
0x004EE840,unknown,,review,unknown,ghidra-12.1.3-initial-inventory
0x004EE850,unknown,,review,unknown,ghidra-12.1.3-initial-inventory
0x004EE870,unknown,,review,unknown,ghidra-12.1.3-initial-inventory
0x004EEC20,unknown,,review,unknown,ghidra-12.1.3-initial-inventory
0x004EEFD0,unknown,,review,unknown,ghidra-12.1.3-initial-inventory
0x004EF250,unknown,,review,unknown,ghidra-12.1.3-initial-inventory
0x004EF4D0,unknown,,review,unknown,ghidra-12.1.3-initial-inventory
0x004EF520,unknown,,review,unknown,ghidra-12.1.3-initial-inventory
0x004EF680,unknown,,review,unknown,ghidra-12.1.3-initial-inventory
0x004EF7E0,unknown,,review,unknown,ghidra-12.1.3-initial-inventory
0x004EF940,unknown,,review,unknown,ghidra-12.1.3-initial-inventory
0x004EFAA0,unknown,,review,unknown,ghidra-12.1.3-initial-inventory
0x004EFC00,unknown,,review,unknown,ghidra-12.1.3-initial-inventory
0x004EFD60,unknown,,review,unknown,ghidra-12.1.3-initial-inventory
0x004EFEC0,unknown,,review,unknown,ghidra-12.1.3-initial-inventory
0x004F0020,unknown,,review,unknown,ghidra-12.1.3-initial-inventory
0x004F0540,unknown,,review,unknown,ghidra-12.1.3-initial-inventory
0x004F0A40,unknown,,review,unknown,ghidra-12.1.3-initial-inventory
0x004F0F40,unknown,,review,unknown,ghidra-12.1.3-initial-inventory
0x004F1480,unknown,,review,unknown,ghidra-12.1.3-initial-inventory
0x004F19C0,unknown,,review,unknown,ghidra-12.1.3-initial-inventory
0x004F1B60,unknown,,review,unknown,ghidra-12.1.3-initial-inventory
0x004F1C10,unknown,,review,unknown,ghidra-12.1.3-initial-inventory
0x004F1E70,unknown,,review,unknown,ghidra-12.1.3-initial-inventory
0x004F2000,unknown,,review,unknown,ghidra-12.1.3-initial-inventory
0x004F2630,unknown,,review,unknown,ghidra-12.1.3-initial-inventory
0x004F3080,unknown,,review,unknown,ghidra-12.1.3-initial-inventory
0x004F30A0,unknown,,review,unknown,ghidra-12.1.3-initial-inventory
0x004F30C0,unknown,,review,unknown,ghidra-12.1.3-initial-inventory
0x004F30F0,unknown,,review,unknown,ghidra-12.1.3-initial-inventory
0x004F31A0,unknown,,review,unknown,ghidra-12.1.3-initial-inventory
0x004F31E0,unknown,,review,unknown,ghidra-12.1.3-initial-inventory
0x004F32B0,unknown,,review,unknown,ghidra-12.1.3-initial-inventory
0x004F3300,unknown,,review,unknown,ghidra-12.1.3-initial-inventory
0x004F3310,unknown,,review,unknown,ghidra-12.1.3-initial-inventory
0x004F3320,unknown,,review,unknown,ghidra-12.1.3-initial-inventory
0x004F3330,unknown,,review,unknown,ghidra-12.1.3-initial-inventory
0x004F3340,unknown,,review,unknown,ghidra-12.1.3-initial-inventory
0x004F3350,unknown,,review,unknown,ghidra-12.1.3-initial-inventory
0x004F33D0,unknown,,review,unknown,ghidra-12.1.3-initial-inventory
0x004F3460,unknown,,review,unknown,ghidra-12.1.3-initial-inventory
0x004F3500,unknown,,review,unknown,ghidra-12.1.3-initial-inventory
0x004F3600,unknown,,review,unknown,ghidra-12.1.3-initial-inventory
0x004F3620,unknown,,review,unknown,ghidra-12.1.3-initial-inventory
0x004F3640,unknown,,review,unknown,ghidra-12.1.3-initial-inventory
0x004F3660,unknown,,review,unknown,ghidra-12.1.3-initial-inventory
0x004F3680,unknown,,review,unknown,ghidra-12.1.3-initial-inventory
0x004F36A0,unknown,,review,unknown,ghidra-12.1.3-initial-inventory
0x004F36C0,unknown,,review,unknown,ghidra-12.1.3-initial-inventory
0x004F36D0,unknown,,review,unknown,ghidra-12.1.3-initial-inventory
0x004F3710,unknown,,review,unknown,ghidra-12.1.3-initial-inventory
0x004F3750,unknown,,review,unknown,ghidra-12.1.3-initial-inventory
0x004F3790,unknown,,review,unknown,ghidra-12.1.3-initial-inventory
0x004F37D0,unknown,,review,unknown,ghidra-12.1.3-initial-inventory
0x004F38B0,unknown,,review,unknown,ghidra-12.1.3-initial-inventory
0x004F38D0,unknown,,review,unknown,ghidra-12.1.3-initial-inventory
0x004F38F0,unknown,,review,unknown,ghidra-12.1.3-initial-inventory
0x004F3910,unknown,,review,unknown,ghidra-12.1.3-initial-inventory
0x004F3A30,unknown,,review,unknown,ghidra-12.1.3-initial-inventory
0x004F3A90,unknown,,review,unknown,ghidra-12.1.3-initial-inventory
0x004F3AF0,unknown,,review,unknown,ghidra-12.1.3-initial-inventory
0x004F3B20,unknown,,review,unknown,ghidra-12.1.3-initial-inventory
0x004F3B50,unknown,,review,unknown,ghidra-12.1.3-initial-inventory
0x004F3B70,unknown,,review,unknown,ghidra-12.1.3-initial-inventory
0x004F3B90,unknown,,review,unknown,ghidra-12.1.3-initial-inventory
0x004F3BE0,unknown,,review,unknown,ghidra-12.1.3-initial-inventory
0x004F3C30,unknown,,review,unknown,ghidra-12.1.3-initial-inventory
0x004F3C60,unknown,,review,unknown,ghidra-12.1.3-initial-inventory
0x004F3D00,unknown,,review,unknown,ghidra-12.1.3-initial-inventory
0x004F3D70,unknown,,review,unknown,ghidra-12.1.3-initial-inventory
0x004F3DE0,unknown,,review,unknown,ghidra-12.1.3-initial-inventory
0x004F3E20,unknown,,review,unknown,ghidra-12.1.3-initial-inventory
0x004F3E40,unknown,,review,unknown,ghidra-12.1.3-initial-inventory
0x004F3E70,unknown,,review,unknown,ghidra-12.1.3-initial-inventory
0x004F3EB0,unknown,,review,unknown,ghidra-12.1.3-initial-inventory
0x004F3F10,unknown,,review,unknown,ghidra-12.1.3-initial-inventory
0x004F3FB0,unknown,,review,unknown,ghidra-12.1.3-initial-inventory
0x004F4010,unknown,,review,unknown,ghidra-12.1.3-initial-inventory
0x004F4050,unknown,,review,unknown,ghidra-12.1.3-initial-inventory
0x004F4080,unknown,,review,unknown,ghidra-12.1.3-initial-inventory
0x004F40A0,unknown,,review,unknown,ghidra-12.1.3-initial-inventory
0x004F40C0,unknown,,review,unknown,ghidra-12.1.3-initial-inventory
0x004F4110,unknown,,review,unknown,ghidra-12.1.3-initial-inventory
0x004F4170,unknown,,review,unknown,ghidra-12.1.3-initial-inventory
0x004F41D0,unknown,PlayerStorage,review,pending,"EXACT-076: Seven whole Player storage construction contributions add1484body/1494comparisonbytes. Frozen575unit/105fresh-object graph replays100616disjointbytes. Actual300-byte Option,92-byte Feedback,32-byte collision bounds,20-byte motion parameters,292-byte Shot and75160-byte ShotController include real typed handles/Timer/Motion/points/vectors, two intrusive lists and256-shot fixed pool. Full nonthrowing Option/pool EH, member call order and native counts/strides are independently checked. Shared DamageHandle/array-loop physical heads add no duplicate credit. O2/UBSan dirty guarded whole storage, all256defaults and full pool/list transfers pass. The actual1485C Player allocation is proven, but untouched+14850 original declaration, ANM/root allocation/destruction/gameplay, both whole readers and41KB opcode root remain open. Raw reference memset/service suffixes are not imported. Authored origins stay pending. See docs/EXACT_PLAYER_STORAGE_RECONSTRUCTION.md."
0x004F4230,unknown,,review,unknown,ghidra-12.1.3-initial-inventory
0x004F4250,unknown,,review,unknown,ghidra-12.1.3-initial-inventory
0x004F4270,unknown,,review,unknown,ghidra-12.1.3-initial-inventory
0x004F4290,unknown,,review,unknown,ghidra-12.1.3-initial-inventory
0x004F42C0,unknown,,review,unknown,ghidra-12.1.3-initial-inventory
0x004F42F0,unknown,,review,unknown,ghidra-12.1.3-initial-inventory
0x004F4320,unknown,,review,unknown,ghidra-12.1.3-initial-inventory
0x004F4340,unknown,,review,unknown,ghidra-12.1.3-initial-inventory
0x004F4360,unknown,,review,unknown,ghidra-12.1.3-initial-inventory
0x004F4390,unknown,,review,unknown,ghidra-12.1.3-initial-inventory
0x004F43C0,unknown,,review,unknown,ghidra-12.1.3-initial-inventory
0x004F43F0,unknown,,review,unknown,ghidra-12.1.3-initial-inventory
0x004F4420,unknown,,review,unknown,ghidra-12.1.3-initial-inventory
0x004F4440,unknown,,review,unknown,ghidra-12.1.3-initial-inventory
0x004F4460,unknown,,review,unknown,ghidra-12.1.3-initial-inventory
0x004F4490,unknown,,review,unknown,ghidra-12.1.3-initial-inventory
0x004F44D0,unknown,,review,unknown,ghidra-12.1.3-initial-inventory
0x004F4510,unknown,,review,unknown,ghidra-12.1.3-initial-inventory
0x004F4580,unknown,PlayerStorage,review,pending,"EXACT-076: Seven whole Player storage construction contributions add1484body/1494comparisonbytes. Frozen575unit/105fresh-object graph replays100616disjointbytes. Actual300-byte Option,92-byte Feedback,32-byte collision bounds,20-byte motion parameters,292-byte Shot and75160-byte ShotController include real typed handles/Timer/Motion/points/vectors, two intrusive lists and256-shot fixed pool. Full nonthrowing Option/pool EH, member call order and native counts/strides are independently checked. Shared DamageHandle/array-loop physical heads add no duplicate credit. O2/UBSan dirty guarded whole storage, all256defaults and full pool/list transfers pass. The actual1485C Player allocation is proven, but untouched+14850 original declaration, ANM/root allocation/destruction/gameplay, both whole readers and41KB opcode root remain open. Raw reference memset/service suffixes are not imported. Authored origins stay pending. See docs/EXACT_PLAYER_STORAGE_RECONSTRUCTION.md."
0x004F4610,unknown,PlayerStorage,review,pending,"EXACT-076: Seven whole Player storage construction contributions add1484body/1494comparisonbytes. Frozen575unit/105fresh-object graph replays100616disjointbytes. Actual300-byte Option,92-byte Feedback,32-byte collision bounds,20-byte motion parameters,292-byte Shot and75160-byte ShotController include real typed handles/Timer/Motion/points/vectors, two intrusive lists and256-shot fixed pool. Full nonthrowing Option/pool EH, member call order and native counts/strides are independently checked. Shared DamageHandle/array-loop physical heads add no duplicate credit. O2/UBSan dirty guarded whole storage, all256defaults and full pool/list transfers pass. The actual1485C Player allocation is proven, but untouched+14850 original declaration, ANM/root allocation/destruction/gameplay, both whole readers and41KB opcode root remain open. Raw reference memset/service suffixes are not imported. Authored origins stay pending. See docs/EXACT_PLAYER_STORAGE_RECONSTRUCTION.md."
0x004F4650,unknown,PlayerStorage,review,pending,"EXACT-076: Seven whole Player storage construction contributions add1484body/1494comparisonbytes. Frozen575unit/105fresh-object graph replays100616disjointbytes. Actual300-byte Option,92-byte Feedback,32-byte collision bounds,20-byte motion parameters,292-byte Shot and75160-byte ShotController include real typed handles/Timer/Motion/points/vectors, two intrusive lists and256-shot fixed pool. Full nonthrowing Option/pool EH, member call order and native counts/strides are independently checked. Shared DamageHandle/array-loop physical heads add no duplicate credit. O2/UBSan dirty guarded whole storage, all256defaults and full pool/list transfers pass. The actual1485C Player allocation is proven, but untouched+14850 original declaration, ANM/root allocation/destruction/gameplay, both whole readers and41KB opcode root remain open. Raw reference memset/service suffixes are not imported. Authored origins stay pending. See docs/EXACT_PLAYER_STORAGE_RECONSTRUCTION.md."
0x004F46A0,unknown,,review,unknown,ghidra-12.1.3-initial-inventory
0x004F49C0,unknown,PlayerStorage,review,pending,"EXACT-076: Seven whole Player storage construction contributions add1484body/1494comparisonbytes. Frozen575unit/105fresh-object graph replays100616disjointbytes. Actual300-byte Option,92-byte Feedback,32-byte collision bounds,20-byte motion parameters,292-byte Shot and75160-byte ShotController include real typed handles/Timer/Motion/points/vectors, two intrusive lists and256-shot fixed pool. Full nonthrowing Option/pool EH, member call order and native counts/strides are independently checked. Shared DamageHandle/array-loop physical heads add no duplicate credit. O2/UBSan dirty guarded whole storage, all256defaults and full pool/list transfers pass. The actual1485C Player allocation is proven, but untouched+14850 original declaration, ANM/root allocation/destruction/gameplay, both whole readers and41KB opcode root remain open. Raw reference memset/service suffixes are not imported. Authored origins stay pending. See docs/EXACT_PLAYER_STORAGE_RECONSTRUCTION.md."
0x004F4B80,unknown,PlayerStorage,review,pending,"EXACT-076: Seven whole Player storage construction contributions add1484body/1494comparisonbytes. Frozen575unit/105fresh-object graph replays100616disjointbytes. Actual300-byte Option,92-byte Feedback,32-byte collision bounds,20-byte motion parameters,292-byte Shot and75160-byte ShotController include real typed handles/Timer/Motion/points/vectors, two intrusive lists and256-shot fixed pool. Full nonthrowing Option/pool EH, member call order and native counts/strides are independently checked. Shared DamageHandle/array-loop physical heads add no duplicate credit. O2/UBSan dirty guarded whole storage, all256defaults and full pool/list transfers pass. The actual1485C Player allocation is proven, but untouched+14850 original declaration, ANM/root allocation/destruction/gameplay, both whole readers and41KB opcode root remain open. Raw reference memset/service suffixes are not imported. Authored origins stay pending. See docs/EXACT_PLAYER_STORAGE_RECONSTRUCTION.md."
0x004F4CB0,unknown,PlayerStorage,review,pending,"EXACT-076: Seven whole Player storage construction contributions add1484body/1494comparisonbytes. Frozen575unit/105fresh-object graph replays100616disjointbytes. Actual300-byte Option,92-byte Feedback,32-byte collision bounds,20-byte motion parameters,292-byte Shot and75160-byte ShotController include real typed handles/Timer/Motion/points/vectors, two intrusive lists and256-shot fixed pool. Full nonthrowing Option/pool EH, member call order and native counts/strides are independently checked. Shared DamageHandle/array-loop physical heads add no duplicate credit. O2/UBSan dirty guarded whole storage, all256defaults and full pool/list transfers pass. The actual1485C Player allocation is proven, but untouched+14850 original declaration, ANM/root allocation/destruction/gameplay, both whole readers and41KB opcode root remain open. Raw reference memset/service suffixes are not imported. Authored origins stay pending. See docs/EXACT_PLAYER_STORAGE_RECONSTRUCTION.md."
0x004F4E50,unknown,,review,unknown,ghidra-12.1.3-initial-inventory
0x004F4E70,unknown,,review,unknown,ghidra-12.1.3-initial-inventory
0x004F4EC0,unknown,,review,unknown,ghidra-12.1.3-initial-inventory
0x004F4EF0,unknown,,review,unknown,ghidra-12.1.3-initial-inventory
0x004F4FD0,unknown,,review,unknown,ghidra-12.1.3-initial-inventory
0x004F5020,unknown,,review,unknown,ghidra-12.1.3-initial-inventory
0x004F5050,unknown,,review,unknown,ghidra-12.1.3-initial-inventory
0x004F5080,unknown,,review,unknown,ghidra-12.1.3-initial-inventory
0x004F50B0,unknown,,review,unknown,ghidra-12.1.3-initial-inventory
0x004F50E0,unknown,,review,unknown,ghidra-12.1.3-initial-inventory
0x004F5110,unknown,,review,unknown,ghidra-12.1.3-initial-inventory
0x004F5140,unknown,,review,unknown,ghidra-12.1.3-initial-inventory
0x004F5190,unknown,,review,unknown,ghidra-12.1.3-initial-inventory
0x004F51C0,unknown,,review,unknown,ghidra-12.1.3-initial-inventory
0x004F5220,unknown,,review,unknown,ghidra-12.1.3-initial-inventory
0x004F5240,unknown,,review,unknown,ghidra-12.1.3-initial-inventory
0x004F5260,unknown,,review,unknown,ghidra-12.1.3-initial-inventory
0x004F5290,unknown,,review,unknown,ghidra-12.1.3-initial-inventory
0x004F52D0,unknown,,review,unknown,ghidra-12.1.3-initial-inventory
0x004F5320,unknown,,review,unknown,ghidra-12.1.3-initial-inventory
0x004F54F0,unknown,,review,unknown,ghidra-12.1.3-initial-inventory
0x004F5510,unknown,,review,unknown,ghidra-12.1.3-initial-inventory
0x004F5540,unknown,,review,unknown,ghidra-12.1.3-initial-inventory
0x004F55E0,unknown,,review,unknown,ghidra-12.1.3-initial-inventory
0x004F5600,unknown,,review,unknown,ghidra-12.1.3-initial-inventory
0x004F5650,unknown,,review,unknown,ghidra-12.1.3-initial-inventory
0x004F5690,unknown,,review,unknown,ghidra-12.1.3-initial-inventory
0x004F56C0,unknown,,review,unknown,ghidra-12.1.3-initial-inventory
0x004F5700,unknown,,review,unknown,ghidra-12.1.3-initial-inventory
0x004F5740,unknown,,review,unknown,ghidra-12.1.3-initial-inventory
0x004F5770,unknown,,review,unknown,ghidra-12.1.3-initial-inventory
0x004F5790,unknown,,review,unknown,ghidra-12.1.3-initial-inventory
0x004F57C0,unknown,,review,unknown,ghidra-12.1.3-initial-inventory
0x004F57F0,unknown,,review,unknown,ghidra-12.1.3-initial-inventory
0x004F5810,unknown,,review,unknown,ghidra-12.1.3-initial-inventory
0x004F5870,unknown,,review,unknown,ghidra-12.1.3-initial-inventory
0x004F5890,unknown,,review,unknown,ghidra-12.1.3-initial-inventory
0x004F58C0,unknown,,review,unknown,ghidra-12.1.3-initial-inventory
0x004F58F0,unknown,Rectangle,review,pending,"REF-030: complete natural shared value/math/member; native complete flow, typed producers/consumers and independent callee/PE literal anchors audited.144-unit/38-object cold canonical replay and C++20/UBSan checks pass. Original names and authored/compiler/shared origins pending. Related884-body reference review remains ongoing; see docs/REFERENCE_PLAYER_BOMB_ITEM_REVIEW.md."
0x004F5920,unknown,,review,unknown,ghidra-12.1.3-initial-inventory
0x004F5950,unknown,,review,unknown,ghidra-12.1.3-initial-inventory
0x004F5A00,unknown,,review,unknown,ghidra-12.1.3-initial-inventory
0x004F5B10,unknown,,review,unknown,ghidra-12.1.3-initial-inventory
0x004F5B90,unknown,,review,unknown,ghidra-12.1.3-initial-inventory
0x004F5FC0,unknown,,review,unknown,ghidra-12.1.3-initial-inventory
0x004F5FE0,unknown,,review,unknown,ghidra-12.1.3-initial-inventory
0x004F6300,unknown,,review,unknown,ghidra-12.1.3-initial-inventory
0x004F6610,unknown,,review,unknown,ghidra-12.1.3-initial-inventory
0x004F6920,unknown,,review,unknown,ghidra-12.1.3-initial-inventory
0x004F6C40,unknown,,review,unknown,ghidra-12.1.3-initial-inventory
0x004F6F60,unknown,,review,unknown,ghidra-12.1.3-initial-inventory
0x004F6FA0,unknown,,review,unknown,ghidra-12.1.3-initial-inventory
0x004F6FE0,unknown,,review,unknown,ghidra-12.1.3-initial-inventory
0x004F7090,unknown,,review,unknown,ghidra-12.1.3-initial-inventory
0x004F70D0,unknown,,review,unknown,ghidra-12.1.3-initial-inventory
0x004F70F0,unknown,,review,unknown,ghidra-12.1.3-initial-inventory
0x004F7140,unknown,,review,unknown,ghidra-12.1.3-initial-inventory
0x004F7170,unknown,,review,unknown,ghidra-12.1.3-initial-inventory
0x004F71B0,unknown,,review,unknown,ghidra-12.1.3-initial-inventory
0x004F71E0,unknown,,review,unknown,ghidra-12.1.3-initial-inventory
0x004F7210,unknown,,review,unknown,ghidra-12.1.3-initial-inventory
0x004F7430,unknown,,review,unknown,ghidra-12.1.3-initial-inventory
0x004F8420,unknown,,review,unknown,ghidra-12.1.3-initial-inventory
0x004F86C0,unknown,,review,unknown,ghidra-12.1.3-initial-inventory
0x004F86F0,unknown,,review,unknown,ghidra-12.1.3-initial-inventory
0x004F8840,unknown,,review,unknown,ghidra-12.1.3-initial-inventory
0x004F8AF0,unknown,,review,unknown,ghidra-12.1.3-initial-inventory
0x004F8B90,unknown,,review,unknown,ghidra-12.1.3-initial-inventory
0x004F8CE0,unknown,,review,unknown,ghidra-12.1.3-initial-inventory
0x004F8FF0,unknown,,review,unknown,ghidra-12.1.3-initial-inventory
0x004F91D0,unknown,,review,unknown,ghidra-12.1.3-initial-inventory
0x004F9470,unknown,,review,unknown,ghidra-12.1.3-initial-inventory
0x004F9520,unknown,,review,unknown,ghidra-12.1.3-initial-inventory
0x004F9B80,unknown,,review,unknown,ghidra-12.1.3-initial-inventory
0x004F9C30,unknown,,review,unknown,ghidra-12.1.3-initial-inventory
0x004FA860,unknown,,review,unknown,ghidra-12.1.3-initial-inventory
0x004FACA0,unknown,,review,unknown,ghidra-12.1.3-initial-inventory
0x004FB290,unknown,,review,unknown,ghidra-12.1.3-initial-inventory
0x004FB340,unknown,,review,unknown,ghidra-12.1.3-initial-inventory
0x004FB3A0,unknown,,review,unknown,ghidra-12.1.3-initial-inventory
0x004FB420,unknown,,review,unknown,ghidra-12.1.3-initial-inventory
0x004FB450,unknown,,review,unknown,ghidra-12.1.3-initial-inventory
0x004FB820,unknown,,review,unknown,ghidra-12.1.3-initial-inventory
0x004FB8C0,unknown,,review,unknown,ghidra-12.1.3-initial-inventory
0x004FB900,unknown,,review,unknown,ghidra-12.1.3-initial-inventory
0x004FB940,unknown,,review,unknown,ghidra-12.1.3-initial-inventory
0x004FB980,unknown,,review,unknown,ghidra-12.1.3-initial-inventory
0x004FB9A0,unknown,,review,unknown,ghidra-12.1.3-initial-inventory
0x004FB9C0,unknown,,review,unknown,ghidra-12.1.3-initial-inventory
0x004FBA80,unknown,,review,unknown,ghidra-12.1.3-initial-inventory
0x004FBD80,unknown,,review,unknown,ghidra-12.1.3-initial-inventory
0x004FBDB0,unknown,,review,unknown,ghidra-12.1.3-initial-inventory
0x004FBE30,unknown,,review,unknown,ghidra-12.1.3-initial-inventory
0x004FBEB0,unknown,,review,unknown,ghidra-12.1.3-initial-inventory
0x004FBF20,unknown,,review,unknown,ghidra-12.1.3-initial-inventory
0x004FBF70,unknown,,review,unknown,ghidra-12.1.3-initial-inventory
0x004FBFB0,unknown,,review,unknown,ghidra-12.1.3-initial-inventory
0x004FBFF0,unknown,,review,unknown,ghidra-12.1.3-initial-inventory
0x004FC010,unknown,,review,unknown,ghidra-12.1.3-initial-inventory
0x004FC030,unknown,,review,unknown,ghidra-12.1.3-initial-inventory
0x004FC130,unknown,,review,unknown,ghidra-12.1.3-initial-inventory
0x004FC160,unknown,,review,unknown,ghidra-12.1.3-initial-inventory
0x004FC1E0,unknown,,review,unknown,ghidra-12.1.3-initial-inventory
0x004FC1F0,unknown,,review,unknown,ghidra-12.1.3-initial-inventory
0x004FC200,unknown,,review,unknown,ghidra-12.1.3-initial-inventory
0x004FC210,unknown,,review,unknown,ghidra-12.1.3-initial-inventory
0x004FC260,unknown,,review,unknown,ghidra-12.1.3-initial-inventory
0x004FC290,unknown,,review,unknown,ghidra-12.1.3-initial-inventory
0x004FC420,unknown,,review,unknown,ghidra-12.1.3-initial-inventory
0x004FC450,unknown,,review,unknown,ghidra-12.1.3-initial-inventory
0x004FC480,unknown,,review,unknown,ghidra-12.1.3-initial-inventory
0x004FC4B0,unknown,,review,unknown,ghidra-12.1.3-initial-inventory
0x004FC4D0,unknown,,review,unknown,ghidra-12.1.3-initial-inventory
0x004FC4F0,unknown,,review,unknown,ghidra-12.1.3-initial-inventory
0x004FC520,unknown,,review,unknown,ghidra-12.1.3-initial-inventory
0x004FC550,unknown,,review,unknown,ghidra-12.1.3-initial-inventory
0x004FC5F0,unknown,,review,unknown,ghidra-12.1.3-initial-inventory
0x004FC800,unknown,,review,unknown,ghidra-12.1.3-initial-inventory
0x004FC830,unknown,,review,unknown,ghidra-12.1.3-initial-inventory
0x004FC850,unknown,,review,unknown,ghidra-12.1.3-initial-inventory
0x004FC870,unknown,,review,unknown,ghidra-12.1.3-initial-inventory
0x004FC890,unknown,,review,unknown,ghidra-12.1.3-initial-inventory
0x004FC8C0,unknown,,review,unknown,ghidra-12.1.3-initial-inventory
0x004FC8F0,unknown,,review,unknown,ghidra-12.1.3-initial-inventory
0x004FC920,unknown,,review,unknown,ghidra-12.1.3-initial-inventory
0x004FC950,unknown,,review,unknown,ghidra-12.1.3-initial-inventory
0x004FC970,unknown,,review,unknown,ghidra-12.1.3-initial-inventory
0x004FCAF0,unknown,,review,unknown,ghidra-12.1.3-initial-inventory
0x004FCB20,unknown,,review,unknown,ghidra-12.1.3-initial-inventory
0x004FCB40,unknown,,review,unknown,ghidra-12.1.3-initial-inventory
0x004FCBA0,unknown,,review,unknown,ghidra-12.1.3-initial-inventory
0x004FCBC0,unknown,,review,unknown,ghidra-12.1.3-initial-inventory
0x004FCBE0,unknown,,review,unknown,ghidra-12.1.3-initial-inventory
0x004FCC10,unknown,,review,unknown,ghidra-12.1.3-initial-inventory
0x004FCC30,unknown,,review,unknown,ghidra-12.1.3-initial-inventory
0x004FCC60,unknown,,review,unknown,ghidra-12.1.3-initial-inventory
0x004FCC90,unknown,,review,unknown,ghidra-12.1.3-initial-inventory
0x004FCCD0,unknown,,review,unknown,ghidra-12.1.3-initial-inventory
0x004FCCF0,unknown,,review,unknown,ghidra-12.1.3-initial-inventory
0x004FCD20,unknown,,review,unknown,ghidra-12.1.3-initial-inventory
0x004FCD50,unknown,,review,unknown,ghidra-12.1.3-initial-inventory
0x004FCD80,unknown,,review,unknown,ghidra-12.1.3-initial-inventory
0x004FCDC0,unknown,,review,unknown,ghidra-12.1.3-initial-inventory
0x004FCDF0,unknown,,review,unknown,ghidra-12.1.3-initial-inventory
0x004FCE20,unknown,,review,unknown,ghidra-12.1.3-initial-inventory
0x004FCE40,unknown,,review,unknown,ghidra-12.1.3-initial-inventory
0x004FCE60,unknown,,review,unknown,ghidra-12.1.3-initial-inventory
0x004FCE80,unknown,,review,unknown,ghidra-12.1.3-initial-inventory
0x004FCEA0,unknown,,review,unknown,ghidra-12.1.3-initial-inventory
0x004FCEC0,unknown,,review,unknown,ghidra-12.1.3-initial-inventory
0x004FCF50,unknown,,review,unknown,ghidra-12.1.3-initial-inventory
0x004FCFA0,unknown,,review,unknown,ghidra-12.1.3-initial-inventory
0x004FD000,unknown,,review,unknown,ghidra-12.1.3-initial-inventory
0x004FD8B0,unknown,,review,unknown,ghidra-12.1.3-initial-inventory
0x004FD950,unknown,,review,unknown,ghidra-12.1.3-initial-inventory
0x004FDAF0,unknown,,review,unknown,ghidra-12.1.3-initial-inventory
0x004FDB20,unknown,,review,unknown,ghidra-12.1.3-initial-inventory
0x004FDB50,unknown,,review,unknown,ghidra-12.1.3-initial-inventory
0x004FDB80,unknown,,review,unknown,ghidra-12.1.3-initial-inventory
0x004FE160,unknown,,review,unknown,ghidra-12.1.3-initial-inventory
0x004FE1A0,unknown,,review,unknown,ghidra-12.1.3-initial-inventory
0x004FE1B0,unknown,,review,unknown,ghidra-12.1.3-initial-inventory
0x004FE1E0,unknown,,review,unknown,ghidra-12.1.3-initial-inventory
0x004FE210,unknown,,review,unknown,ghidra-12.1.3-initial-inventory
0x004FE2C0,unknown,,review,unknown,ghidra-12.1.3-initial-inventory
0x004FE730,unknown,,review,unknown,ghidra-12.1.3-initial-inventory
0x004FE760,unknown,,review,unknown,ghidra-12.1.3-initial-inventory
0x004FE790,unknown,,review,unknown,ghidra-12.1.3-initial-inventory
0x004FE7E0,unknown,,review,unknown,ghidra-12.1.3-initial-inventory
0x004FE800,unknown,,review,unknown,ghidra-12.1.3-initial-inventory
0x004FE850,unknown,,review,unknown,ghidra-12.1.3-initial-inventory
0x004FE870,unknown,,review,unknown,ghidra-12.1.3-initial-inventory
0x004FE8A0,unknown,,review,unknown,ghidra-12.1.3-initial-inventory
0x004FE8D0,unknown,,review,unknown,ghidra-12.1.3-initial-inventory
0x004FE930,unknown,,review,unknown,ghidra-12.1.3-initial-inventory
0x004FE950,unknown,,review,unknown,ghidra-12.1.3-initial-inventory
0x004FE9B0,unknown,,review,unknown,ghidra-12.1.3-initial-inventory
0x004FEA00,unknown,,review,unknown,ghidra-12.1.3-initial-inventory
0x004FEA60,unknown,,review,unknown,ghidra-12.1.3-initial-inventory
0x004FEAB0,unknown,,review,unknown,ghidra-12.1.3-initial-inventory
0x004FEB00,unknown,,review,unknown,ghidra-12.1.3-initial-inventory
0x004FEB60,unknown,,review,unknown,ghidra-12.1.3-initial-inventory
0x004FEB80,unknown,,review,unknown,ghidra-12.1.3-initial-inventory
0x004FEC00,unknown,,review,unknown,ghidra-12.1.3-initial-inventory
0x004FECA0,unknown,,review,unknown,ghidra-12.1.3-initial-inventory
0x004FECD0,unknown,,review,unknown,ghidra-12.1.3-initial-inventory
0x004FED00,unknown,,review,unknown,ghidra-12.1.3-initial-inventory
0x004FED50,unknown,,review,unknown,ghidra-12.1.3-initial-inventory
0x004FED70,unknown,,review,unknown,ghidra-12.1.3-initial-inventory
0x004FEDA0,unknown,,review,unknown,ghidra-12.1.3-initial-inventory
0x004FEDB0,unknown,,review,unknown,ghidra-12.1.3-initial-inventory
0x004FEE00,unknown,,review,unknown,ghidra-12.1.3-initial-inventory
0x004FEE50,unknown,,review,unknown,ghidra-12.1.3-initial-inventory
0x004FEE90,unknown,,review,unknown,ghidra-12.1.3-initial-inventory
0x004FEEB0,unknown,,review,unknown,ghidra-12.1.3-initial-inventory
0x004FEED0,unknown,,review,unknown,ghidra-12.1.3-initial-inventory
0x004FEF10,unknown,,review,unknown,ghidra-12.1.3-initial-inventory
0x004FEF50,unknown,,review,unknown,ghidra-12.1.3-initial-inventory
0x004FEF70,unknown,,review,unknown,ghidra-12.1.3-initial-inventory
0x004FEFB0,unknown,,review,unknown,ghidra-12.1.3-initial-inventory
0x004FEFC0,unknown,,review,unknown,ghidra-12.1.3-initial-inventory
0x004FEFF0,unknown,,review,unknown,ghidra-12.1.3-initial-inventory
0x004FF020,unknown,,review,unknown,ghidra-12.1.3-initial-inventory
0x004FF060,unknown,,review,unknown,ghidra-12.1.3-initial-inventory
0x004FF090,unknown,,review,unknown,ghidra-12.1.3-initial-inventory
0x004FF0B0,unknown,,review,unknown,ghidra-12.1.3-initial-inventory
0x004FF0D0,unknown,,review,unknown,ghidra-12.1.3-initial-inventory
0x004FF350,unknown,,review,unknown,ghidra-12.1.3-initial-inventory
0x004FF3F0,unknown,,review,unknown,ghidra-12.1.3-initial-inventory
0x004FF490,unknown,,review,unknown,ghidra-12.1.3-initial-inventory
0x004FF4E0,unknown,,review,unknown,ghidra-12.1.3-initial-inventory
0x004FF5E0,unknown,,review,unknown,ghidra-12.1.3-initial-inventory
0x004FF610,unknown,,review,unknown,ghidra-12.1.3-initial-inventory
0x004FF630,unknown,,review,unknown,ghidra-12.1.3-initial-inventory
0x004FF670,unknown,,review,unknown,ghidra-12.1.3-initial-inventory
0x004FF690,unknown,,review,unknown,ghidra-12.1.3-initial-inventory
0x004FF6B0,unknown,,review,unknown,ghidra-12.1.3-initial-inventory
0x004FF6D0,unknown,,review,unknown,ghidra-12.1.3-initial-inventory
0x004FF6F0,unknown,,review,unknown,ghidra-12.1.3-initial-inventory
0x004FF710,unknown,,review,unknown,ghidra-12.1.3-initial-inventory
0x004FF760,unknown,,review,unknown,ghidra-12.1.3-initial-inventory
0x004FF7A0,unknown,,review,unknown,ghidra-12.1.3-initial-inventory
0x004FF7E0,unknown,,review,unknown,ghidra-12.1.3-initial-inventory
0x004FF800,unknown,,review,unknown,ghidra-12.1.3-initial-inventory
0x004FF820,unknown,,review,unknown,ghidra-12.1.3-initial-inventory
0x004FF840,unknown,,review,unknown,ghidra-12.1.3-initial-inventory
0x004FF870,unknown,,review,unknown,ghidra-12.1.3-initial-inventory
0x004FF890,unknown,,review,unknown,ghidra-12.1.3-initial-inventory
0x004FF8F0,unknown,,review,unknown,ghidra-12.1.3-initial-inventory
0x004FF9E0,unknown,,review,unknown,ghidra-12.1.3-initial-inventory
0x004FFA10,unknown,,review,unknown,ghidra-12.1.3-initial-inventory
0x004FFC40,unknown,,review,unknown,ghidra-12.1.3-initial-inventory
0x004FFC80,unknown,,review,unknown,ghidra-12.1.3-initial-inventory
0x004FFCB0,unknown,,review,unknown,ghidra-12.1.3-initial-inventory
0x004FFD00,unknown,,review,unknown,ghidra-12.1.3-initial-inventory
0x004FFD20,unknown,,review,unknown,ghidra-12.1.3-initial-inventory
0x004FFD50,unknown,,review,unknown,ghidra-12.1.3-initial-inventory
0x004FFD80,unknown,,review,unknown,ghidra-12.1.3-initial-inventory
0x004FFE10,unknown,,review,unknown,ghidra-12.1.3-initial-inventory
0x004FFE40,unknown,,review,unknown,ghidra-12.1.3-initial-inventory
0x004FFE80,unknown,,review,unknown,ghidra-12.1.3-initial-inventory
0x004FFEC0,unknown,,review,unknown,ghidra-12.1.3-initial-inventory
0x004FFEE0,unknown,,review,unknown,ghidra-12.1.3-initial-inventory
0x004FFF10,unknown,,review,unknown,ghidra-12.1.3-initial-inventory
0x004FFF60,unknown,,review,unknown,ghidra-12.1.3-initial-inventory
0x004FFFA0,unknown,,review,unknown,ghidra-12.1.3-initial-inventory
0x004FFFE0,unknown,,review,unknown,ghidra-12.1.3-initial-inventory
0x004FFFF0,unknown,,review,unknown,ghidra-12.1.3-initial-inventory
0x00500060,unknown,,review,unknown,ghidra-12.1.3-initial-inventory
0x00500080,unknown,,review,unknown,ghidra-12.1.3-initial-inventory
0x005000B0,unknown,,review,unknown,ghidra-12.1.3-initial-inventory
0x005000F0,unknown,,review,unknown,ghidra-12.1.3-initial-inventory
0x00500130,unknown,,review,unknown,ghidra-12.1.3-initial-inventory
0x00500170,unknown,,review,unknown,ghidra-12.1.3-initial-inventory
0x005001B0,unknown,,review,unknown,ghidra-12.1.3-initial-inventory
0x005001F0,unknown,,review,unknown,ghidra-12.1.3-initial-inventory
0x00500230,unknown,,review,unknown,ghidra-12.1.3-initial-inventory
0x00500270,unknown,,review,unknown,ghidra-12.1.3-initial-inventory
0x00500290,unknown,,review,unknown,ghidra-12.1.3-initial-inventory
0x00500380,unknown,,review,unknown,ghidra-12.1.3-initial-inventory
0x005005D0,unknown,,review,unknown,ghidra-12.1.3-initial-inventory
0x00500660,unknown,,review,unknown,ghidra-12.1.3-initial-inventory
0x005006F0,unknown,,review,unknown,ghidra-12.1.3-initial-inventory
0x00500790,unknown,,review,unknown,ghidra-12.1.3-initial-inventory
0x005008C0,unknown,,review,unknown,ghidra-12.1.3-initial-inventory
0x00500950,unknown,,review,unknown,ghidra-12.1.3-initial-inventory
0x005009F0,unknown,,review,unknown,ghidra-12.1.3-initial-inventory
0x00500C50,unknown,,review,unknown,ghidra-12.1.3-initial-inventory
0x00500DD0,unknown,,review,unknown,ghidra-12.1.3-initial-inventory
0x00500EC0,unknown,,review,unknown,ghidra-12.1.3-initial-inventory
0x00500EF0,unknown,,review,unknown,ghidra-12.1.3-initial-inventory
0x00500FE0,unknown,,review,unknown,ghidra-12.1.3-initial-inventory
0x00501040,unknown,,review,unknown,ghidra-12.1.3-initial-inventory
0x005010A0,unknown,,review,unknown,ghidra-12.1.3-initial-inventory
0x00501110,unknown,,review,unknown,ghidra-12.1.3-initial-inventory
0x005011D0,unknown,,review,unknown,ghidra-12.1.3-initial-inventory
0x00501240,unknown,,review,unknown,ghidra-12.1.3-initial-inventory
0x005013B0,unknown,,review,unknown,ghidra-12.1.3-initial-inventory
0x00501580,unknown,,review,unknown,ghidra-12.1.3-initial-inventory
0x005015A0,unknown,,review,unknown,ghidra-12.1.3-initial-inventory
0x00501650,unknown,,review,unknown,ghidra-12.1.3-initial-inventory
0x00501770,unknown,,review,unknown,ghidra-12.1.3-initial-inventory
0x005017C0,unknown,,review,unknown,ghidra-12.1.3-initial-inventory
0x00501820,unknown,,review,unknown,ghidra-12.1.3-initial-inventory
0x00501BA0,unknown,,review,unknown,ghidra-12.1.3-initial-inventory
0x00501BE0,unknown,,review,unknown,ghidra-12.1.3-initial-inventory
0x00501F30,unknown,,review,unknown,ghidra-12.1.3-initial-inventory
0x00501F50,unknown,,review,unknown,ghidra-12.1.3-initial-inventory
0x00502550,unknown,,review,unknown,ghidra-12.1.3-initial-inventory
0x00502A20,unknown,,review,unknown,ghidra-12.1.3-initial-inventory
0x00502AD0,unknown,,review,unknown,ghidra-12.1.3-initial-inventory
0x00502B10,unknown,,review,unknown,ghidra-12.1.3-initial-inventory
0x00502B70,unknown,,review,unknown,ghidra-12.1.3-initial-inventory
0x00502C50,unknown,,review,unknown,ghidra-12.1.3-initial-inventory
0x00502DB0,unknown,,review,unknown,ghidra-12.1.3-initial-inventory
0x00502F70,unknown,,review,unknown,ghidra-12.1.3-initial-inventory
0x00503240,unknown,,review,unknown,ghidra-12.1.3-initial-inventory
0x005032D0,unknown,,review,unknown,ghidra-12.1.3-initial-inventory
0x00503450,unknown,,review,unknown,ghidra-12.1.3-initial-inventory
0x00503AD0,unknown,,review,unknown,ghidra-12.1.3-initial-inventory
0x00503B70,unknown,,review,unknown,ghidra-12.1.3-initial-inventory
0x00503D40,unknown,,review,unknown,ghidra-12.1.3-initial-inventory
0x00503EE0,unknown,,review,unknown,ghidra-12.1.3-initial-inventory
0x00503FC0,unknown,,review,unknown,ghidra-12.1.3-initial-inventory
0x00504160,unknown,,review,unknown,ghidra-12.1.3-initial-inventory
0x00504180,unknown,,review,unknown,ghidra-12.1.3-initial-inventory
0x005041B0,unknown,,review,unknown,ghidra-12.1.3-initial-inventory
0x00504210,unknown,,review,unknown,ghidra-12.1.3-initial-inventory
0x00504480,unknown,,review,unknown,ghidra-12.1.3-initial-inventory
0x00504950,unknown,,review,unknown,ghidra-12.1.3-initial-inventory
0x00504A60,unknown,,review,unknown,ghidra-12.1.3-initial-inventory
0x00504AF0,unknown,,review,unknown,ghidra-12.1.3-initial-inventory
0x00504BD0,unknown,,review,unknown,ghidra-12.1.3-initial-inventory
0x00504D20,unknown,,review,unknown,ghidra-12.1.3-initial-inventory
0x00504D40,unknown,,review,unknown,ghidra-12.1.3-initial-inventory
0x00504E90,unknown,,review,unknown,ghidra-12.1.3-initial-inventory
0x00505A30,unknown,,review,unknown,ghidra-12.1.3-initial-inventory
0x00505D90,unknown,,review,unknown,ghidra-12.1.3-initial-inventory
0x00505E40,unknown,,review,unknown,ghidra-12.1.3-initial-inventory
0x00505F80,unknown,,review,unknown,ghidra-12.1.3-initial-inventory
0x00505FA0,unknown,,review,unknown,ghidra-12.1.3-initial-inventory
0x00505FC0,unknown,,review,unknown,ghidra-12.1.3-initial-inventory
0x00506010,unknown,,review,unknown,ghidra-12.1.3-initial-inventory
0x00506030,unknown,,review,unknown,ghidra-12.1.3-initial-inventory
0x00506050,unknown,,review,unknown,ghidra-12.1.3-initial-inventory
0x00506080,unknown,,review,unknown,ghidra-12.1.3-initial-inventory
0x005060A0,unknown,,review,unknown,ghidra-12.1.3-initial-inventory
0x00506100,unknown,,review,unknown,ghidra-12.1.3-initial-inventory
0x00506120,unknown,,review,unknown,ghidra-12.1.3-initial-inventory
0x00506140,unknown,,review,unknown,ghidra-12.1.3-initial-inventory
0x00506160,unknown,,review,unknown,ghidra-12.1.3-initial-inventory
0x00506190,unknown,,review,unknown,ghidra-12.1.3-initial-inventory
0x005061C0,unknown,,review,unknown,ghidra-12.1.3-initial-inventory
0x00506210,unknown,,review,unknown,ghidra-12.1.3-initial-inventory
0x005062F0,unknown,,review,unknown,ghidra-12.1.3-initial-inventory
0x00506310,unknown,,review,unknown,ghidra-12.1.3-initial-inventory
0x00506340,unknown,,review,unknown,ghidra-12.1.3-initial-inventory
0x00506360,unknown,,review,unknown,ghidra-12.1.3-initial-inventory
0x00506460,unknown,,review,unknown,ghidra-12.1.3-initial-inventory
0x00506480,unknown,,review,unknown,ghidra-12.1.3-initial-inventory
0x005064B0,unknown,,review,unknown,ghidra-12.1.3-initial-inventory
0x005064D0,unknown,,review,unknown,ghidra-12.1.3-initial-inventory
0x005064F0,unknown,,review,unknown,ghidra-12.1.3-initial-inventory
0x00506540,unknown,,review,unknown,ghidra-12.1.3-initial-inventory
0x00506570,unknown,,review,unknown,ghidra-12.1.3-initial-inventory
0x00506880,unknown,,review,unknown,ghidra-12.1.3-initial-inventory
0x005068A0,unknown,,review,unknown,ghidra-12.1.3-initial-inventory
0x005068F0,unknown,,review,unknown,ghidra-12.1.3-initial-inventory
0x00506910,unknown,,review,unknown,ghidra-12.1.3-initial-inventory
0x00506930,unknown,,review,unknown,ghidra-12.1.3-initial-inventory
0x00506950,unknown,,review,unknown,ghidra-12.1.3-initial-inventory
0x00506970,unknown,,review,unknown,ghidra-12.1.3-initial-inventory
0x005069A0,unknown,,review,unknown,ghidra-12.1.3-initial-inventory
0x005069E0,unknown,,review,unknown,ghidra-12.1.3-initial-inventory
0x00506A00,unknown,,review,unknown,ghidra-12.1.3-initial-inventory
0x00506A20,unknown,,review,unknown,ghidra-12.1.3-initial-inventory
0x00506A50,unknown,,review,unknown,ghidra-12.1.3-initial-inventory
0x00506A70,unknown,,review,unknown,ghidra-12.1.3-initial-inventory
0x00506A90,unknown,,review,unknown,ghidra-12.1.3-initial-inventory
0x00506AB0,unknown,,review,unknown,ghidra-12.1.3-initial-inventory
0x00506AF0,unknown,,review,unknown,ghidra-12.1.3-initial-inventory
0x00506BA0,unknown,,review,unknown,ghidra-12.1.3-initial-inventory
0x00506BC0,unknown,,review,unknown,ghidra-12.1.3-initial-inventory
0x00506BF0,unknown,,review,unknown,ghidra-12.1.3-initial-inventory
0x00506C20,unknown,,review,unknown,ghidra-12.1.3-initial-inventory
0x00506C40,unknown,,review,unknown,ghidra-12.1.3-initial-inventory
0x00506C60,unknown,,review,unknown,ghidra-12.1.3-initial-inventory
0x00506C80,unknown,,review,unknown,ghidra-12.1.3-initial-inventory
0x00506CD0,unknown,,review,unknown,ghidra-12.1.3-initial-inventory
0x00506CF0,unknown,,review,unknown,ghidra-12.1.3-initial-inventory
0x00506D20,unknown,,review,unknown,ghidra-12.1.3-initial-inventory
0x00506D40,unknown,,review,unknown,ghidra-12.1.3-initial-inventory
0x00506D80,unknown,,review,unknown,ghidra-12.1.3-initial-inventory
0x00506DE0,unknown,,review,unknown,ghidra-12.1.3-initial-inventory
0x00506E10,unknown,,review,unknown,ghidra-12.1.3-initial-inventory
0x00506E40,unknown,,review,unknown,ghidra-12.1.3-initial-inventory
0x00506E70,unknown,,review,unknown,ghidra-12.1.3-initial-inventory
0x00506EA0,unknown,,review,unknown,ghidra-12.1.3-initial-inventory
0x00506F10,unknown,,review,unknown,ghidra-12.1.3-initial-inventory
0x00506F80,unknown,,review,unknown,ghidra-12.1.3-initial-inventory
0x00507000,unknown,,review,unknown,ghidra-12.1.3-initial-inventory
0x00507080,unknown,,review,unknown,ghidra-12.1.3-initial-inventory
0x00507100,unknown,,review,unknown,ghidra-12.1.3-initial-inventory
0x00507190,unknown,,review,unknown,ghidra-12.1.3-initial-inventory
0x00507220,unknown,,review,unknown,ghidra-12.1.3-initial-inventory
0x00507230,unknown,,review,unknown,ghidra-12.1.3-initial-inventory
0x00507260,unknown,,review,unknown,ghidra-12.1.3-initial-inventory
0x00507280,unknown,,review,unknown,ghidra-12.1.3-initial-inventory
0x005072B0,unknown,,review,unknown,ghidra-12.1.3-initial-inventory
0x005072D0,unknown,,review,unknown,ghidra-12.1.3-initial-inventory
0x00507330,unknown,,review,unknown,ghidra-12.1.3-initial-inventory
0x00507360,unknown,,review,unknown,ghidra-12.1.3-initial-inventory
0x00507480,unknown,ReplayRecords,review,pending,"REF-025: complete natural canonical contribution, independently observed owner/consumer and library call anchors. Actual typed records with implicit padding, or real InputButtonState array histories/individual Replay scalars; full cold relocation replay and portable state/padding checks pass. Original spelling and authored/compiler/shared origin pending, no authored credit; full SaveManager/Replay/lifetime remains open. See docs/REFERENCE_FUNCTION_REVIEW.md."
0x00507530,unknown,,review,unknown,ghidra-12.1.3-initial-inventory
0x00507560,unknown,,review,unknown,ghidra-12.1.3-initial-inventory
0x005076B0,unknown,,review,unknown,ghidra-12.1.3-initial-inventory
0x00507720,unknown,,review,unknown,ghidra-12.1.3-initial-inventory
0x005077D0,unknown,,review,unknown,ghidra-12.1.3-initial-inventory
0x00507860,unknown,,review,unknown,ghidra-12.1.3-initial-inventory
0x005078B0,unknown,,review,unknown,ghidra-12.1.3-initial-inventory
0x00507A30,unknown,,review,unknown,ghidra-12.1.3-initial-inventory
0x00507A80,unknown,,review,unknown,ghidra-12.1.3-initial-inventory
0x00507AD0,unknown,,review,unknown,ghidra-12.1.3-initial-inventory
0x00507AF0,unknown,,review,unknown,ghidra-12.1.3-initial-inventory
0x00507B30,unknown,,review,unknown,ghidra-12.1.3-initial-inventory
0x00507B70,unknown,,review,unknown,ghidra-12.1.3-initial-inventory
0x00507F80,unknown,,review,unknown,ghidra-12.1.3-initial-inventory
0x005081E0,unknown,,review,unknown,ghidra-12.1.3-initial-inventory
0x00508310,unknown,,review,unknown,ghidra-12.1.3-initial-inventory
0x00508360,unknown,,review,unknown,ghidra-12.1.3-initial-inventory
0x00508480,unknown,,review,unknown,ghidra-12.1.3-initial-inventory
0x00508B00,unknown,,review,unknown,ghidra-12.1.3-initial-inventory
0x00508B20,unknown,,review,unknown,ghidra-12.1.3-initial-inventory
0x00508B60,unknown,,review,unknown,ghidra-12.1.3-initial-inventory
0x00508B90,unknown,,review,unknown,ghidra-12.1.3-initial-inventory
0x005091D0,unknown,InputState,review,pending,"REF-025: complete natural canonical contribution, independently observed owner/consumer and library call anchors. Actual typed records with implicit padding, or real InputButtonState array histories/individual Replay scalars; full cold relocation replay and portable state/padding checks pass. Original spelling and authored/compiler/shared origin pending, no authored credit; full SaveManager/Replay/lifetime remains open. See docs/REFERENCE_FUNCTION_REVIEW.md."
0x00509280,unknown,,review,unknown,ghidra-12.1.3-initial-inventory
0x00509DA0,unknown,,review,unknown,ghidra-12.1.3-initial-inventory
0x00509DD0,unknown,,review,unknown,ghidra-12.1.3-initial-inventory
0x00509E10,unknown,,review,unknown,ghidra-12.1.3-initial-inventory
0x00509E40,unknown,,review,unknown,ghidra-12.1.3-initial-inventory
0x00509EE0,unknown,,review,unknown,ghidra-12.1.3-initial-inventory
0x00509F50,unknown,,review,unknown,ghidra-12.1.3-initial-inventory
0x00509F60,unknown,,review,unknown,ghidra-12.1.3-initial-inventory
0x00509F70,unknown,,review,unknown,ghidra-12.1.3-initial-inventory
0x00509FA0,unknown,,review,unknown,ghidra-12.1.3-initial-inventory
0x0050A000,unknown,,review,unknown,ghidra-12.1.3-initial-inventory
0x0050A030,unknown,,review,unknown,ghidra-12.1.3-initial-inventory
0x0050A050,unknown,,review,unknown,ghidra-12.1.3-initial-inventory
0x0050A0A0,unknown,,review,unknown,ghidra-12.1.3-initial-inventory
0x0050A0E0,unknown,,review,unknown,ghidra-12.1.3-initial-inventory
0x0050A110,unknown,,review,unknown,ghidra-12.1.3-initial-inventory
0x0050A170,unknown,,review,unknown,ghidra-12.1.3-initial-inventory
0x0050A1A0,unknown,,review,unknown,ghidra-12.1.3-initial-inventory
0x0050A1E0,unknown,,review,unknown,ghidra-12.1.3-initial-inventory
0x0050A220,unknown,,review,unknown,ghidra-12.1.3-initial-inventory
0x0050A280,unknown,,review,unknown,ghidra-12.1.3-initial-inventory
0x0050A2E0,unknown,,review,unknown,ghidra-12.1.3-initial-inventory
0x0050A340,unknown,,review,unknown,ghidra-12.1.3-initial-inventory
0x0050A3C0,unknown,,review,unknown,ghidra-12.1.3-initial-inventory
0x0050A3E0,unknown,,review,unknown,ghidra-12.1.3-initial-inventory
0x0050A410,unknown,,review,unknown,ghidra-12.1.3-initial-inventory
0x0050A430,unknown,,review,unknown,ghidra-12.1.3-initial-inventory
0x0050A4A0,unknown,,review,unknown,ghidra-12.1.3-initial-inventory
0x0050A4D0,unknown,InputState,review,pending,"REF-025: complete natural canonical contribution, independently observed owner/consumer and library call anchors. Actual typed records with implicit padding, or real InputButtonState array histories/individual Replay scalars; full cold relocation replay and portable state/padding checks pass. Original spelling and authored/compiler/shared origin pending, no authored credit; full SaveManager/Replay/lifetime remains open. See docs/REFERENCE_FUNCTION_REVIEW.md."
0x0050A6B0,unknown,,review,unknown,ghidra-12.1.3-initial-inventory
0x0050A7F0,unknown,,review,unknown,ghidra-12.1.3-initial-inventory
0x0050A820,unknown,,review,unknown,ghidra-12.1.3-initial-inventory
0x0050A870,unknown,,review,unknown,ghidra-12.1.3-initial-inventory
0x0050A8E0,unknown,,review,unknown,ghidra-12.1.3-initial-inventory
0x0050A930,unknown,,review,unknown,ghidra-12.1.3-initial-inventory
0x0050A990,unknown,,review,unknown,ghidra-12.1.3-initial-inventory
0x0050A9B0,unknown,,review,unknown,ghidra-12.1.3-initial-inventory
0x0050A9F0,unknown,,review,unknown,ghidra-12.1.3-initial-inventory
0x0050AA60,unknown,,review,unknown,ghidra-12.1.3-initial-inventory
0x0050AAE0,unknown,,review,unknown,ghidra-12.1.3-initial-inventory
0x0050AB10,unknown,Worker,review,pending,"CORE/EXACT-086: Actual1242D8 SaveManager composes two real Snapshots, a neutral zero word/64-byte interval and actual Worker. Five whole member-task/copy/merge units strictly replay463bytes and19 independently anchored relocations; full EH39/13/44 agrees without extra coverage. The three whole lifecycle roots remain nonexact: constructor198/native199, commit68/70, destructor262/299. No fake returns, duplicate shaping conditions, raw owner facade, assembly or shortened extents. Void one-word callback spelling is inferred from complete native producers/consumers; original identity and authored origins remain pending. Actual thread and complete Manager O2/UBSan tests check copied captures, replacement/lifetime, join-before-save, destructor wait, real four-buffer release and null-buffer teardown, nineteen-Profile/Metadata merge extents, unchanged buffer ownership and full signed parser results. Load/save/parse and allocator startup are explicit test fixtures and genuine production dependencies; disk/checksum/serialization/game runtime remain open. Frozen613units/119objects/119777disjointbytes;618source mappings include5whole nonexact methods. See docs/EXACT_PROGRESS_SAVE_MANAGER_RECONSTRUCTION.md."
0x0050ABD0,unknown,,review,unknown,ghidra-12.1.3-initial-inventory
0x0050AC70,unknown,,review,unknown,ghidra-12.1.3-initial-inventory
0x0050AD50,unknown,,review,unknown,ghidra-12.1.3-initial-inventory
0x0050ADC0,unknown,,review,unknown,ghidra-12.1.3-initial-inventory
0x0050AE50,unknown,,review,unknown,ghidra-12.1.3-initial-inventory
0x0050AE60,unknown,,review,unknown,ghidra-12.1.3-initial-inventory
0x0050AE80,unknown,,review,unknown,ghidra-12.1.3-initial-inventory
0x0050AEA0,unknown,,review,unknown,ghidra-12.1.3-initial-inventory
0x0050AEB0,unknown,,review,unknown,ghidra-12.1.3-initial-inventory
0x0050AF20,unknown,ProgressProfile,review,pending,"EXACT-084: Complete13684/13689 Profile constructor strictly replays all131 independent relocations and all3549 native heads; actual7AE8 owner has70 Scores,123 physical224-byte Spell records,72-byte Statistics and63 Practice records. Only113 Spells receive startup identifiers/defaults; the extra10 roles remain unknown. Signed mode counters corroborated by independent native consumers. Natural C++17 partial aggregate initialization and genuine fixed nonallocating noexcept match complete handler29/info36 flags5 and array iterator56. Existing implicit Score constructor remains81-byte exact and moves ownership without new credit. Shared semantic headers/bodies pass C++17/20 O2/UBSan. No raw facade, padding, inert locals, copied decompiler or source-selected body. Frozen606units/117objects/118559disjointbytes,608source mappings include2nonexactECL methods. Reference raw source is not imported; authored identity, Snapshot/metadata/loading/saving and whole Enemy/Player/runtime remain open. See docs/EXACT_PROGRESS_PROFILE_RECONSTRUCTION.md."
0x0050E4A0,unknown,ProgressRecords,review,pending,"REF-025: complete natural canonical contribution, independently observed owner/consumer and library call anchors. Actual typed records with implicit padding, or real InputButtonState array histories/individual Replay scalars; full cold relocation replay and portable state/padding checks pass. Original spelling and authored/compiler/shared origin pending, no authored credit; full SaveManager/Replay/lifetime remains open. See docs/REFERENCE_FUNCTION_REVIEW.md."
0x0050E500,unknown,ProgressRecords,review,pending,"REF-025: complete natural canonical contribution, independently observed owner/consumer and library call anchors. Actual typed records with implicit padding, or real InputButtonState array histories/individual Replay scalars; full cold relocation replay and portable state/padding checks pass. Original spelling and authored/compiler/shared origin pending, no authored credit; full SaveManager/Replay/lifetime remains open. See docs/REFERENCE_FUNCTION_REVIEW.md."
0x0050E540,unknown,ProgressStorage,review,pending,"EXACT-085: Whole Metadata612 and Snapshot138/143 constructors strictly replay nine independently anchored relocations. Actual1F8 Metadata preserves10 name bytes, uses two eight-entry selection tables and nine-slot available/used counters; slot8 defaults9. Independent mutable getter4BD080 checks9 and stride4; startup50F090 and used getter51BA10 corroborate arrays/byte regions. Actual92140 Snapshot composes18 real Profiles plus separate fallback and Metadata with natural pointer-prefix alignment. Complete folded handler29/info36 flags5/array iterator56 agree without duplicate coverage. Shared defaulted constructors and full dirty guarded two-Snapshot hierarchy pass C++17/20 O2/UBSan. No raw whole-record facade, explicit padding, inert locals, copied decompiler or source-selected body. Frozen608units/118objects/119314disjointbytes,610source mappings include2nonexactECL methods. Authored identity and complete initialization/load/save/locking/checksum/RNG/worker/release/game runtime remain open. See docs/EXACT_PROGRESS_STORAGE_RECONSTRUCTION.md."
0x0050E5D0,unknown,ProgressSaveManager,review,pending,"CORE/EXACT-086: Actual1242D8 SaveManager composes two real Snapshots, a neutral zero word/64-byte interval and actual Worker. Five whole member-task/copy/merge units strictly replay463bytes and19 independently anchored relocations; full EH39/13/44 agrees without extra coverage. The three whole lifecycle roots remain nonexact: constructor198/native199, commit68/70, destructor262/299. No fake returns, duplicate shaping conditions, raw owner facade, assembly or shortened extents. Void one-word callback spelling is inferred from complete native producers/consumers; original identity and authored origins remain pending. Actual thread and complete Manager O2/UBSan tests check copied captures, replacement/lifetime, join-before-save, destructor wait, real four-buffer release and null-buffer teardown, nineteen-Profile/Metadata merge extents, unchanged buffer ownership and full signed parser results. Load/save/parse and allocator startup are explicit test fixtures and genuine production dependencies; disk/checksum/serialization/game runtime remain open. Frozen613units/119objects/119777disjointbytes;618source mappings include5whole nonexact methods. See docs/EXACT_PROGRESS_SAVE_MANAGER_RECONSTRUCTION.md. CORE/EXACT-087: Complete actual SaveManager parser uses the44-byte header, real C-heap allocator/free, archive cipher/decoder, member checksum and2x9 Profile matrix plus independent fallback/Metadata. Parser remains whole nonexact813/native824; no prefix unit or absorption. Complete signed-extent checksum80 is strict exact. Actual O2/UBSan encrypted synthetic files execute all18 selectors, fallback, complete CR/ST records, default/header rejection, checksum/version/size rejection, unknown-magic interruption, copy-before-negative-remaining and real backup/parse/copy-back. Host Metadata tests check all members; full native REP MOVSD/padding remains x86 evidence. Startup and load/save I/O are explicit fixtures; serialization, native malformed UB domains and game runtime remain open. The086 array-delete fixture/heap-family claim was incorrect and is superseded: native41F670 is release_bytes/free, with buffers from41F610 malloc. Production/test now use that real family with a shared null-safe reset protocol; current complete lifecycle candidates198/199,68/70,304/299 remain nonexact. Source-local diagnostics establish parser authored origin independently; original class spelling and checksum origin remain unknown. See docs/PROGRESS_FILE_PARSE_RECONSTRUCTION.md."
0x0050E6A0,unknown,ProgressRecords,review,pending,"REF-025: complete natural canonical contribution, independently observed owner/consumer and library call anchors. Actual typed records with implicit padding, or real InputButtonState array histories/individual Replay scalars; full cold relocation replay and portable state/padding checks pass. Original spelling and authored/compiler/shared origin pending, no authored credit; full SaveManager/Replay/lifetime remains open. See docs/REFERENCE_FUNCTION_REVIEW.md."
0x0050E6E0,unknown,ProgressStorage,review,pending,"EXACT-085: Whole Metadata612 and Snapshot138/143 constructors strictly replay nine independently anchored relocations. Actual1F8 Metadata preserves10 name bytes, uses two eight-entry selection tables and nine-slot available/used counters; slot8 defaults9. Independent mutable getter4BD080 checks9 and stride4; startup50F090 and used getter51BA10 corroborate arrays/byte regions. Actual92140 Snapshot composes18 real Profiles plus separate fallback and Metadata with natural pointer-prefix alignment. Complete folded handler29/info36 flags5/array iterator56 agree without duplicate coverage. Shared defaulted constructors and full dirty guarded two-Snapshot hierarchy pass C++17/20 O2/UBSan. No raw whole-record facade, explicit padding, inert locals, copied decompiler or source-selected body. Frozen608units/118objects/119314disjointbytes,610source mappings include2nonexactECL methods. Authored identity and complete initialization/load/save/locking/checksum/RNG/worker/release/game runtime remain open. See docs/EXACT_PROGRESS_STORAGE_RECONSTRUCTION.md."
0x0050E950,unknown,,review,unknown,ghidra-12.1.3-initial-inventory
0x0050E990,unknown,ProgressSaveManager,review,pending,"CORE/EXACT-086: Actual1242D8 SaveManager composes two real Snapshots, a neutral zero word/64-byte interval and actual Worker. Five whole member-task/copy/merge units strictly replay463bytes and19 independently anchored relocations; full EH39/13/44 agrees without extra coverage. The three whole lifecycle roots remain nonexact: constructor198/native199, commit68/70, destructor262/299. No fake returns, duplicate shaping conditions, raw owner facade, assembly or shortened extents. Void one-word callback spelling is inferred from complete native producers/consumers; original identity and authored origins remain pending. Actual thread and complete Manager O2/UBSan tests check copied captures, replacement/lifetime, join-before-save, destructor wait, real four-buffer release and null-buffer teardown, nineteen-Profile/Metadata merge extents, unchanged buffer ownership and full signed parser results. Load/save/parse and allocator startup are explicit test fixtures and genuine production dependencies; disk/checksum/serialization/game runtime remain open. Frozen613units/119objects/119777disjointbytes;618source mappings include5whole nonexact methods. See docs/EXACT_PROGRESS_SAVE_MANAGER_RECONSTRUCTION.md. CORE/EXACT-087: Complete actual SaveManager parser uses the44-byte header, real C-heap allocator/free, archive cipher/decoder, member checksum and2x9 Profile matrix plus independent fallback/Metadata. Parser remains whole nonexact813/native824; no prefix unit or absorption. Complete signed-extent checksum80 is strict exact. Actual O2/UBSan encrypted synthetic files execute all18 selectors, fallback, complete CR/ST records, default/header rejection, checksum/version/size rejection, unknown-magic interruption, copy-before-negative-remaining and real backup/parse/copy-back. Host Metadata tests check all members; full native REP MOVSD/padding remains x86 evidence. Startup and load/save I/O are explicit fixtures; serialization, native malformed UB domains and game runtime remain open. The086 array-delete fixture/heap-family claim was incorrect and is superseded: native41F670 is release_bytes/free, with buffers from41F610 malloc. Production/test now use that real family with a shared null-safe reset protocol; current complete lifecycle candidates198/199,68/70,304/299 remain nonexact. Source-local diagnostics establish parser authored origin independently; original class spelling and checksum origin remain unknown. See docs/PROGRESS_FILE_PARSE_RECONSTRUCTION.md."
0x0050EAC0,unknown,Worker,review,pending,"CORE/EXACT-086: Actual1242D8 SaveManager composes two real Snapshots, a neutral zero word/64-byte interval and actual Worker. Five whole member-task/copy/merge units strictly replay463bytes and19 independently anchored relocations; full EH39/13/44 agrees without extra coverage. The three whole lifecycle roots remain nonexact: constructor198/native199, commit68/70, destructor262/299. No fake returns, duplicate shaping conditions, raw owner facade, assembly or shortened extents. Void one-word callback spelling is inferred from complete native producers/consumers; original identity and authored origins remain pending. Actual thread and complete Manager O2/UBSan tests check copied captures, replacement/lifetime, join-before-save, destructor wait, real four-buffer release and null-buffer teardown, nineteen-Profile/Metadata merge extents, unchanged buffer ownership and full signed parser results. Load/save/parse and allocator startup are explicit test fixtures and genuine production dependencies; disk/checksum/serialization/game runtime remain open. Frozen613units/119objects/119777disjointbytes;618source mappings include5whole nonexact methods. See docs/EXACT_PROGRESS_SAVE_MANAGER_RECONSTRUCTION.md."
0x0050EAF0,unknown,,review,unknown,ghidra-12.1.3-initial-inventory
0x0050EB30,unknown,,review,unknown,ghidra-12.1.3-initial-inventory
0x0050EB70,authored,ProgressSaveManager,authored,high,"CORE/EXACT-087: Complete actual SaveManager parser uses the44-byte header, real C-heap allocator/free, archive cipher/decoder, member checksum and2x9 Profile matrix plus independent fallback/Metadata. Parser remains whole nonexact813/native824; no prefix unit or absorption. Complete signed-extent checksum80 is strict exact. Actual O2/UBSan encrypted synthetic files execute all18 selectors, fallback, complete CR/ST records, default/header rejection, checksum/version/size rejection, unknown-magic interruption, copy-before-negative-remaining and real backup/parse/copy-back. Host Metadata tests check all members; full native REP MOVSD/padding remains x86 evidence. Startup and load/save I/O are explicit fixtures; serialization, native malformed UB domains and game runtime remain open. The086 array-delete fixture/heap-family claim was incorrect and is superseded: native41F670 is release_bytes/free, with buffers from41F610 malloc. Production/test now use that real family with a shared null-safe reset protocol; current complete lifecycle candidates198/199,68/70,304/299 remain nonexact. Source-local diagnostics establish parser authored origin independently; original class spelling and checksum origin remain unknown. See docs/PROGRESS_FILE_PARSE_RECONSTRUCTION.md."
0x0050EEB0,unknown,ProgressSaveManager,review,pending,"CORE/EXACT-086: Actual1242D8 SaveManager composes two real Snapshots, a neutral zero word/64-byte interval and actual Worker. Five whole member-task/copy/merge units strictly replay463bytes and19 independently anchored relocations; full EH39/13/44 agrees without extra coverage. The three whole lifecycle roots remain nonexact: constructor198/native199, commit68/70, destructor262/299. No fake returns, duplicate shaping conditions, raw owner facade, assembly or shortened extents. Void one-word callback spelling is inferred from complete native producers/consumers; original identity and authored origins remain pending. Actual thread and complete Manager O2/UBSan tests check copied captures, replacement/lifetime, join-before-save, destructor wait, real four-buffer release and null-buffer teardown, nineteen-Profile/Metadata merge extents, unchanged buffer ownership and full signed parser results. Load/save/parse and allocator startup are explicit test fixtures and genuine production dependencies; disk/checksum/serialization/game runtime remain open. Frozen613units/119objects/119777disjointbytes;618source mappings include5whole nonexact methods. See docs/EXACT_PROGRESS_SAVE_MANAGER_RECONSTRUCTION.md. CORE/EXACT-087: Complete actual SaveManager parser uses the44-byte header, real C-heap allocator/free, archive cipher/decoder, member checksum and2x9 Profile matrix plus independent fallback/Metadata. Parser remains whole nonexact813/native824; no prefix unit or absorption. Complete signed-extent checksum80 is strict exact. Actual O2/UBSan encrypted synthetic files execute all18 selectors, fallback, complete CR/ST records, default/header rejection, checksum/version/size rejection, unknown-magic interruption, copy-before-negative-remaining and real backup/parse/copy-back. Host Metadata tests check all members; full native REP MOVSD/padding remains x86 evidence. Startup and load/save I/O are explicit fixtures; serialization, native malformed UB domains and game runtime remain open. The086 array-delete fixture/heap-family claim was incorrect and is superseded: native41F670 is release_bytes/free, with buffers from41F610 malloc. Production/test now use that real family with a shared null-safe reset protocol; current complete lifecycle candidates198/199,68/70,304/299 remain nonexact. Source-local diagnostics establish parser authored origin independently; original class spelling and checksum origin remain unknown. See docs/PROGRESS_FILE_PARSE_RECONSTRUCTION.md."
0x0050EF00,unknown,,review,unknown,ghidra-12.1.3-initial-inventory
0x0050F090,unknown,,review,unknown,ghidra-12.1.3-initial-inventory
0x0050F170,unknown,,review,unknown,ghidra-12.1.3-initial-inventory
0x0050F2F0,unknown,,review,unknown,ghidra-12.1.3-initial-inventory
0x0050F3B0,unknown,,review,unknown,ghidra-12.1.3-initial-inventory
0x0050F5F0,unknown,ProgressSaveManager,review,pending,"CORE/EXACT-086: Actual1242D8 SaveManager composes two real Snapshots, a neutral zero word/64-byte interval and actual Worker. Five whole member-task/copy/merge units strictly replay463bytes and19 independently anchored relocations; full EH39/13/44 agrees without extra coverage. The three whole lifecycle roots remain nonexact: constructor198/native199, commit68/70, destructor262/299. No fake returns, duplicate shaping conditions, raw owner facade, assembly or shortened extents. Void one-word callback spelling is inferred from complete native producers/consumers; original identity and authored origins remain pending. Actual thread and complete Manager O2/UBSan tests check copied captures, replacement/lifetime, join-before-save, destructor wait, real four-buffer release and null-buffer teardown, nineteen-Profile/Metadata merge extents, unchanged buffer ownership and full signed parser results. Load/save/parse and allocator startup are explicit test fixtures and genuine production dependencies; disk/checksum/serialization/game runtime remain open. Frozen613units/119objects/119777disjointbytes;618source mappings include5whole nonexact methods. See docs/EXACT_PROGRESS_SAVE_MANAGER_RECONSTRUCTION.md. CORE/EXACT-087: Complete actual SaveManager parser uses the44-byte header, real C-heap allocator/free, archive cipher/decoder, member checksum and2x9 Profile matrix plus independent fallback/Metadata. Parser remains whole nonexact813/native824; no prefix unit or absorption. Complete signed-extent checksum80 is strict exact. Actual O2/UBSan encrypted synthetic files execute all18 selectors, fallback, complete CR/ST records, default/header rejection, checksum/version/size rejection, unknown-magic interruption, copy-before-negative-remaining and real backup/parse/copy-back. Host Metadata tests check all members; full native REP MOVSD/padding remains x86 evidence. Startup and load/save I/O are explicit fixtures; serialization, native malformed UB domains and game runtime remain open. The086 array-delete fixture/heap-family claim was incorrect and is superseded: native41F670 is release_bytes/free, with buffers from41F610 malloc. Production/test now use that real family with a shared null-safe reset protocol; current complete lifecycle candidates198/199,68/70,304/299 remain nonexact. Source-local diagnostics establish parser authored origin independently; original class spelling and checksum origin remain unknown. See docs/PROGRESS_FILE_PARSE_RECONSTRUCTION.md."
0x0050F660,unknown,ProgressSaveManager,review,pending,"CORE/EXACT-086: Actual1242D8 SaveManager composes two real Snapshots, a neutral zero word/64-byte interval and actual Worker. Five whole member-task/copy/merge units strictly replay463bytes and19 independently anchored relocations; full EH39/13/44 agrees without extra coverage. The three whole lifecycle roots remain nonexact: constructor198/native199, commit68/70, destructor262/299. No fake returns, duplicate shaping conditions, raw owner facade, assembly or shortened extents. Void one-word callback spelling is inferred from complete native producers/consumers; original identity and authored origins remain pending. Actual thread and complete Manager O2/UBSan tests check copied captures, replacement/lifetime, join-before-save, destructor wait, real four-buffer release and null-buffer teardown, nineteen-Profile/Metadata merge extents, unchanged buffer ownership and full signed parser results. Load/save/parse and allocator startup are explicit test fixtures and genuine production dependencies; disk/checksum/serialization/game runtime remain open. Frozen613units/119objects/119777disjointbytes;618source mappings include5whole nonexact methods. See docs/EXACT_PROGRESS_SAVE_MANAGER_RECONSTRUCTION.md. CORE/EXACT-087: Complete actual SaveManager parser uses the44-byte header, real C-heap allocator/free, archive cipher/decoder, member checksum and2x9 Profile matrix plus independent fallback/Metadata. Parser remains whole nonexact813/native824; no prefix unit or absorption. Complete signed-extent checksum80 is strict exact. Actual O2/UBSan encrypted synthetic files execute all18 selectors, fallback, complete CR/ST records, default/header rejection, checksum/version/size rejection, unknown-magic interruption, copy-before-negative-remaining and real backup/parse/copy-back. Host Metadata tests check all members; full native REP MOVSD/padding remains x86 evidence. Startup and load/save I/O are explicit fixtures; serialization, native malformed UB domains and game runtime remain open. The086 array-delete fixture/heap-family claim was incorrect and is superseded: native41F670 is release_bytes/free, with buffers from41F610 malloc. Production/test now use that real family with a shared null-safe reset protocol; current complete lifecycle candidates198/199,68/70,304/299 remain nonexact. Source-local diagnostics establish parser authored origin independently; original class spelling and checksum origin remain unknown. See docs/PROGRESS_FILE_PARSE_RECONSTRUCTION.md."
0x0050F6B0,unknown,,review,unknown,ghidra-12.1.3-initial-inventory
0x0050FB60,unknown,,review,unknown,ghidra-12.1.3-initial-inventory
0x0050FC10,unknown,,review,unknown,ghidra-12.1.3-initial-inventory
0x0050FC50,unknown,,review,unknown,ghidra-12.1.3-initial-inventory
0x0050FC90,unknown,ProgressSaveManager,review,pending,"CORE/EXACT-087: Complete actual SaveManager parser uses the44-byte header, real C-heap allocator/free, archive cipher/decoder, member checksum and2x9 Profile matrix plus independent fallback/Metadata. Parser remains whole nonexact813/native824; no prefix unit or absorption. Complete signed-extent checksum80 is strict exact. Actual O2/UBSan encrypted synthetic files execute all18 selectors, fallback, complete CR/ST records, default/header rejection, checksum/version/size rejection, unknown-magic interruption, copy-before-negative-remaining and real backup/parse/copy-back. Host Metadata tests check all members; full native REP MOVSD/padding remains x86 evidence. Startup and load/save I/O are explicit fixtures; serialization, native malformed UB domains and game runtime remain open. The086 array-delete fixture/heap-family claim was incorrect and is superseded: native41F670 is release_bytes/free, with buffers from41F610 malloc. Production/test now use that real family with a shared null-safe reset protocol; current complete lifecycle candidates198/199,68/70,304/299 remain nonexact. Source-local diagnostics establish parser authored origin independently; original class spelling and checksum origin remain unknown. See docs/PROGRESS_FILE_PARSE_RECONSTRUCTION.md."
0x0050FCE0,unknown,,review,unknown,ghidra-12.1.3-initial-inventory
0x0050FD00,unknown,,review,unknown,ghidra-12.1.3-initial-inventory
0x0050FD50,unknown,ScoreEntry,review,pending,"REF-032: complete natural constructor on actual68/8/8-byte display/overlay values, independently confirmed by native enclosing-owner construction and float/record consumers.149-unit/41-object cold canonical replay and dirty-storage C++20/UBSan checks pass. Original spelling and authored/compiler origin pending.672-body batch ongoing; see docs/REFERENCE_OVERLAY_HUD_SCORE_COMPLETION_REVIEW.md."
0x0050FDD0,unknown,,review,unknown,ghidra-12.1.3-initial-inventory
0x0050FEA0,unknown,,review,unknown,ghidra-12.1.3-initial-inventory
0x0050FF30,unknown,,review,unknown,ghidra-12.1.3-initial-inventory
0x0050FF70,unknown,,review,unknown,ghidra-12.1.3-initial-inventory
0x00510110,unknown,,review,unknown,ghidra-12.1.3-initial-inventory
0x00510640,unknown,,review,unknown,ghidra-12.1.3-initial-inventory
0x00510710,unknown,,review,unknown,ghidra-12.1.3-initial-inventory
0x00510810,unknown,,review,unknown,ghidra-12.1.3-initial-inventory
0x00510820,unknown,,review,unknown,ghidra-12.1.3-initial-inventory
0x00510830,unknown,,review,unknown,ghidra-12.1.3-initial-inventory
0x00510850,unknown,,review,unknown,ghidra-12.1.3-initial-inventory
0x00510870,unknown,,review,unknown,ghidra-12.1.3-initial-inventory
0x00510890,unknown,,review,unknown,ghidra-12.1.3-initial-inventory
0x005108D0,unknown,,review,unknown,ghidra-12.1.3-initial-inventory
0x00510930,unknown,,review,unknown,ghidra-12.1.3-initial-inventory
0x00510980,unknown,,review,unknown,ghidra-12.1.3-initial-inventory
0x00510A80,unknown,,review,unknown,ghidra-12.1.3-initial-inventory
0x00510B20,unknown,,review,unknown,ghidra-12.1.3-initial-inventory
0x00510B60,unknown,,review,unknown,ghidra-12.1.3-initial-inventory
0x00510E80,unknown,,review,unknown,ghidra-12.1.3-initial-inventory
0x00511270,unknown,,review,unknown,ghidra-12.1.3-initial-inventory
0x00511300,unknown,,review,unknown,ghidra-12.1.3-initial-inventory
0x00511310,unknown,,review,unknown,ghidra-12.1.3-initial-inventory
0x00511320,unknown,,review,unknown,ghidra-12.1.3-initial-inventory
0x00511370,unknown,,review,unknown,ghidra-12.1.3-initial-inventory
0x005113C0,unknown,,review,unknown,ghidra-12.1.3-initial-inventory
0x00511410,unknown,,review,unknown,ghidra-12.1.3-initial-inventory
0x00511460,unknown,,review,unknown,ghidra-12.1.3-initial-inventory
0x005114A0,unknown,,review,unknown,ghidra-12.1.3-initial-inventory
0x005114F0,unknown,,review,unknown,ghidra-12.1.3-initial-inventory
0x00511530,unknown,,review,unknown,ghidra-12.1.3-initial-inventory
0x00511570,unknown,,review,unknown,ghidra-12.1.3-initial-inventory
0x00511590,unknown,,review,unknown,ghidra-12.1.3-initial-inventory
0x005115C0,unknown,,review,unknown,ghidra-12.1.3-initial-inventory
0x00511640,unknown,,review,unknown,ghidra-12.1.3-initial-inventory
0x00511660,unknown,,review,unknown,ghidra-12.1.3-initial-inventory
0x005116A0,unknown,,review,unknown,ghidra-12.1.3-initial-inventory
0x00511710,unknown,,review,unknown,ghidra-12.1.3-initial-inventory
0x00511770,unknown,,review,unknown,ghidra-12.1.3-initial-inventory
0x005117E0,unknown,,review,unknown,ghidra-12.1.3-initial-inventory
0x00511870,unknown,,review,unknown,ghidra-12.1.3-initial-inventory
0x00511900,unknown,,review,unknown,ghidra-12.1.3-initial-inventory
0x00511910,unknown,,review,unknown,ghidra-12.1.3-initial-inventory
0x00511930,unknown,Interpolation,review,pending,"REF-027: complete natural typed value/member contribution, independently decoded whole native routine and owner consumers; canonical129-unit cold replay and dirty-padding/alias/raw-float tests pass. Original names and authored/compiler/shared origins pending; no whole Effect/Special State acceptance. See docs/REFERENCE_EFFECT_SPECIAL_REVIEW.md."
0x00511980,unknown,,review,unknown,ghidra-12.1.3-initial-inventory
0x005119E0,unknown,,review,unknown,ghidra-12.1.3-initial-inventory
0x00511A30,unknown,,review,unknown,ghidra-12.1.3-initial-inventory
0x00511AF0,unknown,Interpolation,review,pending,"EXACT-046: shared easing/eight-type interpolation protocol dependency batch. Complete native flow, direct branches/returns, aggregate and scalar ABI, shared heads, constants and dispatch bindings independently audited. Cold strict replay291units/60objects/34844disjointbytes and finite C++20/UBSan curve/state/guard/wrapping/truncation checks pass. Names/origins pending. See docs/EXACT_INTERPOLATION_RECONSTRUCTION.md."
0x00511CF0,unknown,Interpolation,review,pending,"EXACT-046: shared easing/eight-type interpolation protocol dependency batch. Complete native flow, direct branches/returns, aggregate and scalar ABI, shared heads, constants and dispatch bindings independently audited. Cold strict replay291units/60objects/34844disjointbytes and finite C++20/UBSan curve/state/guard/wrapping/truncation checks pass. Names/origins pending. See docs/EXACT_INTERPOLATION_RECONSTRUCTION.md."
0x00511ED0,unknown,,review,unknown,ghidra-12.1.3-initial-inventory
0x00511F00,unknown,,review,unknown,ghidra-12.1.3-initial-inventory
0x00512090,unknown,,review,unknown,ghidra-12.1.3-initial-inventory
0x005120D0,unknown,,review,unknown,ghidra-12.1.3-initial-inventory
0x00512980,unknown,,review,unknown,ghidra-12.1.3-initial-inventory
0x00512AA0,unknown,,review,unknown,ghidra-12.1.3-initial-inventory
0x00512F30,unknown,,review,unknown,ghidra-12.1.3-initial-inventory
0x00512F60,unknown,,review,unknown,ghidra-12.1.3-initial-inventory
0x00512FB0,unknown,,review,unknown,ghidra-12.1.3-initial-inventory
0x00513710,unknown,Interpolation,review,pending,"EXACT-046: shared easing/eight-type interpolation protocol dependency batch. Complete native flow, direct branches/returns, aggregate and scalar ABI, shared heads, constants and dispatch bindings independently audited. Cold strict replay291units/60objects/34844disjointbytes and finite C++20/UBSan curve/state/guard/wrapping/truncation checks pass. Names/origins pending. See docs/EXACT_INTERPOLATION_RECONSTRUCTION.md."
0x005139B0,unknown,,review,unknown,ghidra-12.1.3-initial-inventory
0x005139E0,unknown,,review,unknown,ghidra-12.1.3-initial-inventory
0x00513A10,unknown,,review,unknown,ghidra-12.1.3-initial-inventory
0x00513A80,unknown,,review,unknown,ghidra-12.1.3-initial-inventory
0x00513A90,unknown,,review,unknown,ghidra-12.1.3-initial-inventory
0x00513AF0,unknown,,review,unknown,ghidra-12.1.3-initial-inventory
0x00513B50,unknown,,review,unknown,ghidra-12.1.3-initial-inventory
0x00513BB0,unknown,,review,unknown,ghidra-12.1.3-initial-inventory
0x00513C10,unknown,,review,unknown,ghidra-12.1.3-initial-inventory
0x00513C70,unknown,,review,unknown,ghidra-12.1.3-initial-inventory
0x00513CC0,unknown,,review,unknown,ghidra-12.1.3-initial-inventory
0x00513CE0,unknown,Interpolation,review,pending,"EXACT-046: shared easing/eight-type interpolation protocol dependency batch. Complete native flow, direct branches/returns, aggregate and scalar ABI, shared heads, constants and dispatch bindings independently audited. Cold strict replay291units/60objects/34844disjointbytes and finite C++20/UBSan curve/state/guard/wrapping/truncation checks pass. Names/origins pending. See docs/EXACT_INTERPOLATION_RECONSTRUCTION.md."
0x00513D40,unknown,,review,unknown,ghidra-12.1.3-initial-inventory
0x00513D60,unknown,,review,unknown,ghidra-12.1.3-initial-inventory
0x00513D80,unknown,,review,unknown,ghidra-12.1.3-initial-inventory
0x00513DD0,unknown,,review,unknown,ghidra-12.1.3-initial-inventory
0x00513DE0,unknown,,review,unknown,ghidra-12.1.3-initial-inventory
0x00513E20,unknown,,review,unknown,ghidra-12.1.3-initial-inventory
0x00513E60,unknown,,review,unknown,ghidra-12.1.3-initial-inventory
0x00513EA0,unknown,,review,unknown,ghidra-12.1.3-initial-inventory
0x00513EE0,unknown,,review,unknown,ghidra-12.1.3-initial-inventory
0x00513F20,unknown,,review,unknown,ghidra-12.1.3-initial-inventory
0x00513F70,unknown,,review,unknown,ghidra-12.1.3-initial-inventory
0x00514080,unknown,,review,unknown,ghidra-12.1.3-initial-inventory
0x005140B0,unknown,,review,unknown,ghidra-12.1.3-initial-inventory
0x00514110,unknown,Interpolation,review,pending,"REF-027: complete natural typed value/member contribution, independently decoded whole native routine and owner consumers; canonical129-unit cold replay and dirty-padding/alias/raw-float tests pass. Original names and authored/compiler/shared origins pending; no whole Effect/Special State acceptance. See docs/REFERENCE_EFFECT_SPECIAL_REVIEW.md."
0x00514130,unknown,,review,unknown,ghidra-12.1.3-initial-inventory
0x00514150,unknown,Interpolation,review,pending,"REF-027: complete natural typed value/member contribution, independently decoded whole native routine and owner consumers; canonical129-unit cold replay and dirty-padding/alias/raw-float tests pass. Original names and authored/compiler/shared origins pending; no whole Effect/Special State acceptance. See docs/REFERENCE_EFFECT_SPECIAL_REVIEW.md."
0x00514170,unknown,,review,unknown,ghidra-12.1.3-initial-inventory
0x005141C0,unknown,Interpolation,review,pending,"REF-027: complete natural typed value/member contribution, independently decoded whole native routine and owner consumers; canonical129-unit cold replay and dirty-padding/alias/raw-float tests pass. Original names and authored/compiler/shared origins pending; no whole Effect/Special State acceptance. See docs/REFERENCE_EFFECT_SPECIAL_REVIEW.md."
0x005141E0,unknown,Interpolation,review,pending,"REF-027: complete natural typed value/member contribution, independently decoded whole native routine and owner consumers; canonical129-unit cold replay and dirty-padding/alias/raw-float tests pass. Original names and authored/compiler/shared origins pending; no whole Effect/Special State acceptance. See docs/REFERENCE_EFFECT_SPECIAL_REVIEW.md."
0x00514240,unknown,,review,unknown,ghidra-12.1.3-initial-inventory
0x00514260,unknown,,review,unknown,ghidra-12.1.3-initial-inventory
0x005142B0,unknown,,review,unknown,ghidra-12.1.3-initial-inventory
0x00514390,unknown,,review,unknown,ghidra-12.1.3-initial-inventory
0x005143D0,unknown,,review,unknown,ghidra-12.1.3-initial-inventory
0x00514470,unknown,,review,unknown,ghidra-12.1.3-initial-inventory
0x00514490,unknown,,review,unknown,ghidra-12.1.3-initial-inventory
0x00514550,unknown,,review,unknown,ghidra-12.1.3-initial-inventory
0x005145F0,unknown,,review,unknown,ghidra-12.1.3-initial-inventory
0x00514600,unknown,,review,unknown,ghidra-12.1.3-initial-inventory
0x00514730,unknown,,review,unknown,ghidra-12.1.3-initial-inventory
0x00514750,unknown,,review,unknown,ghidra-12.1.3-initial-inventory
0x00515250,unknown,,review,unknown,ghidra-12.1.3-initial-inventory
0x005152E0,unknown,,review,unknown,ghidra-12.1.3-initial-inventory
0x00515300,unknown,,review,unknown,ghidra-12.1.3-initial-inventory
0x00515500,unknown,,review,unknown,ghidra-12.1.3-initial-inventory
0x00515550,unknown,,review,unknown,ghidra-12.1.3-initial-inventory
0x00515690,unknown,,review,unknown,ghidra-12.1.3-initial-inventory
0x005156D0,unknown,,review,unknown,ghidra-12.1.3-initial-inventory
0x005157F0,unknown,,review,unknown,ghidra-12.1.3-initial-inventory
0x00515830,unknown,,review,unknown,ghidra-12.1.3-initial-inventory
0x00515900,unknown,,review,unknown,ghidra-12.1.3-initial-inventory
0x005159E0,unknown,,review,unknown,ghidra-12.1.3-initial-inventory
0x00515AA0,unknown,,review,unknown,ghidra-12.1.3-initial-inventory
0x00515B10,unknown,,review,unknown,ghidra-12.1.3-initial-inventory
0x00515B50,unknown,,review,unknown,ghidra-12.1.3-initial-inventory
0x00515B90,unknown,,review,unknown,ghidra-12.1.3-initial-inventory
0x00515CE0,unknown,,review,unknown,ghidra-12.1.3-initial-inventory
0x00515D30,unknown,,review,unknown,ghidra-12.1.3-initial-inventory
0x00515D60,unknown,,review,unknown,ghidra-12.1.3-initial-inventory
0x00515D90,unknown,,review,unknown,ghidra-12.1.3-initial-inventory
0x00515DC0,unknown,,review,unknown,ghidra-12.1.3-initial-inventory
0x00515E40,unknown,,review,unknown,ghidra-12.1.3-initial-inventory
0x00515EC0,unknown,,review,unknown,ghidra-12.1.3-initial-inventory
0x00515F90,unknown,,review,unknown,ghidra-12.1.3-initial-inventory
0x00516010,unknown,,review,unknown,ghidra-12.1.3-initial-inventory
0x00516030,unknown,,review,unknown,ghidra-12.1.3-initial-inventory
0x00516070,unknown,,review,unknown,ghidra-12.1.3-initial-inventory
0x005160D0,unknown,,review,unknown,ghidra-12.1.3-initial-inventory
0x00516110,unknown,,review,unknown,ghidra-12.1.3-initial-inventory
0x00516140,unknown,,review,unknown,ghidra-12.1.3-initial-inventory
0x00516170,unknown,,review,unknown,ghidra-12.1.3-initial-inventory
0x00516250,unknown,,review,unknown,ghidra-12.1.3-initial-inventory
0x005162C0,unknown,,review,unknown,ghidra-12.1.3-initial-inventory
0x005162E0,unknown,,review,unknown,ghidra-12.1.3-initial-inventory
0x00516300,unknown,,review,unknown,ghidra-12.1.3-initial-inventory
0x00516350,unknown,,review,unknown,ghidra-12.1.3-initial-inventory
0x00516370,unknown,,review,unknown,ghidra-12.1.3-initial-inventory
0x005163C0,unknown,,review,unknown,ghidra-12.1.3-initial-inventory
0x005163F0,unknown,,review,unknown,ghidra-12.1.3-initial-inventory
0x00516420,unknown,,review,unknown,ghidra-12.1.3-initial-inventory
0x00516450,unknown,,review,unknown,ghidra-12.1.3-initial-inventory
0x00516470,unknown,,review,unknown,ghidra-12.1.3-initial-inventory
0x00516490,unknown,,review,unknown,ghidra-12.1.3-initial-inventory
0x005164C0,unknown,,review,unknown,ghidra-12.1.3-initial-inventory
0x005164E0,unknown,,review,unknown,ghidra-12.1.3-initial-inventory
0x00516500,unknown,,review,unknown,ghidra-12.1.3-initial-inventory
0x00516530,unknown,,review,unknown,ghidra-12.1.3-initial-inventory
0x00516570,unknown,,review,unknown,ghidra-12.1.3-initial-inventory
0x005165A0,unknown,,review,unknown,ghidra-12.1.3-initial-inventory
0x005165E0,unknown,,review,unknown,ghidra-12.1.3-initial-inventory
0x00516620,unknown,,review,unknown,ghidra-12.1.3-initial-inventory
0x00516650,unknown,,review,unknown,ghidra-12.1.3-initial-inventory
0x00516680,unknown,,review,unknown,ghidra-12.1.3-initial-inventory
0x005166B0,unknown,,review,unknown,ghidra-12.1.3-initial-inventory
0x005166F0,unknown,,review,unknown,ghidra-12.1.3-initial-inventory
0x00516720,unknown,,review,unknown,ghidra-12.1.3-initial-inventory
0x00516750,unknown,,review,unknown,ghidra-12.1.3-initial-inventory
0x00516780,unknown,,review,unknown,ghidra-12.1.3-initial-inventory
0x005167B0,unknown,,review,unknown,ghidra-12.1.3-initial-inventory
0x005189C0,unknown,,review,unknown,ghidra-12.1.3-initial-inventory
0x00519840,unknown,,review,unknown,ghidra-12.1.3-initial-inventory
0x005198D0,unknown,,review,unknown,ghidra-12.1.3-initial-inventory
0x00519960,unknown,,review,unknown,ghidra-12.1.3-initial-inventory
0x0051A090,unknown,,review,unknown,ghidra-12.1.3-initial-inventory
0x0051A0B0,unknown,,review,unknown,ghidra-12.1.3-initial-inventory
0x0051A690,unknown,,review,unknown,ghidra-12.1.3-initial-inventory
0x0051A6C0,unknown,,review,unknown,ghidra-12.1.3-initial-inventory
0x0051A740,unknown,,review,unknown,ghidra-12.1.3-initial-inventory
0x0051A830,unknown,,review,unknown,ghidra-12.1.3-initial-inventory
0x0051A870,unknown,,review,unknown,ghidra-12.1.3-initial-inventory
0x0051A8D0,unknown,,review,unknown,ghidra-12.1.3-initial-inventory
0x0051A900,unknown,,review,unknown,ghidra-12.1.3-initial-inventory
0x0051A950,unknown,,review,unknown,ghidra-12.1.3-initial-inventory
0x0051A990,unknown,,review,unknown,ghidra-12.1.3-initial-inventory
0x0051AA00,unknown,,review,unknown,ghidra-12.1.3-initial-inventory
0x0051AB40,unknown,,review,unknown,ghidra-12.1.3-initial-inventory
0x0051AB80,unknown,,review,unknown,ghidra-12.1.3-initial-inventory
0x0051AC30,unknown,,review,unknown,ghidra-12.1.3-initial-inventory
0x0051AE40,unknown,,review,unknown,ghidra-12.1.3-initial-inventory
0x0051AF10,unknown,,review,unknown,ghidra-12.1.3-initial-inventory
0x0051AF40,unknown,,review,unknown,ghidra-12.1.3-initial-inventory
0x0051AF90,unknown,,review,unknown,ghidra-12.1.3-initial-inventory
0x0051B040,unknown,,review,unknown,ghidra-12.1.3-initial-inventory
0x0051B0A0,unknown,,review,unknown,ghidra-12.1.3-initial-inventory
0x0051B0C0,unknown,,review,unknown,ghidra-12.1.3-initial-inventory
0x0051B160,unknown,,review,unknown,ghidra-12.1.3-initial-inventory
0x0051B1D0,unknown,,review,unknown,ghidra-12.1.3-initial-inventory
0x0051B1E0,unknown,,review,unknown,ghidra-12.1.3-initial-inventory
0x0051B230,unknown,,review,unknown,ghidra-12.1.3-initial-inventory
0x0051B250,unknown,,review,unknown,ghidra-12.1.3-initial-inventory
0x0051B2F0,unknown,,review,unknown,ghidra-12.1.3-initial-inventory
0x0051B310,unknown,,review,unknown,ghidra-12.1.3-initial-inventory
0x0051B350,unknown,,review,unknown,ghidra-12.1.3-initial-inventory
0x0051B380,unknown,,review,unknown,ghidra-12.1.3-initial-inventory
0x0051B3D0,unknown,,review,unknown,ghidra-12.1.3-initial-inventory
0x0051B400,unknown,,review,unknown,ghidra-12.1.3-initial-inventory
0x0051B450,unknown,,review,unknown,ghidra-12.1.3-initial-inventory
0x0051B470,unknown,,review,unknown,ghidra-12.1.3-initial-inventory
0x0051B4B0,unknown,,review,unknown,ghidra-12.1.3-initial-inventory
0x0051B4C0,unknown,,review,unknown,ghidra-12.1.3-initial-inventory
0x0051B4E0,unknown,,review,unknown,ghidra-12.1.3-initial-inventory
0x0051B500,unknown,,review,unknown,ghidra-12.1.3-initial-inventory
0x0051B560,unknown,,review,unknown,ghidra-12.1.3-initial-inventory
0x0051B580,unknown,,review,unknown,ghidra-12.1.3-initial-inventory
0x0051B5B0,unknown,,review,unknown,ghidra-12.1.3-initial-inventory
0x0051B5E0,unknown,,review,unknown,ghidra-12.1.3-initial-inventory
0x0051B690,unknown,,review,unknown,ghidra-12.1.3-initial-inventory
0x0051B6D0,unknown,,review,unknown,ghidra-12.1.3-initial-inventory
0x0051B700,unknown,,review,unknown,ghidra-12.1.3-initial-inventory
0x0051B730,unknown,,review,unknown,ghidra-12.1.3-initial-inventory
0x0051B850,unknown,,review,unknown,ghidra-12.1.3-initial-inventory
0x0051B890,unknown,,review,unknown,ghidra-12.1.3-initial-inventory
0x0051B8A0,unknown,,review,unknown,ghidra-12.1.3-initial-inventory
0x0051B8E0,unknown,,review,unknown,ghidra-12.1.3-initial-inventory
0x0051B920,unknown,,review,unknown,ghidra-12.1.3-initial-inventory
0x0051B960,unknown,,review,unknown,ghidra-12.1.3-initial-inventory
0x0051B970,unknown,,review,unknown,ghidra-12.1.3-initial-inventory
0x0051BA10,unknown,,review,unknown,ghidra-12.1.3-initial-inventory
0x0051BA40,unknown,,review,unknown,ghidra-12.1.3-initial-inventory
0x0051BA60,unknown,,review,unknown,ghidra-12.1.3-initial-inventory
0x0051BA80,unknown,,review,unknown,ghidra-12.1.3-initial-inventory
0x0051BAB0,unknown,,review,unknown,ghidra-12.1.3-initial-inventory
0x0051BAD0,unknown,,review,unknown,ghidra-12.1.3-initial-inventory
0x0051BB40,unknown,,review,unknown,ghidra-12.1.3-initial-inventory
0x0051BB50,unknown,,review,unknown,ghidra-12.1.3-initial-inventory
0x0051BB90,unknown,,review,unknown,ghidra-12.1.3-initial-inventory
0x0051BC10,unknown,,review,unknown,ghidra-12.1.3-initial-inventory
0x0051BCC0,unknown,,review,unknown,ghidra-12.1.3-initial-inventory
0x0051BCE0,unknown,,review,unknown,ghidra-12.1.3-initial-inventory
0x0051BD50,unknown,,review,unknown,ghidra-12.1.3-initial-inventory
0x0051BD60,unknown,,review,unknown,ghidra-12.1.3-initial-inventory
0x0051BDA0,unknown,,review,unknown,ghidra-12.1.3-initial-inventory
0x0051BDC0,unknown,,review,unknown,ghidra-12.1.3-initial-inventory
0x0051BFF0,unknown,,review,unknown,ghidra-12.1.3-initial-inventory
0x0051C0D0,unknown,,review,unknown,ghidra-12.1.3-initial-inventory
0x0051C110,unknown,,review,unknown,ghidra-12.1.3-initial-inventory
0x0051C130,unknown,,review,unknown,ghidra-12.1.3-initial-inventory
0x0051C150,unknown,,review,unknown,ghidra-12.1.3-initial-inventory
0x0051C1E0,unknown,,review,unknown,ghidra-12.1.3-initial-inventory
0x0051C240,unknown,,review,unknown,ghidra-12.1.3-initial-inventory
0x0051C260,unknown,,review,unknown,ghidra-12.1.3-initial-inventory
0x0051C4D0,unknown,,review,unknown,ghidra-12.1.3-initial-inventory
0x0051C4F0,unknown,,review,unknown,ghidra-12.1.3-initial-inventory
0x0051C6B0,unknown,,review,unknown,ghidra-12.1.3-initial-inventory
0x0051C6D0,unknown,,review,unknown,ghidra-12.1.3-initial-inventory
0x0051C6F0,unknown,,review,unknown,ghidra-12.1.3-initial-inventory
0x0051C7A0,unknown,,review,unknown,ghidra-12.1.3-initial-inventory
0x0051C7E0,unknown,,review,unknown,ghidra-12.1.3-initial-inventory
0x0051C880,unknown,,review,unknown,ghidra-12.1.3-initial-inventory
0x0051C8B0,unknown,,review,unknown,ghidra-12.1.3-initial-inventory
0x0051C920,unknown,,review,unknown,ghidra-12.1.3-initial-inventory
0x0051CA20,unknown,,review,unknown,ghidra-12.1.3-initial-inventory
0x0051CA30,unknown,,review,unknown,ghidra-12.1.3-initial-inventory
0x0051CA70,unknown,,review,unknown,ghidra-12.1.3-initial-inventory
0x0051CAB0,unknown,,review,unknown,ghidra-12.1.3-initial-inventory
0x0051CAF0,unknown,,review,unknown,ghidra-12.1.3-initial-inventory
0x0051CB20,unknown,,review,unknown,ghidra-12.1.3-initial-inventory
0x0051CB80,unknown,,review,unknown,ghidra-12.1.3-initial-inventory
0x0051CB90,unknown,,review,unknown,ghidra-12.1.3-initial-inventory
0x0051CC20,unknown,,review,unknown,ghidra-12.1.3-initial-inventory
0x0051CC80,unknown,,review,unknown,ghidra-12.1.3-initial-inventory
0x0051CCD0,unknown,,review,unknown,ghidra-12.1.3-initial-inventory
0x0051CCF0,unknown,,review,unknown,ghidra-12.1.3-initial-inventory
0x0051CD60,unknown,,review,unknown,ghidra-12.1.3-initial-inventory
0x0051CD70,unknown,,review,unknown,ghidra-12.1.3-initial-inventory
0x0051CE60,unknown,,review,unknown,ghidra-12.1.3-initial-inventory
0x0051CEF0,unknown,,review,unknown,ghidra-12.1.3-initial-inventory
0x0051CF20,unknown,,review,unknown,ghidra-12.1.3-initial-inventory
0x0051D040,unknown,,review,unknown,ghidra-12.1.3-initial-inventory
0x0051D170,unknown,,review,unknown,ghidra-12.1.3-initial-inventory
0x0051D190,unknown,,review,unknown,ghidra-12.1.3-initial-inventory
0x0051D230,unknown,,review,unknown,ghidra-12.1.3-initial-inventory
0x0051D2E0,unknown,,review,unknown,ghidra-12.1.3-initial-inventory
0x0051D370,unknown,,review,unknown,ghidra-12.1.3-initial-inventory
0x0051D3E0,unknown,,review,unknown,ghidra-12.1.3-initial-inventory
0x0051D5D0,unknown,,review,unknown,ghidra-12.1.3-initial-inventory
0x0051D6A0,unknown,,review,unknown,ghidra-12.1.3-initial-inventory
0x0051D790,unknown,,review,unknown,ghidra-12.1.3-initial-inventory
0x0051D810,unknown,,review,unknown,ghidra-12.1.3-initial-inventory
0x0051D890,unknown,,review,unknown,ghidra-12.1.3-initial-inventory
0x0051D8B0,unknown,,review,unknown,ghidra-12.1.3-initial-inventory
0x0051D900,unknown,,review,unknown,ghidra-12.1.3-initial-inventory
0x0051D990,unknown,,review,unknown,ghidra-12.1.3-initial-inventory
0x0051D9B0,unknown,TitleFlags,review,pending,"REF-026: complete natural canonical contribution with independently reviewed typed owner, callers and consumers. TitleFlags preserves upper28 bits at Title+58D4; PracticeScore predicate reads signed byte9 then8 on the real sixteen-byte record. Cold113-unit replay and dirty-storage/all65536 signed byte-pair semantic tests pass. Original names and authored/compiler/shared origins pending; no authored credit or whole Title/Profile acceptance. See docs/REFERENCE_TITLE_REVIEW.md."
0x0051DA00,unknown,,review,unknown,ghidra-12.1.3-initial-inventory
0x0051DA50,unknown,,review,unknown,ghidra-12.1.3-initial-inventory
0x0051DAA0,unknown,,review,unknown,ghidra-12.1.3-initial-inventory
0x0051DB00,unknown,,review,unknown,ghidra-12.1.3-initial-inventory
0x0051DEA0,unknown,,review,unknown,ghidra-12.1.3-initial-inventory
0x0051E030,unknown,,review,unknown,ghidra-12.1.3-initial-inventory
0x0051E080,unknown,,review,unknown,ghidra-12.1.3-initial-inventory
0x0051E0A0,unknown,,review,unknown,ghidra-12.1.3-initial-inventory
0x0051E0C0,unknown,,review,unknown,ghidra-12.1.3-initial-inventory
0x0051E0E0,unknown,,review,unknown,ghidra-12.1.3-initial-inventory
0x0051E100,unknown,,review,unknown,ghidra-12.1.3-initial-inventory
0x0051E170,unknown,,review,unknown,ghidra-12.1.3-initial-inventory
0x0051E180,unknown,,review,unknown,ghidra-12.1.3-initial-inventory
0x0051E1C0,unknown,,review,unknown,ghidra-12.1.3-initial-inventory
0x0051E3C0,unknown,,review,unknown,ghidra-12.1.3-initial-inventory
0x0051ED90,unknown,,review,unknown,ghidra-12.1.3-initial-inventory
0x0051F220,unknown,,review,unknown,ghidra-12.1.3-initial-inventory
0x0051F310,unknown,,review,unknown,ghidra-12.1.3-initial-inventory
0x0051F3C0,unknown,,review,unknown,ghidra-12.1.3-initial-inventory
0x0051F490,unknown,,review,unknown,ghidra-12.1.3-initial-inventory
0x0051F7E0,unknown,,review,unknown,ghidra-12.1.3-initial-inventory
0x0051F890,unknown,,review,unknown,ghidra-12.1.3-initial-inventory
0x0051FD20,unknown,,review,unknown,ghidra-12.1.3-initial-inventory
0x0051FD60,unknown,,review,unknown,ghidra-12.1.3-initial-inventory
0x0051FD80,unknown,,review,unknown,ghidra-12.1.3-initial-inventory
0x0051FEB0,unknown,,review,unknown,ghidra-12.1.3-initial-inventory
0x005204C0,unknown,,review,unknown,ghidra-12.1.3-initial-inventory
0x005205D0,unknown,,review,unknown,ghidra-12.1.3-initial-inventory
0x00520C80,unknown,,review,unknown,ghidra-12.1.3-initial-inventory
0x00520FB0,unknown,,review,unknown,ghidra-12.1.3-initial-inventory
0x00521060,unknown,,review,unknown,ghidra-12.1.3-initial-inventory
0x00521BC0,unknown,,review,unknown,ghidra-12.1.3-initial-inventory
0x005223E0,unknown,,review,unknown,ghidra-12.1.3-initial-inventory
0x00522E20,unknown,,review,unknown,ghidra-12.1.3-initial-inventory
0x00523440,unknown,,review,unknown,ghidra-12.1.3-initial-inventory
0x005240D0,unknown,,review,unknown,ghidra-12.1.3-initial-inventory
0x00524C10,unknown,,review,unknown,ghidra-12.1.3-initial-inventory
0x005257F0,unknown,,review,unknown,ghidra-12.1.3-initial-inventory
0x005265A0,unknown,,review,unknown,ghidra-12.1.3-initial-inventory
0x00526A90,unknown,,review,unknown,ghidra-12.1.3-initial-inventory
0x005277F0,unknown,,review,unknown,ghidra-12.1.3-initial-inventory
0x00527F00,unknown,,review,unknown,ghidra-12.1.3-initial-inventory
0x005284F0,unknown,,review,unknown,ghidra-12.1.3-initial-inventory
0x00528A50,unknown,,review,unknown,ghidra-12.1.3-initial-inventory
0x00528FC0,unknown,,review,unknown,ghidra-12.1.3-initial-inventory
0x00529430,unknown,,review,unknown,ghidra-12.1.3-initial-inventory
0x00529B40,unknown,,review,unknown,ghidra-12.1.3-initial-inventory
0x00529E80,unknown,,review,unknown,ghidra-12.1.3-initial-inventory
0x0052A700,unknown,,review,unknown,ghidra-12.1.3-initial-inventory
0x0052A8A0,unknown,,review,unknown,ghidra-12.1.3-initial-inventory
0x0052B480,unknown,,review,unknown,ghidra-12.1.3-initial-inventory
0x0052B8E0,unknown,,review,unknown,ghidra-12.1.3-initial-inventory
0x0052C030,unknown,,review,unknown,ghidra-12.1.3-initial-inventory
0x0052C190,unknown,,review,unknown,ghidra-12.1.3-initial-inventory
0x0052C1B0,unknown,,review,unknown,ghidra-12.1.3-initial-inventory
0x0052C1E0,unknown,,review,unknown,ghidra-12.1.3-initial-inventory
0x0052C1F0,unknown,,review,unknown,ghidra-12.1.3-initial-inventory
0x0052C210,unknown,,review,unknown,ghidra-12.1.3-initial-inventory
0x0052C220,unknown,,review,unknown,ghidra-12.1.3-initial-inventory
0x0052C240,unknown,,review,unknown,ghidra-12.1.3-initial-inventory
0x0052C280,unknown,,review,unknown,ghidra-12.1.3-initial-inventory
0x0052C2A0,unknown,,review,unknown,ghidra-12.1.3-initial-inventory
0x0052C2C0,unknown,,review,unknown,ghidra-12.1.3-initial-inventory
0x0052C2E0,unknown,,review,unknown,ghidra-12.1.3-initial-inventory
0x0052C300,unknown,,review,unknown,ghidra-12.1.3-initial-inventory
0x0052C320,unknown,,review,unknown,ghidra-12.1.3-initial-inventory
0x0052C3E0,unknown,,review,unknown,ghidra-12.1.3-initial-inventory
0x0052C400,unknown,,review,unknown,ghidra-12.1.3-initial-inventory
0x0052C420,unknown,,review,unknown,ghidra-12.1.3-initial-inventory
0x0052C440,unknown,,review,unknown,ghidra-12.1.3-initial-inventory
0x0052C4F0,unknown,,review,unknown,ghidra-12.1.3-initial-inventory
0x0052C640,unknown,,review,unknown,ghidra-12.1.3-initial-inventory
0x0052C700,unknown,,review,unknown,ghidra-12.1.3-initial-inventory
0x0052C730,unknown,,review,unknown,ghidra-12.1.3-initial-inventory
0x0052C750,unknown,,review,unknown,ghidra-12.1.3-initial-inventory
0x0052C7B0,unknown,,review,unknown,ghidra-12.1.3-initial-inventory
0x0052C870,unknown,,review,unknown,ghidra-12.1.3-initial-inventory
0x0052C9C0,unknown,,review,unknown,ghidra-12.1.3-initial-inventory
0x0052C9F0,unknown,,review,unknown,ghidra-12.1.3-initial-inventory
0x0052CA30,unknown,ProgressRecords,review,pending,"REF-026: complete natural canonical contribution with independently reviewed typed owner, callers and consumers. TitleFlags preserves upper28 bits at Title+58D4; PracticeScore predicate reads signed byte9 then8 on the real sixteen-byte record. Cold113-unit replay and dirty-storage/all65536 signed byte-pair semantic tests pass. Original names and authored/compiler/shared origins pending; no authored credit or whole Title/Profile acceptance. See docs/REFERENCE_TITLE_REVIEW.md."
0x0052CA70,unknown,,review,unknown,ghidra-12.1.3-initial-inventory
0x0052CB30,unknown,,review,unknown,ghidra-12.1.3-initial-inventory
0x0052CBD0,unknown,,review,unknown,ghidra-12.1.3-initial-inventory
0x0052CBF0,unknown,,review,unknown,ghidra-12.1.3-initial-inventory
0x0052CC30,unknown,,review,unknown,ghidra-12.1.3-initial-inventory
0x0052CC90,unknown,,review,unknown,ghidra-12.1.3-initial-inventory
0x0052CCD0,unknown,,review,unknown,ghidra-12.1.3-initial-inventory
0x0052CD10,unknown,,review,unknown,ghidra-12.1.3-initial-inventory
0x0052CD50,unknown,,review,unknown,ghidra-12.1.3-initial-inventory
0x0052CD80,unknown,,review,unknown,ghidra-12.1.3-initial-inventory
0x0052CDA0,unknown,,review,unknown,ghidra-12.1.3-initial-inventory
0x0052CDD0,unknown,,review,unknown,ghidra-12.1.3-initial-inventory
0x0052CDF0,unknown,,review,unknown,ghidra-12.1.3-initial-inventory
0x0052CE30,unknown,,review,unknown,ghidra-12.1.3-initial-inventory
0x0052CE50,unknown,,review,unknown,ghidra-12.1.3-initial-inventory
0x0052CE80,unknown,,review,unknown,ghidra-12.1.3-initial-inventory
0x0052CEB0,unknown,,review,unknown,ghidra-12.1.3-initial-inventory
0x0052CED0,unknown,,review,unknown,ghidra-12.1.3-initial-inventory
0x0052CF10,unknown,,review,unknown,ghidra-12.1.3-initial-inventory
0x0052CF40,unknown,,review,unknown,ghidra-12.1.3-initial-inventory
0x0052CF70,unknown,,review,unknown,ghidra-12.1.3-initial-inventory
0x0052CF80,unknown,,review,unknown,ghidra-12.1.3-initial-inventory
0x0052CFE0,unknown,,review,unknown,ghidra-12.1.3-initial-inventory
0x0052D040,unknown,,review,unknown,ghidra-12.1.3-initial-inventory
0x0052D070,unknown,,review,unknown,ghidra-12.1.3-initial-inventory
0x0052D0A0,unknown,,review,unknown,ghidra-12.1.3-initial-inventory
0x0052D0D0,unknown,,review,unknown,ghidra-12.1.3-initial-inventory
0x0052D140,unknown,,review,unknown,ghidra-12.1.3-initial-inventory
0x0052D1B0,unknown,,review,unknown,ghidra-12.1.3-initial-inventory
0x0052D200,unknown,,review,unknown,ghidra-12.1.3-initial-inventory
0x0052D250,unknown,,review,unknown,ghidra-12.1.3-initial-inventory
0x0052D270,unknown,,review,unknown,ghidra-12.1.3-initial-inventory
0x0052D3D0,unknown,,review,unknown,ghidra-12.1.3-initial-inventory
0x0052D3F0,unknown,,review,unknown,ghidra-12.1.3-initial-inventory
0x0052D450,unknown,,review,unknown,ghidra-12.1.3-initial-inventory
0x0052D4C0,unknown,,review,unknown,ghidra-12.1.3-initial-inventory
0x0052D4E0,unknown,,review,unknown,ghidra-12.1.3-initial-inventory
0x0052D540,unknown,,review,unknown,ghidra-12.1.3-initial-inventory
0x0052D5A0,unknown,,review,unknown,ghidra-12.1.3-initial-inventory
0x0052D5C0,unknown,,review,unknown,ghidra-12.1.3-initial-inventory
0x0052D690,unknown,,review,unknown,ghidra-12.1.3-initial-inventory
0x0052D6E0,unknown,,review,unknown,ghidra-12.1.3-initial-inventory
0x0052D7D0,unknown,,review,unknown,ghidra-12.1.3-initial-inventory
0x0052D8C0,unknown,,review,unknown,ghidra-12.1.3-initial-inventory
0x0052D910,unknown,,review,unknown,ghidra-12.1.3-initial-inventory
0x0052D940,unknown,,review,unknown,ghidra-12.1.3-initial-inventory
0x0052D970,unknown,,review,unknown,ghidra-12.1.3-initial-inventory
0x0052D990,unknown,,review,unknown,ghidra-12.1.3-initial-inventory
0x0052D9C0,unknown,,review,unknown,ghidra-12.1.3-initial-inventory
0x0052D9F0,unknown,,review,unknown,ghidra-12.1.3-initial-inventory
0x0052DA20,unknown,,review,unknown,ghidra-12.1.3-initial-inventory
0x0052DA70,unknown,,review,unknown,ghidra-12.1.3-initial-inventory
0x0052DB40,unknown,,review,unknown,ghidra-12.1.3-initial-inventory
0x0052DB70,unknown,,review,unknown,ghidra-12.1.3-initial-inventory
0x0052DB90,unknown,,review,unknown,ghidra-12.1.3-initial-inventory
0x0052DC00,unknown,,review,unknown,ghidra-12.1.3-initial-inventory
0x0052DCA0,unknown,,review,unknown,ghidra-12.1.3-initial-inventory
0x0052DCE0,unknown,,review,unknown,ghidra-12.1.3-initial-inventory
0x0052DD00,unknown,,review,unknown,ghidra-12.1.3-initial-inventory
0x0052DD30,unknown,,review,unknown,ghidra-12.1.3-initial-inventory
0x0052DD50,unknown,,review,unknown,ghidra-12.1.3-initial-inventory
0x0052DD70,unknown,,review,unknown,ghidra-12.1.3-initial-inventory
0x0052DD90,unknown,,review,unknown,ghidra-12.1.3-initial-inventory
0x0052DDB0,unknown,,review,unknown,ghidra-12.1.3-initial-inventory
0x0052DDD0,unknown,,review,unknown,ghidra-12.1.3-initial-inventory
0x0052DDF0,unknown,,review,unknown,ghidra-12.1.3-initial-inventory
0x0052DE20,unknown,,review,unknown,ghidra-12.1.3-initial-inventory
0x0052DE40,unknown,,review,unknown,ghidra-12.1.3-initial-inventory
0x0052DE60,unknown,,review,unknown,ghidra-12.1.3-initial-inventory
0x0052DE90,unknown,,review,unknown,ghidra-12.1.3-initial-inventory
0x0052DEB0,unknown,,review,unknown,ghidra-12.1.3-initial-inventory
0x0052DED0,unknown,,review,unknown,ghidra-12.1.3-initial-inventory
0x0052DF00,unknown,,review,unknown,ghidra-12.1.3-initial-inventory
0x0052DF30,unknown,,review,unknown,ghidra-12.1.3-initial-inventory
0x0052E170,unknown,,review,unknown,ghidra-12.1.3-initial-inventory
0x0052E210,unknown,,review,unknown,ghidra-12.1.3-initial-inventory
0x0052E730,unknown,,review,unknown,ghidra-12.1.3-initial-inventory
0x0052E770,unknown,,review,unknown,ghidra-12.1.3-initial-inventory
0x0052E7A0,unknown,,review,unknown,ghidra-12.1.3-initial-inventory
0x0052E7D0,unknown,,review,unknown,ghidra-12.1.3-initial-inventory
0x0052E800,unknown,,review,unknown,ghidra-12.1.3-initial-inventory
0x0052E830,unknown,,review,unknown,ghidra-12.1.3-initial-inventory
0x0052E860,unknown,,review,unknown,ghidra-12.1.3-initial-inventory
0x0052EB30,unknown,,review,unknown,ghidra-12.1.3-initial-inventory
0x0052EB60,unknown,,review,unknown,ghidra-12.1.3-initial-inventory
0x0052EB80,unknown,,review,unknown,ghidra-12.1.3-initial-inventory
0x0052EBA0,unknown,,review,unknown,ghidra-12.1.3-initial-inventory
0x0052EBC0,unknown,,review,unknown,ghidra-12.1.3-initial-inventory
0x0052EC30,unknown,,review,unknown,ghidra-12.1.3-initial-inventory
0x0052ECA0,unknown,,review,unknown,ghidra-12.1.3-initial-inventory
0x0052ECC0,unknown,,review,unknown,ghidra-12.1.3-initial-inventory
0x0052ECE0,unknown,,review,unknown,ghidra-12.1.3-initial-inventory
0x0052ED00,unknown,,review,unknown,ghidra-12.1.3-initial-inventory
0x0052EDF0,unknown,,review,unknown,ghidra-12.1.3-initial-inventory
0x0052EE10,unknown,,review,unknown,ghidra-12.1.3-initial-inventory
0x0052EE50,unknown,,review,unknown,ghidra-12.1.3-initial-inventory
0x0052EE60,unknown,,review,unknown,ghidra-12.1.3-initial-inventory
0x0052EE70,unknown,,review,unknown,ghidra-12.1.3-initial-inventory
0x0052EEC0,unknown,,review,unknown,ghidra-12.1.3-initial-inventory
0x0052EF10,unknown,,review,unknown,ghidra-12.1.3-initial-inventory
0x0052EF70,unknown,,review,unknown,ghidra-12.1.3-initial-inventory
0x0052EFB0,unknown,,review,unknown,ghidra-12.1.3-initial-inventory
0x0052EFE0,unknown,,review,unknown,ghidra-12.1.3-initial-inventory
0x0052F030,unknown,,review,unknown,ghidra-12.1.3-initial-inventory
0x0052F040,unknown,,review,unknown,ghidra-12.1.3-initial-inventory
0x0052F060,authored,TrophyText,authored,high,"REF-020; Native Trophy-specific resource allocator/parser and notification consumer independently establish actual704-byte message records, title4/description104 with seven256-byte encoded rows, and shared256-byte decoder result at5C6860. Complete native member/cdecl extents and global anchor read before probing. Decoder includes encoded NUL and byte key77/step7 with step+=16; valid total length<=256, shared result overwritten and nonreentrant. Message reset writes signed id=-1 only, preserving all1792 string bytes. No full Trophy owner, PMR encoder, parser, allocation or resource lifetime acceptance."
0x0052F0D0,unknown,,review,unknown,ghidra-12.1.3-initial-inventory
0x0052F100,unknown,,review,unknown,ghidra-12.1.3-initial-inventory
0x0052F190,unknown,,review,unknown,ghidra-12.1.3-initial-inventory
0x0052F420,unknown,,review,unknown,ghidra-12.1.3-initial-inventory
0x0052F4A0,unknown,,review,unknown,ghidra-12.1.3-initial-inventory
0x0052F4C0,unknown,,review,unknown,ghidra-12.1.3-initial-inventory
0x0052F4E0,unknown,,review,unknown,ghidra-12.1.3-initial-inventory
0x0052F540,unknown,,review,unknown,ghidra-12.1.3-initial-inventory
0x0052F590,authored,TrophyText,authored,high,"REF-020; Native Trophy-specific resource allocator/parser and notification consumer independently establish actual704-byte message records, title4/description104 with seven256-byte encoded rows, and shared256-byte decoder result at5C6860. Complete native member/cdecl extents and global anchor read before probing. Decoder includes encoded NUL and byte key77/step7 with step+=16; valid total length<=256, shared result overwritten and nonreentrant. Message reset writes signed id=-1 only, preserving all1792 string bytes. No full Trophy owner, PMR encoder, parser, allocation or resource lifetime acceptance."
0x0052F5B0,unknown,,review,unknown,ghidra-12.1.3-initial-inventory
0x0052F670,unknown,,review,unknown,ghidra-12.1.3-initial-inventory
0x0052F740,unknown,,review,unknown,ghidra-12.1.3-initial-inventory
0x0052F7D0,unknown,,review,unknown,ghidra-12.1.3-initial-inventory
0x0052F800,unknown,,review,unknown,ghidra-12.1.3-initial-inventory
0x0052F840,unknown,,review,unknown,ghidra-12.1.3-initial-inventory
0x0052F8E0,unknown,,review,unknown,ghidra-12.1.3-initial-inventory
0x0052F900,unknown,,review,unknown,ghidra-12.1.3-initial-inventory
0x0052F9B0,unknown,,review,unknown,ghidra-12.1.3-initial-inventory
0x0052FA40,unknown,,review,unknown,ghidra-12.1.3-initial-inventory
0x0052FAD0,unknown,,review,unknown,ghidra-12.1.3-initial-inventory
0x0052FB40,unknown,,review,unknown,ghidra-12.1.3-initial-inventory
0x0052FB60,unknown,,review,unknown,ghidra-12.1.3-initial-inventory
0x0052FB80,unknown,,review,unknown,ghidra-12.1.3-initial-inventory
0x0052FBC0,unknown,,review,unknown,ghidra-12.1.3-initial-inventory
0x0052FBD0,unknown,,review,unknown,ghidra-12.1.3-initial-inventory
0x0052FC80,unknown,,review,unknown,ghidra-12.1.3-initial-inventory
0x0052FD10,unknown,,review,unknown,ghidra-12.1.3-initial-inventory
0x0052FD70,unknown,,review,unknown,ghidra-12.1.3-initial-inventory
0x0052FE80,unknown,,review,unknown,ghidra-12.1.3-initial-inventory
0x0052FEE0,unknown,,review,unknown,ghidra-12.1.3-initial-inventory
0x0052FF70,unknown,,review,unknown,ghidra-12.1.3-initial-inventory
0x0052FFD0,unknown,,review,unknown,ghidra-12.1.3-initial-inventory
0x00530010,unknown,,review,unknown,ghidra-12.1.3-initial-inventory
0x005301C0,unknown,,review,unknown,ghidra-12.1.3-initial-inventory
0x00530350,unknown,,review,unknown,ghidra-12.1.3-initial-inventory
0x00530370,unknown,,review,unknown,ghidra-12.1.3-initial-inventory
0x00530500,unknown,,review,unknown,ghidra-12.1.3-initial-inventory
0x00530520,unknown,,review,unknown,ghidra-12.1.3-initial-inventory
0x00530540,unknown,,review,unknown,ghidra-12.1.3-initial-inventory
0x00530560,unknown,,review,unknown,ghidra-12.1.3-initial-inventory
0x00530580,unknown,,review,unknown,ghidra-12.1.3-initial-inventory
0x005305A0,unknown,,review,unknown,ghidra-12.1.3-initial-inventory
0x005305C0,unknown,,review,unknown,ghidra-12.1.3-initial-inventory
0x005305F0,unknown,,review,unknown,ghidra-12.1.3-initial-inventory
0x00530610,unknown,,review,unknown,ghidra-12.1.3-initial-inventory
0x005306A0,unknown,,review,unknown,ghidra-12.1.3-initial-inventory
0x005306E0,unknown,,review,unknown,ghidra-12.1.3-initial-inventory
0x00530700,unknown,,review,unknown,ghidra-12.1.3-initial-inventory
0x00530750,unknown,,review,unknown,ghidra-12.1.3-initial-inventory
0x005307E0,unknown,,review,unknown,ghidra-12.1.3-initial-inventory
0x005309D0,unknown,,review,unknown,ghidra-12.1.3-initial-inventory
0x00530A00,unknown,,review,unknown,ghidra-12.1.3-initial-inventory
0x00530AC0,unknown,,review,unknown,ghidra-12.1.3-initial-inventory
0x00530AE0,unknown,,review,unknown,ghidra-12.1.3-initial-inventory
0x00530B00,unknown,,review,unknown,ghidra-12.1.3-initial-inventory
0x00530B90,unknown,,review,unknown,ghidra-12.1.3-initial-inventory
0x00530BD0,unknown,,review,unknown,ghidra-12.1.3-initial-inventory
0x00530C90,unknown,,review,unknown,ghidra-12.1.3-initial-inventory
0x00530CB0,unknown,,review,unknown,ghidra-12.1.3-initial-inventory
0x00530D40,unknown,,review,unknown,ghidra-12.1.3-initial-inventory
0x00530D60,unknown,,review,unknown,ghidra-12.1.3-initial-inventory
0x00530DF0,unknown,,review,unknown,ghidra-12.1.3-initial-inventory
0x00530E80,unknown,,review,unknown,ghidra-12.1.3-initial-inventory
0x00531030,unknown,,review,unknown,ghidra-12.1.3-initial-inventory
0x00531050,unknown,,review,unknown,ghidra-12.1.3-initial-inventory
0x00531070,unknown,,review,unknown,ghidra-12.1.3-initial-inventory
0x00531100,unknown,,review,unknown,ghidra-12.1.3-initial-inventory
0x00531150,unknown,,review,unknown,ghidra-12.1.3-initial-inventory
0x005311E0,unknown,,review,unknown,ghidra-12.1.3-initial-inventory
0x00531200,unknown,,review,unknown,ghidra-12.1.3-initial-inventory
0x00531260,unknown,,review,unknown,ghidra-12.1.3-initial-inventory
0x005312B0,unknown,,review,unknown,ghidra-12.1.3-initial-inventory
0x005312D0,unknown,,review,unknown,ghidra-12.1.3-initial-inventory
0x00531400,unknown,,review,unknown,ghidra-12.1.3-initial-inventory
0x00531460,unknown,,review,unknown,ghidra-12.1.3-initial-inventory
0x00531550,unknown,,review,unknown,ghidra-12.1.3-initial-inventory
0x00531580,unknown,,review,unknown,ghidra-12.1.3-initial-inventory
0x005315A0,unknown,,review,unknown,ghidra-12.1.3-initial-inventory
0x005315C0,unknown,,review,unknown,ghidra-12.1.3-initial-inventory
0x00531650,unknown,,review,unknown,ghidra-12.1.3-initial-inventory
0x005316C0,unknown,,review,unknown,ghidra-12.1.3-initial-inventory
0x00531760,unknown,,review,unknown,ghidra-12.1.3-initial-inventory
0x00531800,unknown,,review,unknown,ghidra-12.1.3-initial-inventory
0x00531850,unknown,,review,unknown,ghidra-12.1.3-initial-inventory
0x005319F0,unknown,,review,unknown,ghidra-12.1.3-initial-inventory
0x00531A50,unknown,,review,unknown,ghidra-12.1.3-initial-inventory
0x00531BB0,unknown,,review,unknown,ghidra-12.1.3-initial-inventory
0x00531BD0,unknown,,review,unknown,ghidra-12.1.3-initial-inventory
0x00531BF0,unknown,,review,unknown,ghidra-12.1.3-initial-inventory
0x00531C10,unknown,,review,unknown,ghidra-12.1.3-initial-inventory
0x00531C30,unknown,,review,unknown,ghidra-12.1.3-initial-inventory
0x00531CC0,unknown,,review,unknown,ghidra-12.1.3-initial-inventory
0x00531D30,unknown,,review,unknown,ghidra-12.1.3-initial-inventory
0x00531DE0,unknown,,review,unknown,ghidra-12.1.3-initial-inventory
0x00531E80,unknown,,review,unknown,ghidra-12.1.3-initial-inventory
0x00532030,unknown,,review,unknown,ghidra-12.1.3-initial-inventory
0x005321A0,unknown,,review,unknown,ghidra-12.1.3-initial-inventory
0x005321C0,unknown,,review,unknown,ghidra-12.1.3-initial-inventory
0x005321E0,unknown,,review,unknown,ghidra-12.1.3-initial-inventory
0x00532270,unknown,,review,unknown,ghidra-12.1.3-initial-inventory
0x005322C0,unknown,,review,unknown,ghidra-12.1.3-initial-inventory
0x00532310,unknown,,review,unknown,ghidra-12.1.3-initial-inventory
0x00532330,unknown,,review,unknown,ghidra-12.1.3-initial-inventory
0x005323C0,unknown,,review,unknown,ghidra-12.1.3-initial-inventory
0x005323E0,unknown,,review,unknown,ghidra-12.1.3-initial-inventory
0x00532440,unknown,,review,unknown,ghidra-12.1.3-initial-inventory
0x00532460,unknown,,review,unknown,ghidra-12.1.3-initial-inventory
0x00532480,unknown,,review,unknown,ghidra-12.1.3-initial-inventory
0x00532510,unknown,,review,unknown,ghidra-12.1.3-initial-inventory
0x00532530,unknown,,review,unknown,ghidra-12.1.3-initial-inventory
0x00532560,unknown,,review,unknown,ghidra-12.1.3-initial-inventory
0x00532580,unknown,,review,unknown,ghidra-12.1.3-initial-inventory
0x00532610,unknown,,review,unknown,ghidra-12.1.3-initial-inventory
0x00532630,unknown,,review,unknown,ghidra-12.1.3-initial-inventory
0x00532650,unknown,,review,unknown,ghidra-12.1.3-initial-inventory
0x005326E0,unknown,,review,unknown,ghidra-12.1.3-initial-inventory
0x00532700,unknown,,review,unknown,ghidra-12.1.3-initial-inventory
0x00532720,unknown,,review,unknown,ghidra-12.1.3-initial-inventory
0x00532740,unknown,,review,unknown,ghidra-12.1.3-initial-inventory
0x005327B0,unknown,,review,unknown,ghidra-12.1.3-initial-inventory
0x00532840,unknown,,review,unknown,ghidra-12.1.3-initial-inventory
0x00532850,unknown,OverlayCounter,review,pending,"REF-032: complete natural constructor on actual68/8/8-byte display/overlay values, independently confirmed by native enclosing-owner construction and float/record consumers.149-unit/41-object cold canonical replay and dirty-storage C++20/UBSan checks pass. Original spelling and authored/compiler origin pending.672-body batch ongoing; see docs/REFERENCE_OVERLAY_HUD_SCORE_COMPLETION_REVIEW.md."
0x00532880,unknown,,review,unknown,ghidra-12.1.3-initial-inventory
0x00532950,unknown,,review,unknown,ghidra-12.1.3-initial-inventory
0x00532970,unknown,,review,unknown,ghidra-12.1.3-initial-inventory
0x00532A90,unknown,,review,unknown,ghidra-12.1.3-initial-inventory
0x00532AB0,unknown,,review,unknown,ghidra-12.1.3-initial-inventory
0x00532AE0,unknown,,review,unknown,ghidra-12.1.3-initial-inventory
0x00532B20,unknown,,review,unknown,ghidra-12.1.3-initial-inventory
0x00532F20,unknown,,review,unknown,ghidra-12.1.3-initial-inventory
0x00532F40,unknown,,review,unknown,ghidra-12.1.3-initial-inventory
0x00532FB0,unknown,,review,unknown,ghidra-12.1.3-initial-inventory
0x005330A0,unknown,,review,unknown,ghidra-12.1.3-initial-inventory
0x00533180,unknown,,review,unknown,ghidra-12.1.3-initial-inventory
0x005331E0,unknown,,review,unknown,ghidra-12.1.3-initial-inventory
0x005332B0,unknown,,review,unknown,ghidra-12.1.3-initial-inventory
0x005333B0,unknown,,review,unknown,ghidra-12.1.3-initial-inventory
0x00533700,unknown,,review,unknown,ghidra-12.1.3-initial-inventory
0x00533720,unknown,,review,unknown,ghidra-12.1.3-initial-inventory
0x00533780,unknown,,review,unknown,ghidra-12.1.3-initial-inventory
0x00533920,unknown,,review,unknown,ghidra-12.1.3-initial-inventory
0x00533970,unknown,,review,unknown,ghidra-12.1.3-initial-inventory
0x00534070,unknown,,review,unknown,ghidra-12.1.3-initial-inventory
0x00534080,unknown,,review,unknown,ghidra-12.1.3-initial-inventory
0x00534110,unknown,,review,unknown,ghidra-12.1.3-initial-inventory
0x00534130,unknown,,review,unknown,ghidra-12.1.3-initial-inventory
0x00534180,unknown,,review,unknown,ghidra-12.1.3-initial-inventory
0x00534210,unknown,,review,unknown,ghidra-12.1.3-initial-inventory
0x00534260,unknown,,review,unknown,ghidra-12.1.3-initial-inventory
0x005342B0,unknown,,review,unknown,ghidra-12.1.3-initial-inventory
0x00534300,unknown,,review,unknown,ghidra-12.1.3-initial-inventory
0x00534320,unknown,,review,unknown,ghidra-12.1.3-initial-inventory
0x00534390,unknown,,review,unknown,ghidra-12.1.3-initial-inventory
0x005343B0,unknown,,review,unknown,ghidra-12.1.3-initial-inventory
0x00534420,unknown,,review,unknown,ghidra-12.1.3-initial-inventory
0x005344B0,unknown,,review,unknown,ghidra-12.1.3-initial-inventory
0x005344D0,unknown,,review,unknown,ghidra-12.1.3-initial-inventory
0x005345B0,unknown,,review,unknown,ghidra-12.1.3-initial-inventory
0x005345D0,unknown,,review,unknown,ghidra-12.1.3-initial-inventory
0x00534600,unknown,,review,unknown,ghidra-12.1.3-initial-inventory
0x005346E0,unknown,,review,unknown,ghidra-12.1.3-initial-inventory
0x00534700,unknown,,review,unknown,ghidra-12.1.3-initial-inventory
0x00534730,unknown,,review,unknown,ghidra-12.1.3-initial-inventory
0x005347B0,unknown,,review,unknown,ghidra-12.1.3-initial-inventory
0x005347D0,unknown,,review,unknown,ghidra-12.1.3-initial-inventory
0x005348B0,unknown,,review,unknown,ghidra-12.1.3-initial-inventory
0x005348D0,unknown,,review,unknown,ghidra-12.1.3-initial-inventory
0x00534AB0,unknown,,review,unknown,ghidra-12.1.3-initial-inventory
0x00534D00,unknown,,review,unknown,ghidra-12.1.3-initial-inventory
0x00534DD0,unknown,,review,unknown,ghidra-12.1.3-initial-inventory
0x00534E30,unknown,,review,unknown,ghidra-12.1.3-initial-inventory
0x00534E50,unknown,,review,unknown,ghidra-12.1.3-initial-inventory
0x00534EE0,unknown,,review,unknown,ghidra-12.1.3-initial-inventory
0x00534F10,unknown,,review,unknown,ghidra-12.1.3-initial-inventory
0x00534FA0,unknown,,review,unknown,ghidra-12.1.3-initial-inventory
0x00534FD0,unknown,,review,unknown,ghidra-12.1.3-initial-inventory
0x005350B0,unknown,,review,unknown,ghidra-12.1.3-initial-inventory
0x00535130,unknown,,review,unknown,ghidra-12.1.3-initial-inventory
0x005351D0,unknown,,review,unknown,ghidra-12.1.3-initial-inventory
0x005351F0,unknown,,review,unknown,ghidra-12.1.3-initial-inventory
0x00535260,unknown,,review,unknown,ghidra-12.1.3-initial-inventory
0x00535310,unknown,,review,unknown,ghidra-12.1.3-initial-inventory
0x00535350,unknown,,review,unknown,ghidra-12.1.3-initial-inventory
0x00535370,unknown,,review,unknown,ghidra-12.1.3-initial-inventory
0x005353E0,unknown,,review,unknown,ghidra-12.1.3-initial-inventory
0x00535680,unknown,,review,unknown,ghidra-12.1.3-initial-inventory
0x00535740,unknown,,review,unknown,ghidra-12.1.3-initial-inventory
0x00535770,unknown,,review,unknown,ghidra-12.1.3-initial-inventory
0x005357A0,unknown,,review,unknown,ghidra-12.1.3-initial-inventory
0x005357C0,unknown,,review,unknown,ghidra-12.1.3-initial-inventory
0x005357F0,unknown,,review,unknown,ghidra-12.1.3-initial-inventory
0x00535810,unknown,,review,unknown,ghidra-12.1.3-initial-inventory
0x00535850,unknown,,review,unknown,ghidra-12.1.3-initial-inventory
0x005358C0,unknown,,review,unknown,ghidra-12.1.3-initial-inventory
0x00535900,unknown,,review,unknown,ghidra-12.1.3-initial-inventory
0x00535970,unknown,,review,unknown,ghidra-12.1.3-initial-inventory
0x005359B0,unknown,,review,unknown,ghidra-12.1.3-initial-inventory
0x00535A20,unknown,,review,unknown,ghidra-12.1.3-initial-inventory
0x00535A80,unknown,,review,unknown,ghidra-12.1.3-initial-inventory
0x00535AE0,unknown,,review,unknown,ghidra-12.1.3-initial-inventory
0x00535B40,unknown,,review,unknown,ghidra-12.1.3-initial-inventory
0x00535BD0,unknown,,review,unknown,ghidra-12.1.3-initial-inventory
0x00535BF0,unknown,,review,unknown,ghidra-12.1.3-initial-inventory
0x00535C10,unknown,,review,unknown,ghidra-12.1.3-initial-inventory
0x00535C50,unknown,,review,unknown,ghidra-12.1.3-initial-inventory
0x00535CA0,unknown,,review,unknown,ghidra-12.1.3-initial-inventory
0x00535D00,unknown,,review,unknown,ghidra-12.1.3-initial-inventory
0x00535E20,unknown,,review,unknown,ghidra-12.1.3-initial-inventory
0x00535F70,unknown,,review,unknown,ghidra-12.1.3-initial-inventory
0x00535FF0,unknown,,review,unknown,ghidra-12.1.3-initial-inventory
0x00536080,unknown,,review,unknown,ghidra-12.1.3-initial-inventory
0x00536120,unknown,,review,unknown,ghidra-12.1.3-initial-inventory
0x005361F0,unknown,,review,unknown,ghidra-12.1.3-initial-inventory
0x00536210,unknown,,review,unknown,ghidra-12.1.3-initial-inventory
0x00536280,unknown,,review,unknown,ghidra-12.1.3-initial-inventory
0x00536560,unknown,,review,unknown,ghidra-12.1.3-initial-inventory
0x00536580,unknown,,review,unknown,ghidra-12.1.3-initial-inventory
0x005365A0,unknown,,review,unknown,ghidra-12.1.3-initial-inventory
0x00536610,unknown,,review,unknown,ghidra-12.1.3-initial-inventory
0x00536820,unknown,,review,unknown,ghidra-12.1.3-initial-inventory
0x00536850,unknown,,review,unknown,ghidra-12.1.3-initial-inventory
0x00536880,unknown,,review,unknown,ghidra-12.1.3-initial-inventory
0x005368B0,unknown,,review,unknown,ghidra-12.1.3-initial-inventory
0x005368E0,unknown,,review,unknown,ghidra-12.1.3-initial-inventory
0x00536910,unknown,,review,unknown,ghidra-12.1.3-initial-inventory
0x00536940,unknown,,review,unknown,ghidra-12.1.3-initial-inventory
0x005369B0,unknown,,review,unknown,ghidra-12.1.3-initial-inventory
0x00536A20,unknown,,review,unknown,ghidra-12.1.3-initial-inventory
0x00536A90,unknown,,review,unknown,ghidra-12.1.3-initial-inventory
0x00536AA0,unknown,,review,unknown,ghidra-12.1.3-initial-inventory
0x00536AB0,unknown,,review,unknown,ghidra-12.1.3-initial-inventory
0x00536AC0,unknown,,review,unknown,ghidra-12.1.3-initial-inventory
0x00536D50,unknown,,review,unknown,ghidra-12.1.3-initial-inventory
0x00536D70,unknown,,review,unknown,ghidra-12.1.3-initial-inventory
0x00536DB0,unknown,,review,unknown,ghidra-12.1.3-initial-inventory
0x00536E20,unknown,,review,unknown,ghidra-12.1.3-initial-inventory
0x00536E60,unknown,,review,unknown,ghidra-12.1.3-initial-inventory
0x00536ED0,unknown,,review,unknown,ghidra-12.1.3-initial-inventory
0x00536F10,unknown,,review,unknown,ghidra-12.1.3-initial-inventory
0x00536F80,unknown,,review,unknown,ghidra-12.1.3-initial-inventory
0x00536FE0,unknown,,review,unknown,ghidra-12.1.3-initial-inventory
0x00537040,unknown,,review,unknown,ghidra-12.1.3-initial-inventory
0x005370A0,unknown,,review,unknown,ghidra-12.1.3-initial-inventory
0x00537130,unknown,,review,unknown,ghidra-12.1.3-initial-inventory
0x00537170,unknown,,review,unknown,ghidra-12.1.3-initial-inventory
0x005371A0,unknown,,review,unknown,ghidra-12.1.3-initial-inventory
0x005372C0,unknown,,review,unknown,ghidra-12.1.3-initial-inventory
0x00537410,unknown,,review,unknown,ghidra-12.1.3-initial-inventory
0x00537490,unknown,,review,unknown,ghidra-12.1.3-initial-inventory
0x00537530,unknown,,review,unknown,ghidra-12.1.3-initial-inventory
0x005375D0,unknown,,review,unknown,ghidra-12.1.3-initial-inventory
0x005376A0,unknown,,review,unknown,ghidra-12.1.3-initial-inventory
0x005376C0,unknown,,review,unknown,ghidra-12.1.3-initial-inventory
0x00537730,unknown,,review,unknown,ghidra-12.1.3-initial-inventory
0x00537A10,unknown,,review,unknown,ghidra-12.1.3-initial-inventory
0x00537A30,unknown,,review,unknown,ghidra-12.1.3-initial-inventory
0x00537AA0,unknown,,review,unknown,ghidra-12.1.3-initial-inventory
0x00537CB0,unknown,,review,unknown,ghidra-12.1.3-initial-inventory
0x00537CE0,unknown,,review,unknown,ghidra-12.1.3-initial-inventory
0x00537D10,unknown,,review,unknown,ghidra-12.1.3-initial-inventory
0x00537D40,unknown,,review,unknown,ghidra-12.1.3-initial-inventory
0x00537DB0,unknown,,review,unknown,ghidra-12.1.3-initial-inventory
0x00537E20,unknown,,review,unknown,ghidra-12.1.3-initial-inventory
0x00537E90,unknown,,review,unknown,ghidra-12.1.3-initial-inventory
0x00537EA0,unknown,,review,unknown,ghidra-12.1.3-initial-inventory
0x00537EB0,unknown,,review,unknown,ghidra-12.1.3-initial-inventory
0x00537EC0,unknown,,review,unknown,ghidra-12.1.3-initial-inventory
0x00538160,unknown,,review,unknown,ghidra-12.1.3-initial-inventory
0x005381B0,unknown,,review,unknown,ghidra-12.1.3-initial-inventory
0x005381D0,unknown,,review,unknown,ghidra-12.1.3-initial-inventory
0x00538260,unknown,,review,unknown,ghidra-12.1.3-initial-inventory
0x00538290,unknown,,review,unknown,ghidra-12.1.3-initial-inventory
0x00538370,unknown,,review,unknown,ghidra-12.1.3-initial-inventory
0x005383F0,unknown,,review,unknown,ghidra-12.1.3-initial-inventory
0x00538490,unknown,,review,unknown,ghidra-12.1.3-initial-inventory
0x00538500,unknown,,review,unknown,ghidra-12.1.3-initial-inventory
0x005385B0,unknown,,review,unknown,ghidra-12.1.3-initial-inventory
0x00538620,unknown,,review,unknown,ghidra-12.1.3-initial-inventory
0x005388C0,unknown,,review,unknown,ghidra-12.1.3-initial-inventory
0x00538980,unknown,,review,unknown,ghidra-12.1.3-initial-inventory
0x005389B0,unknown,,review,unknown,ghidra-12.1.3-initial-inventory
0x005389D0,unknown,,review,unknown,ghidra-12.1.3-initial-inventory
0x00538A30,unknown,,review,unknown,ghidra-12.1.3-initial-inventory
0x00538A50,unknown,,review,unknown,ghidra-12.1.3-initial-inventory
0x00538A80,unknown,,review,unknown,ghidra-12.1.3-initial-inventory
0x00538AB0,unknown,,review,unknown,ghidra-12.1.3-initial-inventory
0x00538AF0,unknown,,review,unknown,ghidra-12.1.3-initial-inventory
0x00538BF0,unknown,,review,unknown,ghidra-12.1.3-initial-inventory
0x00538C20,unknown,,review,unknown,ghidra-12.1.3-initial-inventory
0x00538C50,unknown,,review,unknown,ghidra-12.1.3-initial-inventory
0x00538DB0,unknown,,review,unknown,ghidra-12.1.3-initial-inventory
0x00538E10,unknown,,review,unknown,ghidra-12.1.3-initial-inventory
0x00538F10,unknown,,review,unknown,ghidra-12.1.3-initial-inventory
0x00538F50,unknown,,review,unknown,ghidra-12.1.3-initial-inventory
0x00538F70,unknown,,review,unknown,ghidra-12.1.3-initial-inventory
0x00538F90,unknown,,review,unknown,ghidra-12.1.3-initial-inventory
0x00539000,unknown,,review,unknown,ghidra-12.1.3-initial-inventory
0x00539040,unknown,,review,unknown,ghidra-12.1.3-initial-inventory
0x00539060,unknown,ArchiveLzss,review,pending,"EXACT-054: Complete signed archive decrypt/persistent dictionary/tree and real DiagnosticAllocator8/custom PMR allocation protocol. Independently decoded complete flow, global startup, original diagnostic strings, typed node/resource layout, CRT roles, guard EH metadata and relocation anchors. Full strict cold replay393units/70objects/61579disjointbytes; owned C++20/UBSan codec/tree/allocation tests pass. Startup constructor, first zero-word type/meaning, compression writer/checksum and full manager/stream ownership remain pending. See docs/EXACT_ARCHIVE_CODEC_RECONSTRUCTION.md. Original utility/template/defaulted lifetime authorship is unresolved; excluded from authored credit."
0x00539180,unknown,ArchiveLzss,review,pending,"EXACT-054: Complete signed archive decrypt/persistent dictionary/tree and real DiagnosticAllocator8/custom PMR allocation protocol. Independently decoded complete flow, global startup, original diagnostic strings, typed node/resource layout, CRT roles, guard EH metadata and relocation anchors. Full strict cold replay393units/70objects/61579disjointbytes; owned C++20/UBSan codec/tree/allocation tests pass. Startup constructor, first zero-word type/meaning, compression writer/checksum and full manager/stream ownership remain pending. See docs/EXACT_ARCHIVE_CODEC_RECONSTRUCTION.md. Original utility/template/defaulted lifetime authorship is unresolved; excluded from authored credit."
0x005391F0,unknown,ArchiveLzss,review,pending,"EXACT-054: Complete signed archive decrypt/persistent dictionary/tree and real DiagnosticAllocator8/custom PMR allocation protocol. Independently decoded complete flow, global startup, original diagnostic strings, typed node/resource layout, CRT roles, guard EH metadata and relocation anchors. Full strict cold replay393units/70objects/61579disjointbytes; owned C++20/UBSan codec/tree/allocation tests pass. Startup constructor, first zero-word type/meaning, compression writer/checksum and full manager/stream ownership remain pending. See docs/EXACT_ARCHIVE_CODEC_RECONSTRUCTION.md. Original utility/template/defaulted lifetime authorship is unresolved; excluded from authored credit."
0x005394C0,unknown,ArchiveLzss,review,pending,"EXACT-054: Complete signed archive decrypt/persistent dictionary/tree and real DiagnosticAllocator8/custom PMR allocation protocol. Independently decoded complete flow, global startup, original diagnostic strings, typed node/resource layout, CRT roles, guard EH metadata and relocation anchors. Full strict cold replay393units/70objects/61579disjointbytes; owned C++20/UBSan codec/tree/allocation tests pass. Startup constructor, first zero-word type/meaning, compression writer/checksum and full manager/stream ownership remain pending. See docs/EXACT_ARCHIVE_CODEC_RECONSTRUCTION.md. Original utility/template/defaulted lifetime authorship is unresolved; excluded from authored credit."
0x00539550,authored,ArchiveLzss,authored,high,"CORE/EXACT-088: Complete six-argument signed cipher446 strictly replays all bytes and6 independent relocations through the existing array allocator/release and named native diagnostic. Whole compressor source executes real shared ring/tree, lookahead/token emission, C-heap allocation, untouched size/global state on failure and discarded final partial byte. It remains964/native1036 nonexact; native initializes an unobserved scalar and updates it in7 byte-flush chains, with no identified consumer/escape. No emission-only accumulator, fake result, partial extent/unit or reference absorption is introduced for compression. Actual O2/UBSan tests check independent permutation/token models over4 patterns and14 sizes including ring wrap, overlap, retained tails, whole byte count, cipher roundtrip and allocation failure. Complete real CR/ST matrix/fallback/Metadata now executes compress/encrypt/decrypt/decode/checksum/parse/backup-copy together; independent malformed synthetic packets are retained. Original source-local diagnostics independently establish both authored origins; original names and unused sum protocol identity remain unresolved. Whole SaveManager load/write/save and I/O, malformed native domains and game runtime remain pending. See docs/ARCHIVE_WRITE_RECONSTRUCTION.md."
0x00539960,unknown,ArchiveLzss,review,pending,"EXACT-054: Complete signed archive decrypt/persistent dictionary/tree and real DiagnosticAllocator8/custom PMR allocation protocol. Independently decoded complete flow, global startup, original diagnostic strings, typed node/resource layout, CRT roles, guard EH metadata and relocation anchors. Full strict cold replay393units/70objects/61579disjointbytes; owned C++20/UBSan codec/tree/allocation tests pass. Startup constructor, first zero-word type/meaning, compression writer/checksum and full manager/stream ownership remain pending. See docs/EXACT_ARCHIVE_CODEC_RECONSTRUCTION.md. Original utility/template/defaulted lifetime authorship is unresolved; excluded from authored credit."
0x005399A0,unknown,ArchiveLzss,review,pending,"EXACT-054: Complete signed archive decrypt/persistent dictionary/tree and real DiagnosticAllocator8/custom PMR allocation protocol. Independently decoded complete flow, global startup, original diagnostic strings, typed node/resource layout, CRT roles, guard EH metadata and relocation anchors. Full strict cold replay393units/70objects/61579disjointbytes; owned C++20/UBSan codec/tree/allocation tests pass. Startup constructor, first zero-word type/meaning, compression writer/checksum and full manager/stream ownership remain pending. See docs/EXACT_ARCHIVE_CODEC_RECONSTRUCTION.md. Original utility/template/defaulted lifetime authorship is unresolved; excluded from authored credit."
0x005399D0,unknown,ArchiveLzss,review,pending,"EXACT-054: Complete signed archive decrypt/persistent dictionary/tree and real DiagnosticAllocator8/custom PMR allocation protocol. Independently decoded complete flow, global startup, original diagnostic strings, typed node/resource layout, CRT roles, guard EH metadata and relocation anchors. Full strict cold replay393units/70objects/61579disjointbytes; owned C++20/UBSan codec/tree/allocation tests pass. Startup constructor, first zero-word type/meaning, compression writer/checksum and full manager/stream ownership remain pending. See docs/EXACT_ARCHIVE_CODEC_RECONSTRUCTION.md. Original utility/template/defaulted lifetime authorship is unresolved; excluded from authored credit."
0x00539A10,unknown,ArchiveLzss,review,pending,"EXACT-054: Complete signed archive decrypt/persistent dictionary/tree and real DiagnosticAllocator8/custom PMR allocation protocol. Independently decoded complete flow, global startup, original diagnostic strings, typed node/resource layout, CRT roles, guard EH metadata and relocation anchors. Full strict cold replay393units/70objects/61579disjointbytes; owned C++20/UBSan codec/tree/allocation tests pass. Startup constructor, first zero-word type/meaning, compression writer/checksum and full manager/stream ownership remain pending. See docs/EXACT_ARCHIVE_CODEC_RECONSTRUCTION.md. Original utility/template/defaulted lifetime authorship is unresolved; excluded from authored credit."
0x00539AB0,unknown,,review,unknown,ghidra-12.1.3-initial-inventory
0x00539B20,unknown,,review,unknown,ghidra-12.1.3-initial-inventory
0x00539B90,unknown,,review,unknown,ghidra-12.1.3-initial-inventory
0x00539C80,unknown,,review,unknown,ghidra-12.1.3-initial-inventory
0x00539CD0,unknown,,review,unknown,ghidra-12.1.3-initial-inventory
0x00539CF0,unknown,,review,unknown,ghidra-12.1.3-initial-inventory
0x00539D60,unknown,,review,unknown,ghidra-12.1.3-initial-inventory
0x00539DB0,unknown,,review,unknown,ghidra-12.1.3-initial-inventory
0x00539E60,unknown,,review,unknown,ghidra-12.1.3-initial-inventory
0x00539ED0,unknown,,review,unknown,ghidra-12.1.3-initial-inventory
0x0053A170,unknown,,review,unknown,ghidra-12.1.3-initial-inventory
0x0053A210,unknown,,review,unknown,ghidra-12.1.3-initial-inventory
0x0053A350,unknown,,review,unknown,ghidra-12.1.3-initial-inventory
0x0053A3C0,unknown,,review,unknown,ghidra-12.1.3-initial-inventory
0x0053A620,unknown,,review,unknown,ghidra-12.1.3-initial-inventory
0x0053A650,unknown,,review,unknown,ghidra-12.1.3-initial-inventory
0x0053A680,unknown,,review,unknown,ghidra-12.1.3-initial-inventory
0x0053A6F0,unknown,,review,unknown,ghidra-12.1.3-initial-inventory
0x0053A830,unknown,,review,unknown,ghidra-12.1.3-initial-inventory
0x0053A870,unknown,,review,unknown,ghidra-12.1.3-initial-inventory
0x0053A8B0,unknown,,review,unknown,ghidra-12.1.3-initial-inventory
0x0053A900,unknown,,review,unknown,ghidra-12.1.3-initial-inventory
0x0053A920,unknown,,review,unknown,ghidra-12.1.3-initial-inventory
0x0053A940,unknown,,review,unknown,ghidra-12.1.3-initial-inventory
0x0053A960,unknown,,review,unknown,ghidra-12.1.3-initial-inventory
0x0053A9B0,unknown,,review,unknown,ghidra-12.1.3-initial-inventory
0x0053AA00,unknown,,review,unknown,ghidra-12.1.3-initial-inventory
0x0053AA50,unknown,,review,unknown,ghidra-12.1.3-initial-inventory
0x0053AAB0,unknown,,review,unknown,ghidra-12.1.3-initial-inventory
0x0053AAE0,unknown,,review,unknown,ghidra-12.1.3-initial-inventory
0x0053ABE0,unknown,,review,unknown,ghidra-12.1.3-initial-inventory
0x0053ACE0,unknown,,review,unknown,ghidra-12.1.3-initial-inventory
0x0053AE30,unknown,,review,unknown,ghidra-12.1.3-initial-inventory
0x0053AF80,unknown,,review,unknown,ghidra-12.1.3-initial-inventory
0x0053B050,unknown,,review,unknown,ghidra-12.1.3-initial-inventory
0x0053B0F0,unknown,,review,unknown,ghidra-12.1.3-initial-inventory
0x0053B190,unknown,,review,unknown,ghidra-12.1.3-initial-inventory
0x0053B1E0,unknown,,review,unknown,ghidra-12.1.3-initial-inventory
0x0053B230,unknown,,review,unknown,ghidra-12.1.3-initial-inventory
0x0053B280,unknown,,review,unknown,ghidra-12.1.3-initial-inventory
0x0053B2A0,unknown,,review,unknown,ghidra-12.1.3-initial-inventory
0x0053B2F0,unknown,,review,unknown,ghidra-12.1.3-initial-inventory
0x0053B310,unknown,,review,unknown,ghidra-12.1.3-initial-inventory
0x0053B360,unknown,,review,unknown,ghidra-12.1.3-initial-inventory
0x0053B380,unknown,,review,unknown,ghidra-12.1.3-initial-inventory
0x0053B3D0,unknown,EclAsync,review,pending,"EXACT-082: Seven complete async creation/find/invalidation/Runtime allocation/Loader activation/owned getter contributions add 524 bytes. Frozen 604-unit /115 fresh-object graph strictly replays 104816 disjoint bytes. VM opcode21 now calls mark-only invalidate_async at53E560, distinct from destructive terminate_async at4973C0; real VM/Manager/PMR checks prove deferred destruction. Real call_into preserves signed IDs, skips, descriptor conversions, five-word frames and missing-subroutine retained context. Genuine nonthrowing scalar/member constructors allow ordinary Runtime new T under unchanged EHsc; original annotation spelling is inferred. Existing whole Position/Runtime/Manager lifetimes stay exact. Manager base current_instruction migrates without new physical coverage. Full folded support endpoints have no duplicate credit. Node factory53B410/73, buffer resolution, allocator startup, unused interpolation/frame routes and Enemy movement/opcode/outer retirement remain explicit dependencies. Bit0 wider role and whole root/readers/State tick/Player/runtime remain open. Reference raw interfaces are not imported; all new authored origins remain pending. See docs/EXACT_ECL_ASYNC_RECONSTRUCTION.md."
0x0053B410,unknown,,review,unknown,ghidra-12.1.3-initial-inventory
0x0053B460,unknown,,review,unknown,ghidra-12.1.3-initial-inventory
0x0053B470,unknown,,review,unknown,ghidra-12.1.3-initial-inventory
0x0053B480,unknown,,review,unknown,ghidra-12.1.3-initial-inventory
0x0053B4A0,unknown,,review,unknown,ghidra-12.1.3-initial-inventory
0x0053B4D0,unknown,,review,unknown,ghidra-12.1.3-initial-inventory
0x0053B530,unknown,,review,unknown,ghidra-12.1.3-initial-inventory
0x0053B560,unknown,,review,unknown,ghidra-12.1.3-initial-inventory
0x0053B590,unknown,,review,unknown,ghidra-12.1.3-initial-inventory
0x0053B5C0,authored,EclRuntime,authored,high,"EXACT-057: Complete whole ECL tick11110instructionbytes plus2nativealignmentbytes and392-byte98-entry jump table, and shared GameRandom angle45bytes. Shared maintained native owners, meaningful scalar parameter lifetimes, full401independent COFF relocation replay, all76distinct heads, constant/global startup producers and dependency definitions corroborated. Full cold graph397units/74objects/74056disjointbytes, bounded owned C++20/UBSan whole-dispatch tests and real math/interpolation pass. Native dependency/lifetime/startup/flags implementation and full-game link/runtime remain open; EnemyState whole41967-byte root is next. See docs/EXACT_ECL_TICK_RECONSTRUCTION.md."
0x0053E2B0,unknown,EnemyScript,review,pending,"EXACT-080: Three complete State script/Manager traversal/Timer step contributions add 419 bytes. Frozen 597-unit /113 fresh-object graph strictly replays 104292 disjoint bytes. Actual 752-byte State uses a four-byte single-inheritance int member callback at +2E0, with real ECX receiver, null default and full signed failure. State bit26 gates movement, then reads the real Timer clock step and runs actual EclManager before optional callback; failures retain the gate. Full 217-byte Manager saves next before real VM dispatch, retains current on primary failure, destroys failed async runtime before real detach/link release and restores main on success. Native one-slot clock source only establishes mode0; nonzero modes are outside the supported lookup domain. Owned O2/UBSan checks execute actual production VM tick, Manager/State orchestration and full lifetimes/typed PMR release across completion subsets, distinct primary retention/restoration, deferred spawn, movement/VM/callback failures, recursion, null callback and IEEE step values. Loader resolution, spawn body, Enemy opcode/outer retirement and movement are explicit bounded fixtures; no whole original runtime claim follows. Complete typed folded endpoints/releases have no duplicate credit. Whole State tick keeps its 1280-byte nonexact NOP finding; prefix/in-class natural advancement experiments did not close it. No ABI substitution or partial root/reader credit. Reference Services/raw interfaces are not imported; original names/authored identity remain pending. See docs/EXACT_ENEMY_SCRIPT_PIPELINE_RECONSTRUCTION.md."
0x0053E390,unknown,EclAsync,review,pending,"EXACT-082: Seven complete async creation/find/invalidation/Runtime allocation/Loader activation/owned getter contributions add 524 bytes. Frozen 604-unit /115 fresh-object graph strictly replays 104816 disjoint bytes. VM opcode21 now calls mark-only invalidate_async at53E560, distinct from destructive terminate_async at4973C0; real VM/Manager/PMR checks prove deferred destruction. Real call_into preserves signed IDs, skips, descriptor conversions, five-word frames and missing-subroutine retained context. Genuine nonthrowing scalar/member constructors allow ordinary Runtime new T under unchanged EHsc; original annotation spelling is inferred. Existing whole Position/Runtime/Manager lifetimes stay exact. Manager base current_instruction migrates without new physical coverage. Full folded support endpoints have no duplicate credit. Node factory53B410/73, buffer resolution, allocator startup, unused interpolation/frame routes and Enemy movement/opcode/outer retirement remain explicit dependencies. Bit0 wider role and whole root/readers/State tick/Player/runtime remain open. Reference raw interfaces are not imported; all new authored origins remain pending. See docs/EXACT_ECL_ASYNC_RECONSTRUCTION.md."
0x0053E450,unknown,,review,unknown,ghidra-12.1.3-initial-inventory
0x0053E4B0,unknown,,review,unknown,ghidra-12.1.3-initial-inventory
0x0053E560,unknown,EclAsync,review,pending,"EXACT-082: Seven complete async creation/find/invalidation/Runtime allocation/Loader activation/owned getter contributions add 524 bytes. Frozen 604-unit /115 fresh-object graph strictly replays 104816 disjoint bytes. VM opcode21 now calls mark-only invalidate_async at53E560, distinct from destructive terminate_async at4973C0; real VM/Manager/PMR checks prove deferred destruction. Real call_into preserves signed IDs, skips, descriptor conversions, five-word frames and missing-subroutine retained context. Genuine nonthrowing scalar/member constructors allow ordinary Runtime new T under unchanged EHsc; original annotation spelling is inferred. Existing whole Position/Runtime/Manager lifetimes stay exact. Manager base current_instruction migrates without new physical coverage. Full folded support endpoints have no duplicate credit. Node factory53B410/73, buffer resolution, allocator startup, unused interpolation/frame routes and Enemy movement/opcode/outer retirement remain explicit dependencies. Bit0 wider role and whole root/readers/State tick/Player/runtime remain open. Reference raw interfaces are not imported; all new authored origins remain pending. See docs/EXACT_ECL_ASYNC_RECONSTRUCTION.md."
0x0053E5C0,unknown,,review,unknown,ghidra-12.1.3-initial-inventory
0x0053E600,unknown,,review,unknown,ghidra-12.1.3-initial-inventory
0x0053E630,unknown,ScriptStack,review,pending,REF-037: natural complete typed value member; native construction/owner/access/call operands and generic output-pointer pop ABI independently establish anchors before probing. Full162-unit/46-object cold replay11154 bytes and portable C++20/UBSan tests pass. Actual PMR Stack24 and Counter48 four-integer/eight-float types; original spelling/origin pending. Generic pop/allocator/vector bodies and full VM/Enemy/vptr/EH owners not reconstructed. See docs/REFERENCE_GAMEPLAY_ECL_REVIEW.md.
0x0053E6A0,unknown,ScriptStack,review,pending,REF-037: natural complete typed value member; native construction/owner/access/call operands and generic output-pointer pop ABI independently establish anchors before probing. Full162-unit/46-object cold replay11154 bytes and portable C++20/UBSan tests pass. Actual PMR Stack24 and Counter48 four-integer/eight-float types; original spelling/origin pending. Generic pop/allocator/vector bodies and full VM/Enemy/vptr/EH owners not reconstructed. See docs/REFERENCE_GAMEPLAY_ECL_REVIEW.md.
0x0053E720,unknown,EclArguments,review,pending,"EXACT-070: Fifteen complete actual ECL current/argument/destination and generic tagged stack-copy members add2886bytes. Complete524unit/97coldobject graph replays93941disjointbytes. Natural branch/virtual expression and real constant identity establish emission; no masked structural-only credit. Owned O2/UBSan checks and actual push/pop in whole tick/call tests pass. Source origin, resource instruction/append/include, production variable owners, whole Enemy root and whole-game linkage/runtime remain open. See docs/EXACT_ECL_ARGUMENT_STACK_RECONSTRUCTION.md."
0x0053E7C0,unknown,EclArguments,review,pending,"EXACT-070: Fifteen complete actual ECL current/argument/destination and generic tagged stack-copy members add2886bytes. Complete524unit/97coldobject graph replays93941disjointbytes. Natural branch/virtual expression and real constant identity establish emission; no masked structural-only credit. Owned O2/UBSan checks and actual push/pop in whole tick/call tests pass. Source origin, resource instruction/append/include, production variable owners, whole Enemy root and whole-game linkage/runtime remain open. See docs/EXACT_ECL_ARGUMENT_STACK_RECONSTRUCTION.md."
0x0053E850,unknown,EclArguments,review,pending,"EXACT-070: Fifteen complete actual ECL current/argument/destination and generic tagged stack-copy members add2886bytes. Complete524unit/97coldobject graph replays93941disjointbytes. Natural branch/virtual expression and real constant identity establish emission; no masked structural-only credit. Owned O2/UBSan checks and actual push/pop in whole tick/call tests pass. Source origin, resource instruction/append/include, production variable owners, whole Enemy root and whole-game linkage/runtime remain open. See docs/EXACT_ECL_ARGUMENT_STACK_RECONSTRUCTION.md."
0x0053E8E0,unknown,EclBuffer,review,pending,"CORE/EXACT-083: Actual whole borrowed-buffer append and instruction resolution are maintained and exercised in the real VM/Manager/Stack/Loader/PMR pipeline; complete MSVC candidates878/876 and54/54 with2 structural differences remain nonexact without canonical units. Whole54-byte bind_player strictly replays through actual Session/context anchors. Frozen605 units/116 objects cover104870 disjoint bytes; 607 source mappings include2 explicitly nonexact methods. Valid-domain buffer tests cover sorted equal-name stability, writable aliasing, recursive include publication/discarded return, rejection and nontransactional insertion failure. Derived include, resource I/O, link allocation, startup, unused frame/interpolation and Enemy outer movement/opcode/retirement remain fixtures or dependencies. No whole-game or authored identity credit. See docs/ECL_BUFFER_RECONSTRUCTION.md."
0x0053E920,unknown,EclAsync,review,pending,"EXACT-082: Seven complete async creation/find/invalidation/Runtime allocation/Loader activation/owned getter contributions add 524 bytes. Frozen 604-unit /115 fresh-object graph strictly replays 104816 disjoint bytes. VM opcode21 now calls mark-only invalidate_async at53E560, distinct from destructive terminate_async at4973C0; real VM/Manager/PMR checks prove deferred destruction. Real call_into preserves signed IDs, skips, descriptor conversions, five-word frames and missing-subroutine retained context. Genuine nonthrowing scalar/member constructors allow ordinary Runtime new T under unchanged EHsc; original annotation spelling is inferred. Existing whole Position/Runtime/Manager lifetimes stay exact. Manager base current_instruction migrates without new physical coverage. Full folded support endpoints have no duplicate credit. Node factory53B410/73, buffer resolution, allocator startup, unused interpolation/frame routes and Enemy movement/opcode/outer retirement remain explicit dependencies. Bit0 wider role and whole root/readers/State tick/Player/runtime remain open. Reference raw interfaces are not imported; all new authored origins remain pending. See docs/EXACT_ECL_ASYNC_RECONSTRUCTION.md."
0x0053E970,unknown,EclArguments,review,pending,"EXACT-070: Fifteen complete actual ECL current/argument/destination and generic tagged stack-copy members add2886bytes. Complete524unit/97coldobject graph replays93941disjointbytes. Natural branch/virtual expression and real constant identity establish emission; no masked structural-only credit. Owned O2/UBSan checks and actual push/pop in whole tick/call tests pass. Source origin, resource instruction/append/include, production variable owners, whole Enemy root and whole-game linkage/runtime remain open. See docs/EXACT_ECL_ARGUMENT_STACK_RECONSTRUCTION.md."
0x0053EA90,unknown,EclArguments,review,pending,"EXACT-070: Fifteen complete actual ECL current/argument/destination and generic tagged stack-copy members add2886bytes. Complete524unit/97coldobject graph replays93941disjointbytes. Natural branch/virtual expression and real constant identity establish emission; no masked structural-only credit. Owned O2/UBSan checks and actual push/pop in whole tick/call tests pass. Source origin, resource instruction/append/include, production variable owners, whole Enemy root and whole-game linkage/runtime remain open. See docs/EXACT_ECL_ARGUMENT_STACK_RECONSTRUCTION.md."
0x0053EB70,unknown,EclArguments,review,pending,"EXACT-070: Fifteen complete actual ECL current/argument/destination and generic tagged stack-copy members add2886bytes. Complete524unit/97coldobject graph replays93941disjointbytes. Natural branch/virtual expression and real constant identity establish emission; no masked structural-only credit. Owned O2/UBSan checks and actual push/pop in whole tick/call tests pass. Source origin, resource instruction/append/include, production variable owners, whole Enemy root and whole-game linkage/runtime remain open. See docs/EXACT_ECL_ARGUMENT_STACK_RECONSTRUCTION.md."
0x0053EC80,unknown,EclArguments,review,pending,"EXACT-070: Fifteen complete actual ECL current/argument/destination and generic tagged stack-copy members add2886bytes. Complete524unit/97coldobject graph replays93941disjointbytes. Natural branch/virtual expression and real constant identity establish emission; no masked structural-only credit. Owned O2/UBSan checks and actual push/pop in whole tick/call tests pass. Source origin, resource instruction/append/include, production variable owners, whole Enemy root and whole-game linkage/runtime remain open. See docs/EXACT_ECL_ARGUMENT_STACK_RECONSTRUCTION.md."
0x0053ED50,unknown,EclArguments,review,pending,"EXACT-070: Fifteen complete actual ECL current/argument/destination and generic tagged stack-copy members add2886bytes. Complete524unit/97coldobject graph replays93941disjointbytes. Natural branch/virtual expression and real constant identity establish emission; no masked structural-only credit. Owned O2/UBSan checks and actual push/pop in whole tick/call tests pass. Source origin, resource instruction/append/include, production variable owners, whole Enemy root and whole-game linkage/runtime remain open. See docs/EXACT_ECL_ARGUMENT_STACK_RECONSTRUCTION.md."
0x0053EE30,unknown,EclArguments,review,pending,"EXACT-070: Fifteen complete actual ECL current/argument/destination and generic tagged stack-copy members add2886bytes. Complete524unit/97coldobject graph replays93941disjointbytes. Natural branch/virtual expression and real constant identity establish emission; no masked structural-only credit. Owned O2/UBSan checks and actual push/pop in whole tick/call tests pass. Source origin, resource instruction/append/include, production variable owners, whole Enemy root and whole-game linkage/runtime remain open. See docs/EXACT_ECL_ARGUMENT_STACK_RECONSTRUCTION.md."
0x0053EEE0,unknown,EclArguments,review,pending,"EXACT-070: Fifteen complete actual ECL current/argument/destination and generic tagged stack-copy members add2886bytes. Complete524unit/97coldobject graph replays93941disjointbytes. Natural branch/virtual expression and real constant identity establish emission; no masked structural-only credit. Owned O2/UBSan checks and actual push/pop in whole tick/call tests pass. Source origin, resource instruction/append/include, production variable owners, whole Enemy root and whole-game linkage/runtime remain open. See docs/EXACT_ECL_ARGUMENT_STACK_RECONSTRUCTION.md."
0x0053EFB0,unknown,EclArguments,review,pending,"EXACT-070: Fifteen complete actual ECL current/argument/destination and generic tagged stack-copy members add2886bytes. Complete524unit/97coldobject graph replays93941disjointbytes. Natural branch/virtual expression and real constant identity establish emission; no masked structural-only credit. Owned O2/UBSan checks and actual push/pop in whole tick/call tests pass. Source origin, resource instruction/append/include, production variable owners, whole Enemy root and whole-game linkage/runtime remain open. See docs/EXACT_ECL_ARGUMENT_STACK_RECONSTRUCTION.md."
0x0053F050,unknown,,review,unknown,ghidra-12.1.3-initial-inventory
0x0053F070,unknown,,review,unknown,ghidra-12.1.3-initial-inventory
0x0053F0B0,unknown,ScriptStack,review,pending,"EXACT-070: Fifteen complete actual ECL current/argument/destination and generic tagged stack-copy members add2886bytes. Complete524unit/97coldobject graph replays93941disjointbytes. Natural branch/virtual expression and real constant identity establish emission; no masked structural-only credit. Owned O2/UBSan checks and actual push/pop in whole tick/call tests pass. Source origin, resource instruction/append/include, production variable owners, whole Enemy root and whole-game linkage/runtime remain open. See docs/EXACT_ECL_ARGUMENT_STACK_RECONSTRUCTION.md."
0x0053F1B0,unknown,,review,unknown,ghidra-12.1.3-initial-inventory
0x0053F260,unknown,ScriptStack,review,pending,"EXACT-070: Fifteen complete actual ECL current/argument/destination and generic tagged stack-copy members add2886bytes. Complete524unit/97coldobject graph replays93941disjointbytes. Natural branch/virtual expression and real constant identity establish emission; no masked structural-only credit. Owned O2/UBSan checks and actual push/pop in whole tick/call tests pass. Source origin, resource instruction/append/include, production variable owners, whole Enemy root and whole-game linkage/runtime remain open. See docs/EXACT_ECL_ARGUMENT_STACK_RECONSTRUCTION.md."
0x0053F370,unknown,,review,unknown,ghidra-12.1.3-initial-inventory
0x0053F390,unknown,,review,unknown,ghidra-12.1.3-initial-inventory
0x0053F3B0,authored,EclRuntime,authored,high,"EXACT-056: Complete ECL invocation/frame protocol and actual empty diagnostic hook. Independent complete flow, shared Runtime72/Manager112/Loader564/Stack24 owners, concrete virtual slots, ordered typed transfer, success restore/failure retention, all27 semantic relocation anchors and CP932 literal. Full cold replay395/72/62507disjointbytes after shared declaration changes; bounded owned C++20/UBSan fixtures pass. Tick and Enemy whole dispatch, constructor/lifetime/flags wrapper and dependency implementations remain pending. See docs/EXACT_ECL_CALL_RECONSTRUCTION.md."
0x0053F750,unknown,,review,unknown,ghidra-12.1.3-initial-inventory
0x0053F780,unknown,,review,unknown,ghidra-12.1.3-initial-inventory
0x0053F7B0,unknown,,review,unknown,ghidra-12.1.3-initial-inventory
0x0053F810,unknown,,review,unknown,ghidra-12.1.3-initial-inventory
0x0053F8A0,unknown,,review,unknown,ghidra-12.1.3-initial-inventory
0x0053FA90,unknown,,review,unknown,ghidra-12.1.3-initial-inventory
0x0053FAB0,unknown,,review,unknown,ghidra-12.1.3-initial-inventory
0x0053FB00,unknown,,review,unknown,ghidra-12.1.3-initial-inventory
0x0053FCA0,unknown,,review,unknown,ghidra-12.1.3-initial-inventory
0x0053FD40,unknown,,review,unknown,ghidra-12.1.3-initial-inventory
0x0053FDB0,unknown,,review,unknown,ghidra-12.1.3-initial-inventory
0x0053FDF0,unknown,EclAsync,review,pending,"EXACT-082: Seven complete async creation/find/invalidation/Runtime allocation/Loader activation/owned getter contributions add 524 bytes. Frozen 604-unit /115 fresh-object graph strictly replays 104816 disjoint bytes. VM opcode21 now calls mark-only invalidate_async at53E560, distinct from destructive terminate_async at4973C0; real VM/Manager/PMR checks prove deferred destruction. Real call_into preserves signed IDs, skips, descriptor conversions, five-word frames and missing-subroutine retained context. Genuine nonthrowing scalar/member constructors allow ordinary Runtime new T under unchanged EHsc; original annotation spelling is inferred. Existing whole Position/Runtime/Manager lifetimes stay exact. Manager base current_instruction migrates without new physical coverage. Full folded support endpoints have no duplicate credit. Node factory53B410/73, buffer resolution, allocator startup, unused interpolation/frame routes and Enemy movement/opcode/outer retirement remain explicit dependencies. Bit0 wider role and whole root/readers/State tick/Player/runtime remain open. Reference raw interfaces are not imported; all new authored origins remain pending. See docs/EXACT_ECL_ASYNC_RECONSTRUCTION.md."
0x0053FE60,unknown,EclBuffer,review,pending,"CORE/EXACT-083: Actual whole borrowed-buffer append and instruction resolution are maintained and exercised in the real VM/Manager/Stack/Loader/PMR pipeline; complete MSVC candidates878/876 and54/54 with2 structural differences remain nonexact without canonical units. Whole54-byte bind_player strictly replays through actual Session/context anchors. Frozen605 units/116 objects cover104870 disjoint bytes; 607 source mappings include2 explicitly nonexact methods. Valid-domain buffer tests cover sorted equal-name stability, writable aliasing, recursive include publication/discarded return, rejection and nontransactional insertion failure. Derived include, resource I/O, link allocation, startup, unused frame/interpolation and Enemy outer movement/opcode/retirement remain fixtures or dependencies. No whole-game or authored identity credit. See docs/ECL_BUFFER_RECONSTRUCTION.md."
0x005401D0,unknown,,review,unknown,ghidra-12.1.3-initial-inventory
0x00540200,unknown,,review,unknown,ghidra-12.1.3-initial-inventory
0x00540230,unknown,,review,unknown,ghidra-12.1.3-initial-inventory
0x00540280,unknown,EclSelection,review,pending,"EXACT-066: Nineteen complete actual Enemy creation/initialization, script reset/selection, generation, hidden-result identifier and non-consuming value forwarding bodies;1279bytes. Frozen-source500units/93coldobjects/90121disjointbytes strictly replay. Owned O2/UBSan tests exercise actual creation/init/reset/selection and list/generation lifetimes. Scalar allocation/context/spawn application, supplied-value virtual materialization, whole653-byte spawn opcode and41KB main dispatcher remain pending. See docs/EXACT_ENEMY_CREATION_RECONSTRUCTION.md."
0x005402D0,unknown,,review,unknown,ghidra-12.1.3-initial-inventory
0x00540300,unknown,ScriptStack,review,pending,REF-037: natural complete typed value member; native construction/owner/access/call operands and generic output-pointer pop ABI independently establish anchors before probing. Full162-unit/46-object cold replay11154 bytes and portable C++20/UBSan tests pass. Actual PMR Stack24 and Counter48 four-integer/eight-float types; original spelling/origin pending. Generic pop/allocator/vector bodies and full VM/Enemy/vptr/EH owners not reconstructed. See docs/REFERENCE_GAMEPLAY_ECL_REVIEW.md.
0x00540340,unknown,EclSelection,review,pending,"EXACT-066: Nineteen complete actual Enemy creation/initialization, script reset/selection, generation, hidden-result identifier and non-consuming value forwarding bodies;1279bytes. Frozen-source500units/93coldobjects/90121disjointbytes strictly replay. Owned O2/UBSan tests exercise actual creation/init/reset/selection and list/generation lifetimes. Scalar allocation/context/spawn application, supplied-value virtual materialization, whole653-byte spawn opcode and41KB main dispatcher remain pending. See docs/EXACT_ENEMY_CREATION_RECONSTRUCTION.md."
0x005403D0,unknown,EclArguments,review,pending,"EXACT-070: Fifteen complete actual ECL current/argument/destination and generic tagged stack-copy members add2886bytes. Complete524unit/97coldobject graph replays93941disjointbytes. Natural branch/virtual expression and real constant identity establish emission; no masked structural-only credit. Owned O2/UBSan checks and actual push/pop in whole tick/call tests pass. Source origin, resource instruction/append/include, production variable owners, whole Enemy root and whole-game linkage/runtime remain open. See docs/EXACT_ECL_ARGUMENT_STACK_RECONSTRUCTION.md."
0x00540420,unknown,,review,unknown,ghidra-12.1.3-initial-inventory
0x00540450,unknown,ScriptStack,review,pending,"EXACT-070: Fifteen complete actual ECL current/argument/destination and generic tagged stack-copy members add2886bytes. Complete524unit/97coldobject graph replays93941disjointbytes. Natural branch/virtual expression and real constant identity establish emission; no masked structural-only credit. Owned O2/UBSan checks and actual push/pop in whole tick/call tests pass. Source origin, resource instruction/append/include, production variable owners, whole Enemy root and whole-game linkage/runtime remain open. See docs/EXACT_ECL_ARGUMENT_STACK_RECONSTRUCTION.md."
0x00540510,unknown,EclSelection,review,pending,"EXACT-066: Nineteen complete actual Enemy creation/initialization, script reset/selection, generation, hidden-result identifier and non-consuming value forwarding bodies;1279bytes. Frozen-source500units/93coldobjects/90121disjointbytes strictly replay. Owned O2/UBSan tests exercise actual creation/init/reset/selection and list/generation lifetimes. Scalar allocation/context/spawn application, supplied-value virtual materialization, whole653-byte spawn opcode and41KB main dispatcher remain pending. See docs/EXACT_ENEMY_CREATION_RECONSTRUCTION.md."
0x00540530,unknown,,review,unknown,ghidra-12.1.3-initial-inventory
0x00540550,unknown,EclSelection,review,pending,"EXACT-066: Nineteen complete actual Enemy creation/initialization, script reset/selection, generation, hidden-result identifier and non-consuming value forwarding bodies;1279bytes. Frozen-source500units/93coldobjects/90121disjointbytes strictly replay. Owned O2/UBSan tests exercise actual creation/init/reset/selection and list/generation lifetimes. Scalar allocation/context/spawn application, supplied-value virtual materialization, whole653-byte spawn opcode and41KB main dispatcher remain pending. See docs/EXACT_ENEMY_CREATION_RECONSTRUCTION.md."
0x00540590,unknown,EclSelection,review,pending,"EXACT-066: Nineteen complete actual Enemy creation/initialization, script reset/selection, generation, hidden-result identifier and non-consuming value forwarding bodies;1279bytes. Frozen-source500units/93coldobjects/90121disjointbytes strictly replay. Owned O2/UBSan tests exercise actual creation/init/reset/selection and list/generation lifetimes. Scalar allocation/context/spawn application, supplied-value virtual materialization, whole653-byte spawn opcode and41KB main dispatcher remain pending. See docs/EXACT_ENEMY_CREATION_RECONSTRUCTION.md."
0x005405B0,unknown,,review,unknown,ghidra-12.1.3-initial-inventory
0x0054065A,unknown,,review,unknown,ghidra-12.1.3-initial-inventory
0x00540660,unknown,,review,unknown,ghidra-12.1.3-initial-inventory
0x00540666,unknown,,review,unknown,ghidra-12.1.3-initial-inventory
0x0054066C,unknown,,review,unknown,ghidra-12.1.3-initial-inventory
0x00540672,unknown,,review,unknown,ghidra-12.1.3-initial-inventory
0x00540678,unknown,,review,unknown,ghidra-12.1.3-initial-inventory
0x0054067E,unknown,,review,unknown,ghidra-12.1.3-initial-inventory
0x00540684,unknown,,review,unknown,ghidra-12.1.3-initial-inventory
0x0054068A,unknown,,review,unknown,ghidra-12.1.3-initial-inventory
0x00540690,unknown,,review,unknown,ghidra-12.1.3-initial-inventory
0x00540696,unknown,,review,unknown,ghidra-12.1.3-initial-inventory
0x0054069C,unknown,,review,unknown,ghidra-12.1.3-initial-inventory
0x005406A2,unknown,,review,unknown,ghidra-12.1.3-initial-inventory
0x005406A8,unknown,,review,unknown,ghidra-12.1.3-initial-inventory
0x005406AE,unknown,,review,unknown,ghidra-12.1.3-initial-inventory
0x005406B4,unknown,,review,unknown,ghidra-12.1.3-initial-inventory
0x005406BA,unknown,,review,unknown,ghidra-12.1.3-initial-inventory
0x005406C0,unknown,,review,unknown,ghidra-12.1.3-initial-inventory
0x005406C6,unknown,,review,unknown,ghidra-12.1.3-initial-inventory
0x005406CC,unknown,,review,unknown,ghidra-12.1.3-initial-inventory
0x005406DF,unknown,,review,unknown,ghidra-12.1.3-initial-inventory
0x00540753,unknown,,review,unknown,ghidra-12.1.3-initial-inventory
0x005407E6,unknown,,review,unknown,ghidra-12.1.3-initial-inventory
0x00540842,unknown,,review,unknown,ghidra-12.1.3-initial-inventory
0x005408A2,unknown,,review,unknown,ghidra-12.1.3-initial-inventory
0x00540917,unknown,,review,unknown,ghidra-12.1.3-initial-inventory
0x00540A0F,unknown,,review,unknown,ghidra-12.1.3-initial-inventory
0x00540A27,unknown,,review,unknown,ghidra-12.1.3-initial-inventory
0x00540A2D,unknown,,review,unknown,ghidra-12.1.3-initial-inventory
0x00540A7C,unknown,,review,unknown,ghidra-12.1.3-initial-inventory
0x00540A8D,unknown,,review,unknown,ghidra-12.1.3-initial-inventory
0x00540AAF,unknown,,review,unknown,ghidra-12.1.3-initial-inventory
0x00540BDB,unknown,,review,unknown,ghidra-12.1.3-initial-inventory
0x00540C9F,unknown,,review,unknown,ghidra-12.1.3-initial-inventory
0x00540CEF,unknown,,review,unknown,ghidra-12.1.3-initial-inventory
0x00540D24,unknown,,review,unknown,ghidra-12.1.3-initial-inventory
0x00540D42,unknown,,review,unknown,ghidra-12.1.3-initial-inventory
0x00540D5D,unknown,,review,unknown,ghidra-12.1.3-initial-inventory
0x00540D74,unknown,,review,unknown,ghidra-12.1.3-initial-inventory
0x00540D8F,unknown,,review,unknown,ghidra-12.1.3-initial-inventory
0x00540DAE,unknown,,review,unknown,ghidra-12.1.3-initial-inventory
0x00540DC9,unknown,,review,unknown,ghidra-12.1.3-initial-inventory
0x00540DE8,unknown,,review,unknown,ghidra-12.1.3-initial-inventory
0x00540E03,unknown,,review,unknown,ghidra-12.1.3-initial-inventory
0x00540E1E,unknown,,review,unknown,ghidra-12.1.3-initial-inventory
0x00540E4E,unknown,,review,unknown,ghidra-12.1.3-initial-inventory
0x00540E7B,unknown,,review,unknown,ghidra-12.1.3-initial-inventory
0x00540E98,unknown,,review,unknown,ghidra-12.1.3-initial-inventory
0x00540EB5,unknown,,review,unknown,ghidra-12.1.3-initial-inventory
0x00540ED5,unknown,,review,unknown,ghidra-12.1.3-initial-inventory
0x00540EF5,unknown,,review,unknown,ghidra-12.1.3-initial-inventory
0x00540F15,unknown,,review,unknown,ghidra-12.1.3-initial-inventory
0x00540F3B,unknown,,review,unknown,ghidra-12.1.3-initial-inventory
0x00540F5F,unknown,,review,unknown,ghidra-12.1.3-initial-inventory
0x00540FD9,unknown,,review,unknown,ghidra-12.1.3-initial-inventory
0x00540FDF,unknown,,review,unknown,ghidra-12.1.3-initial-inventory
0x00541004,unknown,,review,unknown,ghidra-12.1.3-initial-inventory
0x00541026,unknown,,review,unknown,ghidra-12.1.3-initial-inventory
0x00541046,unknown,,review,unknown,ghidra-12.1.3-initial-inventory
0x00541063,unknown,,review,unknown,ghidra-12.1.3-initial-inventory
0x00541097,unknown,,review,unknown,ghidra-12.1.3-initial-inventory
0x0054114A,unknown,,review,unknown,ghidra-12.1.3-initial-inventory
0x005411B9,unknown,,review,unknown,ghidra-12.1.3-initial-inventory
0x00541217,unknown,,review,unknown,ghidra-12.1.3-initial-inventory
0x005414A1,unknown,,review,unknown,ghidra-12.1.3-initial-inventory
0x005414D5,unknown,,review,unknown,ghidra-12.1.3-initial-inventory
0x005414F2,unknown,,review,unknown,ghidra-12.1.3-initial-inventory
0x00541516,unknown,,review,unknown,ghidra-12.1.3-initial-inventory
0x00541543,unknown,,review,unknown,ghidra-12.1.3-initial-inventory
0x00541550,unknown,,review,unknown,ghidra-12.1.3-initial-inventory
0x00541562,unknown,,review,unknown,ghidra-12.1.3-initial-inventory
0x00541580,unknown,,review,unknown,ghidra-12.1.3-initial-inventory
0x00541690,unknown,,review,unknown,ghidra-12.1.3-initial-inventory
0x005417B0,unknown,,review,unknown,ghidra-12.1.3-initial-inventory
0x005417C0,unknown,,review,unknown,ghidra-12.1.3-initial-inventory
0x005417D0,unknown,,review,unknown,ghidra-12.1.3-initial-inventory
0x00541866,unknown,,review,unknown,ghidra-12.1.3-initial-inventory
0x0054187D,unknown,,review,unknown,ghidra-12.1.3-initial-inventory
0x005418C2,unknown,,review,unknown,ghidra-12.1.3-initial-inventory
0x00541900,unknown,,review,unknown,ghidra-12.1.3-initial-inventory
0x00541927,unknown,,review,unknown,ghidra-12.1.3-initial-inventory
0x00541954,unknown,,review,unknown,ghidra-12.1.3-initial-inventory
0x005419AC,unknown,,review,unknown,ghidra-12.1.3-initial-inventory
0x005419CB,unknown,,review,unknown,ghidra-12.1.3-initial-inventory
0x005419D0,unknown,,review,unknown,ghidra-12.1.3-initial-inventory
0x00541A11,unknown,,review,unknown,ghidra-12.1.3-initial-inventory
0x00541A66,unknown,,review,unknown,ghidra-12.1.3-initial-inventory
0x00541A86,unknown,,review,unknown,ghidra-12.1.3-initial-inventory
0x00541ACF,unknown,,review,unknown,ghidra-12.1.3-initial-inventory
0x00541AF1,unknown,,review,unknown,ghidra-12.1.3-initial-inventory
0x00541B1E,unknown,,review,unknown,ghidra-12.1.3-initial-inventory
0x00541B24,unknown,,review,unknown,ghidra-12.1.3-initial-inventory
0x00541BB1,unknown,,review,unknown,ghidra-12.1.3-initial-inventory
0x00541C22,unknown,,review,unknown,ghidra-12.1.3-initial-inventory
0x00541C6E,unknown,,review,unknown,ghidra-12.1.3-initial-inventory
0x00541C88,unknown,,review,unknown,ghidra-12.1.3-initial-inventory
0x00541CAB,unknown,,review,unknown,ghidra-12.1.3-initial-inventory
0x00541CD3,unknown,,review,unknown,ghidra-12.1.3-initial-inventory
0x00541D0E,unknown,,review,unknown,ghidra-12.1.3-initial-inventory
0x00541D3B,unknown,,review,unknown,ghidra-12.1.3-initial-inventory
0x00541DAE,unknown,,review,unknown,ghidra-12.1.3-initial-inventory
0x00541EE0,unknown,,review,unknown,ghidra-12.1.3-initial-inventory
0x00541F37,unknown,,review,unknown,ghidra-12.1.3-initial-inventory
0x00542036,unknown,,review,unknown,ghidra-12.1.3-initial-inventory
0x0054203B,unknown,,review,unknown,ghidra-12.1.3-initial-inventory
0x005420A9,unknown,,review,unknown,ghidra-12.1.3-initial-inventory
0x00542195,unknown,,review,unknown,ghidra-12.1.3-initial-inventory
0x00542281,unknown,,review,unknown,ghidra-12.1.3-initial-inventory
0x005422CD,unknown,,review,unknown,ghidra-12.1.3-initial-inventory
0x00542300,unknown,,review,unknown,ghidra-12.1.3-initial-inventory
0x00542340,unknown,,review,unknown,ghidra-12.1.3-initial-inventory
0x005423C1,unknown,,review,unknown,ghidra-12.1.3-initial-inventory
0x005423E3,unknown,,review,unknown,ghidra-12.1.3-initial-inventory
0x0054242B,unknown,,review,unknown,ghidra-12.1.3-initial-inventory
0x00542480,unknown,,review,unknown,ghidra-12.1.3-initial-inventory
0x0054248E,unknown,,review,unknown,ghidra-12.1.3-initial-inventory
0x005424A3,unknown,,review,unknown,ghidra-12.1.3-initial-inventory
0x005424B1,unknown,,review,unknown,ghidra-12.1.3-initial-inventory
0x005424BF,unknown,,review,unknown,ghidra-12.1.3-initial-inventory
0x00542527,unknown,,review,unknown,ghidra-12.1.3-initial-inventory
0x00542556,unknown,,review,unknown,ghidra-12.1.3-initial-inventory
0x0054256F,unknown,,review,unknown,ghidra-12.1.3-initial-inventory
0x0054273F,unknown,,review,unknown,ghidra-12.1.3-initial-inventory
0x0054275D,unknown,,review,unknown,ghidra-12.1.3-initial-inventory
0x0054278D,unknown,,review,unknown,ghidra-12.1.3-initial-inventory
0x0054279B,unknown,,review,unknown,ghidra-12.1.3-initial-inventory
0x005427DD,unknown,,review,unknown,ghidra-12.1.3-initial-inventory
0x0054280F,unknown,,review,unknown,ghidra-12.1.3-initial-inventory
0x00542848,unknown,,review,unknown,ghidra-12.1.3-initial-inventory
0x005428CF,unknown,,review,unknown,ghidra-12.1.3-initial-inventory
0x00542966,unknown,,review,unknown,ghidra-12.1.3-initial-inventory
0x00542983,unknown,,review,unknown,ghidra-12.1.3-initial-inventory
0x005429AB,unknown,,review,unknown,ghidra-12.1.3-initial-inventory
0x005429D9,unknown,,review,unknown,ghidra-12.1.3-initial-inventory
0x005429EE,unknown,,review,unknown,ghidra-12.1.3-initial-inventory
0x005429FC,unknown,,review,unknown,ghidra-12.1.3-initial-inventory
0x00542A01,unknown,,review,unknown,ghidra-12.1.3-initial-inventory
0x00542A0A,unknown,,review,unknown,ghidra-12.1.3-initial-inventory
0x00542A0F,unknown,,review,unknown,ghidra-12.1.3-initial-inventory
0x00542A32,unknown,,review,unknown,ghidra-12.1.3-initial-inventory
0x00542A5A,unknown,,review,unknown,ghidra-12.1.3-initial-inventory
0x00542B55,unknown,,review,unknown,ghidra-12.1.3-initial-inventory
0x00542B62,unknown,,review,unknown,ghidra-12.1.3-initial-inventory
0x00542C40,unknown,,review,unknown,ghidra-12.1.3-initial-inventory
0x00542C70,unknown,,review,unknown,ghidra-12.1.3-initial-inventory
0x00542D20,unknown,,review,unknown,ghidra-12.1.3-initial-inventory
0x00542D98,unknown,,review,unknown,ghidra-12.1.3-initial-inventory
0x00542E00,unknown,,review,unknown,ghidra-12.1.3-initial-inventory
0x00542E42,unknown,,review,unknown,ghidra-12.1.3-initial-inventory
0x00542E76,unknown,,review,unknown,ghidra-12.1.3-initial-inventory
0x00542E90,library,CRT,exclude,high,REF-001
0x00542EAF,unknown,,review,unknown,ghidra-12.1.3-initial-inventory
0x00542F0F,unknown,,review,unknown,ghidra-12.1.3-initial-inventory
0x00542F23,unknown,,review,unknown,ghidra-12.1.3-initial-inventory
0x00542F9B,unknown,,review,unknown,ghidra-12.1.3-initial-inventory
0x00542FAB,unknown,,review,unknown,ghidra-12.1.3-initial-inventory
0x0054303B,unknown,,review,unknown,ghidra-12.1.3-initial-inventory
0x00543050,unknown,,review,unknown,ghidra-12.1.3-initial-inventory
0x00543100,unknown,,review,unknown,ghidra-12.1.3-initial-inventory
0x00543140,unknown,,review,unknown,ghidra-12.1.3-initial-inventory
0x00543200,unknown,,review,unknown,ghidra-12.1.3-initial-inventory
0x00543270,unknown,,review,unknown,ghidra-12.1.3-initial-inventory
0x005432F0,unknown,,review,unknown,ghidra-12.1.3-initial-inventory
0x00543310,unknown,,review,unknown,ghidra-12.1.3-initial-inventory
0x00543320,unknown,,review,unknown,ghidra-12.1.3-initial-inventory
0x00543461,unknown,,review,unknown,ghidra-12.1.3-initial-inventory
0x005435E0,unknown,,review,unknown,ghidra-12.1.3-initial-inventory
0x005435EA,unknown,,review,unknown,ghidra-12.1.3-initial-inventory
0x005435ED,unknown,,review,unknown,ghidra-12.1.3-initial-inventory
0x00543601,unknown,,review,unknown,ghidra-12.1.3-initial-inventory
0x00543610,unknown,,review,unknown,ghidra-12.1.3-initial-inventory
0x00543643,unknown,,review,unknown,ghidra-12.1.3-initial-inventory
0x00543679,unknown,,review,unknown,ghidra-12.1.3-initial-inventory
0x005436AF,unknown,,review,unknown,ghidra-12.1.3-initial-inventory
0x005436C1,unknown,,review,unknown,ghidra-12.1.3-initial-inventory
0x005439E0,unknown,,review,unknown,ghidra-12.1.3-initial-inventory
0x005439F6,unknown,,review,unknown,ghidra-12.1.3-initial-inventory
0x00543A29,unknown,,review,unknown,ghidra-12.1.3-initial-inventory
0x00543A2D,unknown,,review,unknown,ghidra-12.1.3-initial-inventory
0x00543A39,unknown,,review,unknown,ghidra-12.1.3-initial-inventory
0x00543B4E,unknown,,review,unknown,ghidra-12.1.3-initial-inventory
0x00543B7E,unknown,,review,unknown,ghidra-12.1.3-initial-inventory
0x00543B83,unknown,,review,unknown,ghidra-12.1.3-initial-inventory
0x00543B86,unknown,,review,unknown,ghidra-12.1.3-initial-inventory
0x00543BC8,unknown,,review,unknown,ghidra-12.1.3-initial-inventory
0x00543BD4,unknown,,review,unknown,ghidra-12.1.3-initial-inventory
0x00543C2A,unknown,,review,unknown,ghidra-12.1.3-initial-inventory
0x00543C40,unknown,,review,unknown,ghidra-12.1.3-initial-inventory
0x00543C85,unknown,,review,unknown,ghidra-12.1.3-initial-inventory
0x00543CD2,unknown,,review,unknown,ghidra-12.1.3-initial-inventory
0x00543D1D,unknown,,review,unknown,ghidra-12.1.3-initial-inventory
0x00543D23,unknown,,review,unknown,ghidra-12.1.3-initial-inventory
0x00543D2F,unknown,,review,unknown,ghidra-12.1.3-initial-inventory
0x00543D32,unknown,,review,unknown,ghidra-12.1.3-initial-inventory
0x00543D53,unknown,,review,unknown,ghidra-12.1.3-initial-inventory
0x00543D70,unknown,,review,unknown,ghidra-12.1.3-initial-inventory
0x00543D7C,unknown,,review,unknown,ghidra-12.1.3-initial-inventory
0x00543D82,unknown,,review,unknown,ghidra-12.1.3-initial-inventory
0x00543D88,unknown,,review,unknown,ghidra-12.1.3-initial-inventory
0x00543DE0,unknown,,review,unknown,ghidra-12.1.3-initial-inventory
0x00543DE6,unknown,,review,unknown,ghidra-12.1.3-initial-inventory
0x00543DEC,unknown,,review,unknown,ghidra-12.1.3-initial-inventory
0x00543DF2,unknown,,review,unknown,ghidra-12.1.3-initial-inventory
0x00543DF8,unknown,,review,unknown,ghidra-12.1.3-initial-inventory
0x00543DFE,unknown,,review,unknown,ghidra-12.1.3-initial-inventory
0x00543E04,unknown,,review,unknown,ghidra-12.1.3-initial-inventory
0x00543E0A,unknown,,review,unknown,ghidra-12.1.3-initial-inventory
0x00543E10,unknown,,review,unknown,ghidra-12.1.3-initial-inventory
0x00543E16,unknown,,review,unknown,ghidra-12.1.3-initial-inventory
0x00543E20,unknown,,review,unknown,ghidra-12.1.3-initial-inventory
0x00544394,unknown,,review,unknown,ghidra-12.1.3-initial-inventory
0x00544403,unknown,,review,unknown,ghidra-12.1.3-initial-inventory
0x00544463,unknown,,review,unknown,ghidra-12.1.3-initial-inventory
0x00544562,unknown,,review,unknown,ghidra-12.1.3-initial-inventory
0x00544592,unknown,,review,unknown,ghidra-12.1.3-initial-inventory
0x005445E6,unknown,,review,unknown,ghidra-12.1.3-initial-inventory
0x00544617,unknown,,review,unknown,ghidra-12.1.3-initial-inventory
0x0054463B,unknown,,review,unknown,ghidra-12.1.3-initial-inventory
0x00544683,unknown,,review,unknown,ghidra-12.1.3-initial-inventory
0x00544722,unknown,,review,unknown,ghidra-12.1.3-initial-inventory
0x00544760,unknown,,review,unknown,ghidra-12.1.3-initial-inventory
0x005448C0,unknown,,review,unknown,ghidra-12.1.3-initial-inventory
0x005449F7,unknown,,review,unknown,ghidra-12.1.3-initial-inventory
0x00544A5A,unknown,,review,unknown,ghidra-12.1.3-initial-inventory
0x00544A7C,unknown,,review,unknown,ghidra-12.1.3-initial-inventory
0x00544AE9,unknown,,review,unknown,ghidra-12.1.3-initial-inventory
0x00544D77,unknown,,review,unknown,ghidra-12.1.3-initial-inventory
0x00546140,unknown,,review,unknown,ghidra-12.1.3-initial-inventory
0x0054628E,unknown,,review,unknown,ghidra-12.1.3-initial-inventory
0x00546328,unknown,,review,unknown,ghidra-12.1.3-initial-inventory
0x005463D0,unknown,,review,unknown,ghidra-12.1.3-initial-inventory
0x005463E0,unknown,,review,unknown,ghidra-12.1.3-initial-inventory
0x00546488,unknown,,review,unknown,ghidra-12.1.3-initial-inventory
0x00546495,unknown,,review,unknown,ghidra-12.1.3-initial-inventory
0x005464ED,unknown,,review,unknown,ghidra-12.1.3-initial-inventory
0x00546513,unknown,,review,unknown,ghidra-12.1.3-initial-inventory
0x00546538,unknown,,review,unknown,ghidra-12.1.3-initial-inventory
0x0054658E,unknown,,review,unknown,ghidra-12.1.3-initial-inventory
0x00546597,unknown,,review,unknown,ghidra-12.1.3-initial-inventory
0x005465A5,unknown,,review,unknown,ghidra-12.1.3-initial-inventory
0x005465C4,unknown,,review,unknown,ghidra-12.1.3-initial-inventory
0x005465E0,unknown,,review,unknown,ghidra-12.1.3-initial-inventory
0x00546620,unknown,,review,unknown,ghidra-12.1.3-initial-inventory
0x0054677E,unknown,,review,unknown,ghidra-12.1.3-initial-inventory
0x005467BA,unknown,,review,unknown,ghidra-12.1.3-initial-inventory
0x005467D6,unknown,,review,unknown,ghidra-12.1.3-initial-inventory
0x005467E4,unknown,,review,unknown,ghidra-12.1.3-initial-inventory
0x00546876,unknown,,review,unknown,ghidra-12.1.3-initial-inventory
0x005468AE,unknown,,review,unknown,ghidra-12.1.3-initial-inventory
0x005468E1,unknown,,review,unknown,ghidra-12.1.3-initial-inventory
0x005468FF,unknown,,review,unknown,ghidra-12.1.3-initial-inventory
0x00546A3D,unknown,,review,unknown,ghidra-12.1.3-initial-inventory
0x00546AD9,unknown,,review,unknown,ghidra-12.1.3-initial-inventory
0x00546B5A,unknown,,review,unknown,ghidra-12.1.3-initial-inventory
0x00546EFD,unknown,,review,unknown,ghidra-12.1.3-initial-inventory
0x00547033,unknown,,review,unknown,ghidra-12.1.3-initial-inventory
0x005470C1,unknown,,review,unknown,ghidra-12.1.3-initial-inventory
0x005471C3,unknown,,review,unknown,ghidra-12.1.3-initial-inventory
0x005471CC,unknown,,review,unknown,ghidra-12.1.3-initial-inventory
0x005471E7,unknown,,review,unknown,ghidra-12.1.3-initial-inventory
0x00547205,unknown,,review,unknown,ghidra-12.1.3-initial-inventory
0x00547224,unknown,,review,unknown,ghidra-12.1.3-initial-inventory
0x00547378,unknown,,review,unknown,ghidra-12.1.3-initial-inventory
0x005473F3,unknown,,review,unknown,ghidra-12.1.3-initial-inventory
0x00547435,unknown,,review,unknown,ghidra-12.1.3-initial-inventory
0x0054747F,unknown,,review,unknown,ghidra-12.1.3-initial-inventory
0x00547497,unknown,,review,unknown,ghidra-12.1.3-initial-inventory
0x0054756B,unknown,,review,unknown,ghidra-12.1.3-initial-inventory
0x00547585,unknown,,review,unknown,ghidra-12.1.3-initial-inventory
0x0054761F,unknown,,review,unknown,ghidra-12.1.3-initial-inventory
0x0054762F,unknown,,review,unknown,ghidra-12.1.3-initial-inventory
0x00547642,unknown,,review,unknown,ghidra-12.1.3-initial-inventory
0x00547650,unknown,,review,unknown,ghidra-12.1.3-initial-inventory
0x0054769C,unknown,,review,unknown,ghidra-12.1.3-initial-inventory
0x005476CC,unknown,,review,unknown,ghidra-12.1.3-initial-inventory
0x00547708,unknown,,review,unknown,ghidra-12.1.3-initial-inventory
0x00547740,unknown,,review,unknown,ghidra-12.1.3-initial-inventory
0x00547830,unknown,,review,unknown,ghidra-12.1.3-initial-inventory
0x00547850,unknown,,review,unknown,ghidra-12.1.3-initial-inventory
0x00547870,unknown,,review,unknown,ghidra-12.1.3-initial-inventory
0x00547890,unknown,,review,unknown,ghidra-12.1.3-initial-inventory
0x005478A7,unknown,,review,unknown,ghidra-12.1.3-initial-inventory
0x00547947,unknown,,review,unknown,ghidra-12.1.3-initial-inventory
0x00547992,unknown,,review,unknown,ghidra-12.1.3-initial-inventory
0x005479CD,unknown,,review,unknown,ghidra-12.1.3-initial-inventory
0x00547A08,unknown,,review,unknown,ghidra-12.1.3-initial-inventory
0x00547A43,unknown,,review,unknown,ghidra-12.1.3-initial-inventory
0x00547A81,unknown,,review,unknown,ghidra-12.1.3-initial-inventory
0x00547AC8,unknown,,review,unknown,ghidra-12.1.3-initial-inventory
0x00547AE5,unknown,,review,unknown,ghidra-12.1.3-initial-inventory
0x00547B02,unknown,,review,unknown,ghidra-12.1.3-initial-inventory
0x00547B10,unknown,,review,unknown,ghidra-12.1.3-initial-inventory
0x00547B20,unknown,,review,unknown,ghidra-12.1.3-initial-inventory
0x00547B40,unknown,,review,unknown,ghidra-12.1.3-initial-inventory
0x00547B43,unknown,,review,unknown,ghidra-12.1.3-initial-inventory
0x00547B87,unknown,,review,unknown,ghidra-12.1.3-initial-inventory
0x00547C41,unknown,,review,unknown,ghidra-12.1.3-initial-inventory
0x00547C78,unknown,,review,unknown,ghidra-12.1.3-initial-inventory
0x00547CCF,unknown,,review,unknown,ghidra-12.1.3-initial-inventory
0x00547D1F,unknown,,review,unknown,ghidra-12.1.3-initial-inventory
0x00547DA2,unknown,,review,unknown,ghidra-12.1.3-initial-inventory
0x00547DB0,unknown,,review,unknown,ghidra-12.1.3-initial-inventory
0x00547DF8,unknown,,review,unknown,ghidra-12.1.3-initial-inventory
0x00547E34,unknown,,review,unknown,ghidra-12.1.3-initial-inventory
0x00547E5D,unknown,,review,unknown,ghidra-12.1.3-initial-inventory
0x00547EA3,unknown,,review,unknown,ghidra-12.1.3-initial-inventory
0x00547EC0,unknown,,review,unknown,ghidra-12.1.3-initial-inventory
0x00547FF9,unknown,,review,unknown,ghidra-12.1.3-initial-inventory
0x00548008,unknown,,review,unknown,ghidra-12.1.3-initial-inventory
0x0054803F,unknown,,review,unknown,ghidra-12.1.3-initial-inventory
0x005480BC,unknown,,review,unknown,ghidra-12.1.3-initial-inventory
0x005480CC,unknown,,review,unknown,ghidra-12.1.3-initial-inventory
0x00548100,unknown,,review,unknown,ghidra-12.1.3-initial-inventory
0x005481A0,unknown,,review,unknown,ghidra-12.1.3-initial-inventory
0x00548300,unknown,,review,unknown,ghidra-12.1.3-initial-inventory
0x00548430,unknown,,review,unknown,ghidra-12.1.3-initial-inventory
0x00548610,unknown,,review,unknown,ghidra-12.1.3-initial-inventory
0x005486A0,unknown,,review,unknown,ghidra-12.1.3-initial-inventory
0x0054873B,unknown,,review,unknown,ghidra-12.1.3-initial-inventory
0x005488AF,unknown,,review,unknown,ghidra-12.1.3-initial-inventory
0x0054894E,unknown,,review,unknown,ghidra-12.1.3-initial-inventory
0x00548966,unknown,,review,unknown,ghidra-12.1.3-initial-inventory
0x005489E6,unknown,,review,unknown,ghidra-12.1.3-initial-inventory
0x00548A1A,unknown,,review,unknown,ghidra-12.1.3-initial-inventory
0x00548A4B,unknown,,review,unknown,ghidra-12.1.3-initial-inventory
0x00548A66,unknown,,review,unknown,ghidra-12.1.3-initial-inventory
0x00548C79,unknown,,review,unknown,ghidra-12.1.3-initial-inventory
0x00548C97,unknown,,review,unknown,ghidra-12.1.3-initial-inventory
0x00548E24,unknown,,review,unknown,ghidra-12.1.3-initial-inventory
0x00548FB1,unknown,,review,unknown,ghidra-12.1.3-initial-inventory
0x0054913E,unknown,,review,unknown,ghidra-12.1.3-initial-inventory
0x005491A0,unknown,,review,unknown,ghidra-12.1.3-initial-inventory
0x0054921F,unknown,,review,unknown,ghidra-12.1.3-initial-inventory
0x0054929B,unknown,,review,unknown,ghidra-12.1.3-initial-inventory
0x0054930F,unknown,,review,unknown,ghidra-12.1.3-initial-inventory
0x005493A1,unknown,,review,unknown,ghidra-12.1.3-initial-inventory
0x00549427,unknown,,review,unknown,ghidra-12.1.3-initial-inventory
0x0054948E,unknown,,review,unknown,ghidra-12.1.3-initial-inventory
0x005494A8,unknown,,review,unknown,ghidra-12.1.3-initial-inventory
0x005494CC,unknown,,review,unknown,ghidra-12.1.3-initial-inventory
0x00549536,unknown,,review,unknown,ghidra-12.1.3-initial-inventory
0x00549573,unknown,,review,unknown,ghidra-12.1.3-initial-inventory
0x005495D5,unknown,,review,unknown,ghidra-12.1.3-initial-inventory
0x0054964D,unknown,,review,unknown,ghidra-12.1.3-initial-inventory
0x00549935,unknown,,review,unknown,ghidra-12.1.3-initial-inventory
0x00549A8E,unknown,,review,unknown,ghidra-12.1.3-initial-inventory
0x00549ECD,unknown,,review,unknown,ghidra-12.1.3-initial-inventory
0x00549F21,unknown,,review,unknown,ghidra-12.1.3-initial-inventory
0x00549F94,unknown,,review,unknown,ghidra-12.1.3-initial-inventory
0x0054A14B,unknown,,review,unknown,ghidra-12.1.3-initial-inventory
0x0054A1D7,unknown,,review,unknown,ghidra-12.1.3-initial-inventory
0x0054A25C,unknown,,review,unknown,ghidra-12.1.3-initial-inventory
0x0054A279,unknown,,review,unknown,ghidra-12.1.3-initial-inventory
0x0054A28F,unknown,,review,unknown,ghidra-12.1.3-initial-inventory
0x0054A302,unknown,,review,unknown,ghidra-12.1.3-initial-inventory
0x0054A32B,unknown,,review,unknown,ghidra-12.1.3-initial-inventory
0x0054A360,unknown,,review,unknown,ghidra-12.1.3-initial-inventory
0x0054A3BB,unknown,,review,unknown,ghidra-12.1.3-initial-inventory
0x0054A3D6,unknown,,review,unknown,ghidra-12.1.3-initial-inventory
0x0054A407,unknown,,review,unknown,ghidra-12.1.3-initial-inventory
0x0054A476,unknown,,review,unknown,ghidra-12.1.3-initial-inventory
0x0054A498,unknown,,review,unknown,ghidra-12.1.3-initial-inventory
0x0054A4E0,unknown,,review,unknown,ghidra-12.1.3-initial-inventory
0x0054A540,unknown,,review,unknown,ghidra-12.1.3-initial-inventory
0x0054A550,unknown,,review,unknown,ghidra-12.1.3-initial-inventory
0x0054A55B,unknown,,review,unknown,ghidra-12.1.3-initial-inventory
0x0054A57C,unknown,,review,unknown,ghidra-12.1.3-initial-inventory
0x0054A5BB,unknown,,review,unknown,ghidra-12.1.3-initial-inventory
0x0054A5FD,unknown,,review,unknown,ghidra-12.1.3-initial-inventory
0x0054A696,unknown,,review,unknown,ghidra-12.1.3-initial-inventory
0x0054A6B7,unknown,,review,unknown,ghidra-12.1.3-initial-inventory
0x0054A6D8,unknown,,review,unknown,ghidra-12.1.3-initial-inventory
0x0054A6F9,unknown,,review,unknown,ghidra-12.1.3-initial-inventory
0x0054A71A,unknown,,review,unknown,ghidra-12.1.3-initial-inventory
0x0054A75B,unknown,,review,unknown,ghidra-12.1.3-initial-inventory
0x0054A779,unknown,,review,unknown,ghidra-12.1.3-initial-inventory
0x0054A803,unknown,,review,unknown,ghidra-12.1.3-initial-inventory
0x0054A88D,unknown,,review,unknown,ghidra-12.1.3-initial-inventory
0x0054B395,unknown,,review,unknown,ghidra-12.1.3-initial-inventory
0x0054B464,unknown,,review,unknown,ghidra-12.1.3-initial-inventory
0x0054B585,unknown,,review,unknown,ghidra-12.1.3-initial-inventory
0x0054B5C5,unknown,,review,unknown,ghidra-12.1.3-initial-inventory
0x0054B605,unknown,,review,unknown,ghidra-12.1.3-initial-inventory
0x0054B74D,unknown,,review,unknown,ghidra-12.1.3-initial-inventory
0x0054B871,unknown,,review,unknown,ghidra-12.1.3-initial-inventory
0x0054BEA0,unknown,,review,unknown,ghidra-12.1.3-initial-inventory
0x0054BEFC,unknown,,review,unknown,ghidra-12.1.3-initial-inventory
0x0054BF64,unknown,,review,unknown,ghidra-12.1.3-initial-inventory
0x0054BFD0,unknown,,review,unknown,ghidra-12.1.3-initial-inventory
0x0054C145,unknown,,review,unknown,ghidra-12.1.3-initial-inventory
0x0054C2BD,unknown,,review,unknown,ghidra-12.1.3-initial-inventory
0x0054C2EC,unknown,,review,unknown,ghidra-12.1.3-initial-inventory
0x0054C321,unknown,,review,unknown,ghidra-12.1.3-initial-inventory
0x0054C35C,unknown,,review,unknown,ghidra-12.1.3-initial-inventory
0x0054C39A,unknown,,review,unknown,ghidra-12.1.3-initial-inventory
0x0054C3D7,unknown,,review,unknown,ghidra-12.1.3-initial-inventory
0x0054C408,unknown,,review,unknown,ghidra-12.1.3-initial-inventory
0x0054C44C,unknown,,review,unknown,ghidra-12.1.3-initial-inventory
0x0054C4CE,unknown,,review,unknown,ghidra-12.1.3-initial-inventory
0x0054C4FA,unknown,,review,unknown,ghidra-12.1.3-initial-inventory
0x0054C5FB,unknown,,review,unknown,ghidra-12.1.3-initial-inventory
0x0054C620,unknown,,review,unknown,ghidra-12.1.3-initial-inventory
0x0054C645,unknown,,review,unknown,ghidra-12.1.3-initial-inventory
0x0054C685,unknown,,review,unknown,ghidra-12.1.3-initial-inventory
0x0054CA1E,unknown,,review,unknown,ghidra-12.1.3-initial-inventory
0x0054CBBB,unknown,,review,unknown,ghidra-12.1.3-initial-inventory
0x0054CBF0,unknown,,review,unknown,ghidra-12.1.3-initial-inventory
0x0054E8EF,unknown,,review,unknown,ghidra-12.1.3-initial-inventory
0x0054E9A0,unknown,,review,unknown,ghidra-12.1.3-initial-inventory
0x0054E9D8,unknown,,review,unknown,ghidra-12.1.3-initial-inventory
0x0054E9F0,unknown,,review,unknown,ghidra-12.1.3-initial-inventory
0x0054EEC7,unknown,,review,unknown,ghidra-12.1.3-initial-inventory
0x0054EF0D,unknown,,review,unknown,ghidra-12.1.3-initial-inventory
0x0054EF27,unknown,,review,unknown,ghidra-12.1.3-initial-inventory
0x0054EF3C,unknown,,review,unknown,ghidra-12.1.3-initial-inventory
0x0054EF86,unknown,,review,unknown,ghidra-12.1.3-initial-inventory
0x0054EFD4,unknown,,review,unknown,ghidra-12.1.3-initial-inventory
0x0054EFEB,unknown,,review,unknown,ghidra-12.1.3-initial-inventory
0x0054F093,unknown,,review,unknown,ghidra-12.1.3-initial-inventory
0x0054F137,unknown,,review,unknown,ghidra-12.1.3-initial-inventory
0x0054F19C,unknown,,review,unknown,ghidra-12.1.3-initial-inventory
0x0054F1D1,unknown,,review,unknown,ghidra-12.1.3-initial-inventory
0x0054F213,unknown,,review,unknown,ghidra-12.1.3-initial-inventory
0x0054F25B,unknown,,review,unknown,ghidra-12.1.3-initial-inventory
0x0054F27B,unknown,,review,unknown,ghidra-12.1.3-initial-inventory
0x0054F295,unknown,,review,unknown,ghidra-12.1.3-initial-inventory
0x0054F2C0,unknown,,review,unknown,ghidra-12.1.3-initial-inventory
0x0054F2E5,unknown,,review,unknown,ghidra-12.1.3-initial-inventory
0x0054F445,unknown,,review,unknown,ghidra-12.1.3-initial-inventory
0x0054F459,unknown,,review,unknown,ghidra-12.1.3-initial-inventory
0x0054F654,unknown,,review,unknown,ghidra-12.1.3-initial-inventory
0x0054F788,unknown,,review,unknown,ghidra-12.1.3-initial-inventory
0x0054F7B2,unknown,,review,unknown,ghidra-12.1.3-initial-inventory
0x0054F91E,unknown,,review,unknown,ghidra-12.1.3-initial-inventory
0x0054F94E,unknown,,review,unknown,ghidra-12.1.3-initial-inventory
0x0054F96F,unknown,,review,unknown,ghidra-12.1.3-initial-inventory
0x0054F9A3,unknown,,review,unknown,ghidra-12.1.3-initial-inventory
0x0054F9D8,unknown,,review,unknown,ghidra-12.1.3-initial-inventory
0x0054F9FB,unknown,,review,unknown,ghidra-12.1.3-initial-inventory
0x0054FA4E,unknown,,review,unknown,ghidra-12.1.3-initial-inventory
0x0054FA99,unknown,,review,unknown,ghidra-12.1.3-initial-inventory
0x0054FABF,unknown,,review,unknown,ghidra-12.1.3-initial-inventory
0x0054FADB,unknown,,review,unknown,ghidra-12.1.3-initial-inventory
0x0054FAFC,unknown,,review,unknown,ghidra-12.1.3-initial-inventory
0x0054FB1E,unknown,,review,unknown,ghidra-12.1.3-initial-inventory
0x0054FBA4,unknown,,review,unknown,ghidra-12.1.3-initial-inventory
0x0054FC13,unknown,,review,unknown,ghidra-12.1.3-initial-inventory
0x0054FC37,unknown,,review,unknown,ghidra-12.1.3-initial-inventory
0x0054FC8E,unknown,,review,unknown,ghidra-12.1.3-initial-inventory
0x0054FD10,unknown,,review,unknown,ghidra-12.1.3-initial-inventory
0x0054FDA0,unknown,,review,unknown,ghidra-12.1.3-initial-inventory
0x0054FE20,unknown,,review,unknown,ghidra-12.1.3-initial-inventory
0x0054FEB0,unknown,,review,unknown,ghidra-12.1.3-initial-inventory
0x0054FF00,unknown,,review,unknown,ghidra-12.1.3-initial-inventory
0x0054FF50,unknown,,review,unknown,ghidra-12.1.3-initial-inventory
0x0054FFA0,unknown,,review,unknown,ghidra-12.1.3-initial-inventory
0x0054FFB0,unknown,,review,unknown,ghidra-12.1.3-initial-inventory
0x00550000,unknown,,review,unknown,ghidra-12.1.3-initial-inventory
0x00550050,unknown,,review,unknown,ghidra-12.1.3-initial-inventory
0x00550060,unknown,,review,unknown,ghidra-12.1.3-initial-inventory
0x005500E0,unknown,,review,unknown,ghidra-12.1.3-initial-inventory
0x00550130,unknown,,review,unknown,ghidra-12.1.3-initial-inventory
0x00550150,unknown,,review,unknown,ghidra-12.1.3-initial-inventory
0x0055020D,unknown,,review,unknown,ghidra-12.1.3-initial-inventory
0x00550230,unknown,,review,unknown,ghidra-12.1.3-initial-inventory
0x00550250,unknown,,review,unknown,ghidra-12.1.3-initial-inventory
0x0055049B,unknown,,review,unknown,ghidra-12.1.3-initial-inventory
0x00550ABE,unknown,,review,unknown,ghidra-12.1.3-initial-inventory
0x0055108D,unknown,,review,unknown,ghidra-12.1.3-initial-inventory
0x005510CC,unknown,,review,unknown,ghidra-12.1.3-initial-inventory
0x0055110B,unknown,,review,unknown,ghidra-12.1.3-initial-inventory
0x0055139C,unknown,,review,unknown,ghidra-12.1.3-initial-inventory
0x005513B0,unknown,,review,unknown,ghidra-12.1.3-initial-inventory
0x00551400,unknown,,review,unknown,ghidra-12.1.3-initial-inventory
0x00551410,unknown,,review,unknown,ghidra-12.1.3-initial-inventory
0x00551420,unknown,,review,unknown,ghidra-12.1.3-initial-inventory
0x00551430,unknown,,review,unknown,ghidra-12.1.3-initial-inventory
0x005514A0,unknown,,review,unknown,ghidra-12.1.3-initial-inventory
0x005514F6,unknown,,review,unknown,ghidra-12.1.3-initial-inventory
0x0055151E,unknown,,review,unknown,ghidra-12.1.3-initial-inventory
0x00551587,unknown,,review,unknown,ghidra-12.1.3-initial-inventory
0x00551606,unknown,,review,unknown,ghidra-12.1.3-initial-inventory
0x00551665,unknown,,review,unknown,ghidra-12.1.3-initial-inventory
0x00551688,unknown,,review,unknown,ghidra-12.1.3-initial-inventory
0x005516AC,unknown,,review,unknown,ghidra-12.1.3-initial-inventory
0x005516C1,unknown,,review,unknown,ghidra-12.1.3-initial-inventory
0x005516D6,unknown,,review,unknown,ghidra-12.1.3-initial-inventory
0x0055171C,unknown,,review,unknown,ghidra-12.1.3-initial-inventory
0x00551762,unknown,,review,unknown,ghidra-12.1.3-initial-inventory
0x005517B0,unknown,,review,unknown,ghidra-12.1.3-initial-inventory
0x00551965,unknown,,review,unknown,ghidra-12.1.3-initial-inventory
0x00551979,unknown,,review,unknown,ghidra-12.1.3-initial-inventory
0x0055198D,unknown,,review,unknown,ghidra-12.1.3-initial-inventory
0x005519B2,unknown,,review,unknown,ghidra-12.1.3-initial-inventory
0x005519D9,unknown,,review,unknown,ghidra-12.1.3-initial-inventory
0x005519FE,unknown,,review,unknown,ghidra-12.1.3-initial-inventory
0x00551EA3,unknown,,review,unknown,ghidra-12.1.3-initial-inventory
0x00551EBA,unknown,,review,unknown,ghidra-12.1.3-initial-inventory
0x00551EEB,unknown,,review,unknown,ghidra-12.1.3-initial-inventory
0x00551F02,unknown,,review,unknown,ghidra-12.1.3-initial-inventory
0x00551F19,unknown,,review,unknown,ghidra-12.1.3-initial-inventory
0x00551F68,unknown,,review,unknown,ghidra-12.1.3-initial-inventory
0x00551F74,unknown,,review,unknown,ghidra-12.1.3-initial-inventory
0x005520D3,unknown,,review,unknown,ghidra-12.1.3-initial-inventory
0x0055216E,unknown,,review,unknown,ghidra-12.1.3-initial-inventory
0x005521A6,unknown,,review,unknown,ghidra-12.1.3-initial-inventory
0x005521D0,unknown,,review,unknown,ghidra-12.1.3-initial-inventory
0x00552260,unknown,,review,unknown,ghidra-12.1.3-initial-inventory
0x005522F0,unknown,,review,unknown,ghidra-12.1.3-initial-inventory
0x00552355,unknown,,review,unknown,ghidra-12.1.3-initial-inventory
0x005523A0,unknown,,review,unknown,ghidra-12.1.3-initial-inventory
0x005524B0,unknown,,review,unknown,ghidra-12.1.3-initial-inventory
0x00552530,unknown,,review,unknown,ghidra-12.1.3-initial-inventory
0x00552540,unknown,,review,unknown,ghidra-12.1.3-initial-inventory
0x00552590,unknown,,review,unknown,ghidra-12.1.3-initial-inventory
0x005525AE,unknown,,review,unknown,ghidra-12.1.3-initial-inventory
0x00552660,unknown,,review,unknown,ghidra-12.1.3-initial-inventory
0x00552722,unknown,,review,unknown,ghidra-12.1.3-initial-inventory
0x0055273F,unknown,,review,unknown,ghidra-12.1.3-initial-inventory
0x00552763,unknown,,review,unknown,ghidra-12.1.3-initial-inventory
0x0055277D,unknown,,review,unknown,ghidra-12.1.3-initial-inventory
0x005527A4,unknown,,review,unknown,ghidra-12.1.3-initial-inventory
0x005527E3,unknown,,review,unknown,ghidra-12.1.3-initial-inventory
0x00552804,unknown,,review,unknown,ghidra-12.1.3-initial-inventory
0x00552818,unknown,,review,unknown,ghidra-12.1.3-initial-inventory
0x00552860,unknown,,review,unknown,ghidra-12.1.3-initial-inventory
0x005528A0,unknown,,review,unknown,ghidra-12.1.3-initial-inventory
0x005528C0,unknown,,review,unknown,ghidra-12.1.3-initial-inventory
0x0055290E,unknown,,review,unknown,ghidra-12.1.3-initial-inventory
0x00552920,unknown,,review,unknown,ghidra-12.1.3-initial-inventory
0x0055297C,unknown,,review,unknown,ghidra-12.1.3-initial-inventory
0x0055299D,unknown,,review,unknown,ghidra-12.1.3-initial-inventory
0x005529B8,unknown,,review,unknown,ghidra-12.1.3-initial-inventory
0x005529D7,unknown,,review,unknown,ghidra-12.1.3-initial-inventory
0x00552B1D,unknown,,review,unknown,ghidra-12.1.3-initial-inventory
0x00552B5E,unknown,,review,unknown,ghidra-12.1.3-initial-inventory
0x00552B6A,unknown,,review,unknown,ghidra-12.1.3-initial-inventory
0x00552C52,unknown,,review,unknown,ghidra-12.1.3-initial-inventory
0x00552D10,unknown,,review,unknown,ghidra-12.1.3-initial-inventory
0x00552D3E,unknown,,review,unknown,ghidra-12.1.3-initial-inventory
0x00552DC0,unknown,,review,unknown,ghidra-12.1.3-initial-inventory
0x00552DDE,unknown,,review,unknown,ghidra-12.1.3-initial-inventory
0x00552DED,unknown,,review,unknown,ghidra-12.1.3-initial-inventory
0x00552E03,unknown,,review,unknown,ghidra-12.1.3-initial-inventory
0x00552E29,unknown,,review,unknown,ghidra-12.1.3-initial-inventory
0x00552E3F,unknown,,review,unknown,ghidra-12.1.3-initial-inventory
0x00552F7C,unknown,,review,unknown,ghidra-12.1.3-initial-inventory
0x005530EE,unknown,,review,unknown,ghidra-12.1.3-initial-inventory
0x0055313D,unknown,,review,unknown,ghidra-12.1.3-initial-inventory
0x00553148,unknown,,review,unknown,ghidra-12.1.3-initial-inventory
0x00553174,unknown,,review,unknown,ghidra-12.1.3-initial-inventory
0x005531CE,unknown,,review,unknown,ghidra-12.1.3-initial-inventory
0x00553223,unknown,,review,unknown,ghidra-12.1.3-initial-inventory
0x00553308,unknown,,review,unknown,ghidra-12.1.3-initial-inventory
0x0055342B,unknown,,review,unknown,ghidra-12.1.3-initial-inventory
0x0055345A,unknown,,review,unknown,ghidra-12.1.3-initial-inventory
0x005534DB,unknown,,review,unknown,ghidra-12.1.3-initial-inventory
0x005534F6,unknown,,review,unknown,ghidra-12.1.3-initial-inventory
0x00553511,unknown,,review,unknown,ghidra-12.1.3-initial-inventory
0x00553516,unknown,,review,unknown,ghidra-12.1.3-initial-inventory
0x00553567,unknown,,review,unknown,ghidra-12.1.3-initial-inventory
0x0055356C,unknown,,review,unknown,ghidra-12.1.3-initial-inventory
0x005535BB,unknown,,review,unknown,ghidra-12.1.3-initial-inventory
0x005535C7,unknown,,review,unknown,ghidra-12.1.3-initial-inventory
0x00553616,unknown,,review,unknown,ghidra-12.1.3-initial-inventory
0x00553622,unknown,,review,unknown,ghidra-12.1.3-initial-inventory
0x00553735,unknown,,review,unknown,ghidra-12.1.3-initial-inventory
0x0055380F,unknown,,review,unknown,ghidra-12.1.3-initial-inventory
0x00553825,unknown,,review,unknown,ghidra-12.1.3-initial-inventory
0x00553863,unknown,,review,unknown,ghidra-12.1.3-initial-inventory
0x0055388C,unknown,,review,unknown,ghidra-12.1.3-initial-inventory
0x00553925,unknown,,review,unknown,ghidra-12.1.3-initial-inventory
0x0055398C,unknown,,review,unknown,ghidra-12.1.3-initial-inventory
0x005539BA,unknown,,review,unknown,ghidra-12.1.3-initial-inventory
0x005539CC,unknown,,review,unknown,ghidra-12.1.3-initial-inventory
0x00553A00,unknown,,review,unknown,ghidra-12.1.3-initial-inventory
0x00553B40,unknown,,review,unknown,ghidra-12.1.3-initial-inventory
0x00553E70,unknown,,review,unknown,ghidra-12.1.3-initial-inventory
0x00553EA0,unknown,,review,unknown,ghidra-12.1.3-initial-inventory
0x005541D0,unknown,,review,unknown,ghidra-12.1.3-initial-inventory
0x00554210,unknown,,review,unknown,ghidra-12.1.3-initial-inventory
0x00554310,unknown,,review,unknown,ghidra-12.1.3-initial-inventory
0x00554330,unknown,,review,unknown,ghidra-12.1.3-initial-inventory
0x005543A0,unknown,,review,unknown,ghidra-12.1.3-initial-inventory
0x00554430,unknown,,review,unknown,ghidra-12.1.3-initial-inventory
0x00554480,unknown,,review,unknown,ghidra-12.1.3-initial-inventory
0x00554690,unknown,,review,unknown,ghidra-12.1.3-initial-inventory
0x00554940,unknown,,review,unknown,ghidra-12.1.3-initial-inventory
0x00554AE0,unknown,,review,unknown,ghidra-12.1.3-initial-inventory
0x00554D20,unknown,,review,unknown,ghidra-12.1.3-initial-inventory
0x00554D40,unknown,,review,unknown,ghidra-12.1.3-initial-inventory
0x00554DB0,unknown,,review,unknown,ghidra-12.1.3-initial-inventory
0x00554E00,unknown,,review,unknown,ghidra-12.1.3-initial-inventory
0x00554E90,unknown,,review,unknown,ghidra-12.1.3-initial-inventory
0x005550A0,unknown,,review,unknown,ghidra-12.1.3-initial-inventory
0x00555340,unknown,,review,unknown,ghidra-12.1.3-initial-inventory
0x005554E0,unknown,,review,unknown,ghidra-12.1.3-initial-inventory
0x00555720,unknown,,review,unknown,ghidra-12.1.3-initial-inventory
0x00555750,unknown,,review,unknown,ghidra-12.1.3-initial-inventory
0x005557D0,unknown,,review,unknown,ghidra-12.1.3-initial-inventory
0x005558F0,unknown,,review,unknown,ghidra-12.1.3-initial-inventory
0x005558F6,unknown,,review,unknown,ghidra-12.1.3-initial-inventory
0x00555910,unknown,,review,unknown,ghidra-12.1.3-initial-inventory
0x00555930,unknown,,review,unknown,ghidra-12.1.3-initial-inventory
0x00555940,unknown,,review,unknown,ghidra-12.1.3-initial-inventory
0x00555980,unknown,,review,unknown,ghidra-12.1.3-initial-inventory
0x005559A6,unknown,,review,unknown,ghidra-12.1.3-initial-inventory
0x005559FE,unknown,,review,unknown,ghidra-12.1.3-initial-inventory
0x00555A29,unknown,,review,unknown,ghidra-12.1.3-initial-inventory
0x00555A57,unknown,,review,unknown,ghidra-12.1.3-initial-inventory
0x00555A94,unknown,,review,unknown,ghidra-12.1.3-initial-inventory
0x00555AD5,unknown,,review,unknown,ghidra-12.1.3-initial-inventory
0x00555AE1,unknown,,review,unknown,ghidra-12.1.3-initial-inventory
0x00555B17,unknown,,review,unknown,ghidra-12.1.3-initial-inventory
0x00555B26,unknown,,review,unknown,ghidra-12.1.3-initial-inventory
0x00555B88,unknown,,review,unknown,ghidra-12.1.3-initial-inventory
0x00555B94,unknown,,review,unknown,ghidra-12.1.3-initial-inventory
0x00555BDE,unknown,,review,unknown,ghidra-12.1.3-initial-inventory
0x00555C0E,unknown,,review,unknown,ghidra-12.1.3-initial-inventory
0x00555C78,unknown,,review,unknown,ghidra-12.1.3-initial-inventory
0x00555D76,unknown,,review,unknown,ghidra-12.1.3-initial-inventory
0x00555DBA,unknown,,review,unknown,ghidra-12.1.3-initial-inventory
0x00555DEF,unknown,,review,unknown,ghidra-12.1.3-initial-inventory
0x00555E4F,unknown,,review,unknown,ghidra-12.1.3-initial-inventory
0x00555E5A,unknown,,review,unknown,ghidra-12.1.3-initial-inventory
0x00555E81,unknown,,review,unknown,ghidra-12.1.3-initial-inventory
0x00555EF1,unknown,,review,unknown,ghidra-12.1.3-initial-inventory
0x0055602E,unknown,,review,unknown,ghidra-12.1.3-initial-inventory
0x00556090,unknown,,review,unknown,ghidra-12.1.3-initial-inventory
0x005560BF,unknown,,review,unknown,ghidra-12.1.3-initial-inventory
0x00556495,unknown,,review,unknown,ghidra-12.1.3-initial-inventory
0x005564D6,unknown,,review,unknown,ghidra-12.1.3-initial-inventory
0x00556559,unknown,,review,unknown,ghidra-12.1.3-initial-inventory
0x005566F6,unknown,,review,unknown,ghidra-12.1.3-initial-inventory
0x005569E6,unknown,,review,unknown,ghidra-12.1.3-initial-inventory
0x00556D97,unknown,,review,unknown,ghidra-12.1.3-initial-inventory
0x00556DC6,unknown,,review,unknown,ghidra-12.1.3-initial-inventory
0x00556FA0,unknown,,review,unknown,ghidra-12.1.3-initial-inventory
0x00556FDF,unknown,,review,unknown,ghidra-12.1.3-initial-inventory
0x00557051,unknown,,review,unknown,ghidra-12.1.3-initial-inventory
0x0055710F,unknown,,review,unknown,ghidra-12.1.3-initial-inventory
0x0055717F,unknown,,review,unknown,ghidra-12.1.3-initial-inventory
0x005571C0,unknown,,review,unknown,ghidra-12.1.3-initial-inventory
0x005571D0,unknown,,review,unknown,ghidra-12.1.3-initial-inventory
0x005571FF,unknown,,review,unknown,ghidra-12.1.3-initial-inventory
0x00557210,unknown,,review,unknown,ghidra-12.1.3-initial-inventory
0x0055727C,unknown,,review,unknown,ghidra-12.1.3-initial-inventory
0x00557290,unknown,,review,unknown,ghidra-12.1.3-initial-inventory
0x005572D3,unknown,,review,unknown,ghidra-12.1.3-initial-inventory
0x0055732F,unknown,,review,unknown,ghidra-12.1.3-initial-inventory
0x0055733B,unknown,,review,unknown,ghidra-12.1.3-initial-inventory
0x0055737D,unknown,,review,unknown,ghidra-12.1.3-initial-inventory
0x005573A5,unknown,,review,unknown,ghidra-12.1.3-initial-inventory
0x005573CC,unknown,,review,unknown,ghidra-12.1.3-initial-inventory
0x005573EA,unknown,,review,unknown,ghidra-12.1.3-initial-inventory
0x00557574,unknown,,review,unknown,ghidra-12.1.3-initial-inventory
0x005575DC,unknown,,review,unknown,ghidra-12.1.3-initial-inventory
0x00557622,unknown,,review,unknown,ghidra-12.1.3-initial-inventory
0x0055762E,unknown,,review,unknown,ghidra-12.1.3-initial-inventory
0x0055768D,unknown,,review,unknown,ghidra-12.1.3-initial-inventory
0x00557699,unknown,,review,unknown,ghidra-12.1.3-initial-inventory
0x005576E2,unknown,,review,unknown,ghidra-12.1.3-initial-inventory
0x005576EE,unknown,,review,unknown,ghidra-12.1.3-initial-inventory
0x0055773C,unknown,,review,unknown,ghidra-12.1.3-initial-inventory
0x00557748,unknown,,review,unknown,ghidra-12.1.3-initial-inventory
0x005577E1,unknown,,review,unknown,ghidra-12.1.3-initial-inventory
0x00557802,unknown,,review,unknown,ghidra-12.1.3-initial-inventory
0x005578CF,unknown,,review,unknown,ghidra-12.1.3-initial-inventory
0x00557977,unknown,,review,unknown,ghidra-12.1.3-initial-inventory
0x005579C2,unknown,,review,unknown,ghidra-12.1.3-initial-inventory
0x005579D0,unknown,,review,unknown,ghidra-12.1.3-initial-inventory
0x00557A13,unknown,,review,unknown,ghidra-12.1.3-initial-inventory
0x00557A9F,unknown,,review,unknown,ghidra-12.1.3-initial-inventory
0x00557B1E,unknown,,review,unknown,ghidra-12.1.3-initial-inventory
0x00557B40,unknown,,review,unknown,ghidra-12.1.3-initial-inventory
0x00557BA0,unknown,,review,unknown,ghidra-12.1.3-initial-inventory
0x00557BE6,unknown,,review,unknown,ghidra-12.1.3-initial-inventory
0x00557C08,unknown,,review,unknown,ghidra-12.1.3-initial-inventory
0x00557C6F,unknown,,review,unknown,ghidra-12.1.3-initial-inventory
0x00557C7B,unknown,,review,unknown,ghidra-12.1.3-initial-inventory
0x00557CA5,unknown,,review,unknown,ghidra-12.1.3-initial-inventory
0x00557CD0,unknown,,review,unknown,ghidra-12.1.3-initial-inventory
0x00557CFB,unknown,,review,unknown,ghidra-12.1.3-initial-inventory
0x00557D26,unknown,,review,unknown,ghidra-12.1.3-initial-inventory
0x00557D51,unknown,,review,unknown,ghidra-12.1.3-initial-inventory
0x00557D7C,unknown,,review,unknown,ghidra-12.1.3-initial-inventory
0x00557DA7,unknown,,review,unknown,ghidra-12.1.3-initial-inventory
0x00557DD2,unknown,,review,unknown,ghidra-12.1.3-initial-inventory
0x00557DFD,unknown,,review,unknown,ghidra-12.1.3-initial-inventory
0x00557E28,unknown,,review,unknown,ghidra-12.1.3-initial-inventory
0x00557E53,unknown,,review,unknown,ghidra-12.1.3-initial-inventory
0x00557F20,unknown,,review,unknown,ghidra-12.1.3-initial-inventory
0x00557F83,unknown,,review,unknown,ghidra-12.1.3-initial-inventory
0x00557FD2,unknown,,review,unknown,ghidra-12.1.3-initial-inventory
0x00558021,unknown,,review,unknown,ghidra-12.1.3-initial-inventory
0x00558040,unknown,,review,unknown,ghidra-12.1.3-initial-inventory
0x0055809D,unknown,,review,unknown,ghidra-12.1.3-initial-inventory
0x005580F1,unknown,,review,unknown,ghidra-12.1.3-initial-inventory
0x005580FD,unknown,,review,unknown,ghidra-12.1.3-initial-inventory
0x00558109,unknown,,review,unknown,ghidra-12.1.3-initial-inventory
0x00558116,unknown,,review,unknown,ghidra-12.1.3-initial-inventory
0x00558122,unknown,,review,unknown,ghidra-12.1.3-initial-inventory
0x0055812E,unknown,,review,unknown,ghidra-12.1.3-initial-inventory
0x0055816D,unknown,,review,unknown,ghidra-12.1.3-initial-inventory
0x005581A9,unknown,,review,unknown,ghidra-12.1.3-initial-inventory
0x005581B5,unknown,,review,unknown,ghidra-12.1.3-initial-inventory
0x005581ED,unknown,,review,unknown,ghidra-12.1.3-initial-inventory
0x0055822C,unknown,,review,unknown,ghidra-12.1.3-initial-inventory
0x00558289,unknown,,review,unknown,ghidra-12.1.3-initial-inventory
0x005582BA,unknown,,review,unknown,ghidra-12.1.3-initial-inventory
0x00558304,unknown,,review,unknown,ghidra-12.1.3-initial-inventory
0x00558341,unknown,,review,unknown,ghidra-12.1.3-initial-inventory
0x00558390,unknown,,review,unknown,ghidra-12.1.3-initial-inventory
0x0055839B,unknown,,review,unknown,ghidra-12.1.3-initial-inventory
0x005583D2,unknown,,review,unknown,ghidra-12.1.3-initial-inventory
0x005583F5,unknown,,review,unknown,ghidra-12.1.3-initial-inventory
0x00558426,unknown,,review,unknown,ghidra-12.1.3-initial-inventory
0x0055845C,unknown,,review,unknown,ghidra-12.1.3-initial-inventory
0x00558496,unknown,,review,unknown,ghidra-12.1.3-initial-inventory
0x005584C0,unknown,,review,unknown,ghidra-12.1.3-initial-inventory
0x00558511,unknown,,review,unknown,ghidra-12.1.3-initial-inventory
0x0055853E,unknown,,review,unknown,ghidra-12.1.3-initial-inventory
0x0055856F,unknown,,review,unknown,ghidra-12.1.3-initial-inventory
0x0055859C,unknown,,review,unknown,ghidra-12.1.3-initial-inventory
0x005585CD,unknown,,review,unknown,ghidra-12.1.3-initial-inventory
0x0055862F,unknown,,review,unknown,ghidra-12.1.3-initial-inventory
0x005586E1,unknown,,review,unknown,ghidra-12.1.3-initial-inventory
0x00558A1D,unknown,,review,unknown,ghidra-12.1.3-initial-inventory
0x00558AAD,unknown,,review,unknown,ghidra-12.1.3-initial-inventory
0x00558BF0,unknown,,review,unknown,ghidra-12.1.3-initial-inventory
0x00558C79,unknown,,review,unknown,ghidra-12.1.3-initial-inventory
0x00558D59,unknown,,review,unknown,ghidra-12.1.3-initial-inventory
0x00558E20,unknown,,review,unknown,ghidra-12.1.3-initial-inventory
0x00558EB5,unknown,,review,unknown,ghidra-12.1.3-initial-inventory
0x00558EE9,unknown,,review,unknown,ghidra-12.1.3-initial-inventory
0x00558F7C,unknown,,review,unknown,ghidra-12.1.3-initial-inventory
0x005590FC,unknown,,review,unknown,ghidra-12.1.3-initial-inventory
0x00559260,unknown,,review,unknown,ghidra-12.1.3-initial-inventory
0x0055929A,unknown,,review,unknown,ghidra-12.1.3-initial-inventory
0x005593CA,unknown,,review,unknown,ghidra-12.1.3-initial-inventory
0x0055940B,unknown,,review,unknown,ghidra-12.1.3-initial-inventory
0x005595C4,unknown,,review,unknown,ghidra-12.1.3-initial-inventory
0x0055966F,unknown,,review,unknown,ghidra-12.1.3-initial-inventory
0x0055969B,unknown,,review,unknown,ghidra-12.1.3-initial-inventory
0x005596DE,unknown,,review,unknown,ghidra-12.1.3-initial-inventory
0x005597F1,unknown,,review,unknown,ghidra-12.1.3-initial-inventory
0x00559818,unknown,,review,unknown,ghidra-12.1.3-initial-inventory
0x0055982D,unknown,,review,unknown,ghidra-12.1.3-initial-inventory
0x005598DD,unknown,,review,unknown,ghidra-12.1.3-initial-inventory
0x005599E4,unknown,,review,unknown,ghidra-12.1.3-initial-inventory
0x00559A20,unknown,,review,unknown,ghidra-12.1.3-initial-inventory
0x00559A30,unknown,,review,unknown,ghidra-12.1.3-initial-inventory
0x00559A70,unknown,,review,unknown,ghidra-12.1.3-initial-inventory
0x00559AA0,unknown,,review,unknown,ghidra-12.1.3-initial-inventory
0x00559C80,unknown,,review,unknown,ghidra-12.1.3-initial-inventory
0x00559D30,unknown,,review,unknown,ghidra-12.1.3-initial-inventory
0x00559F80,unknown,,review,unknown,ghidra-12.1.3-initial-inventory
0x0055A089,unknown,,review,unknown,ghidra-12.1.3-initial-inventory
0x0055A0F2,unknown,,review,unknown,ghidra-12.1.3-initial-inventory
0x0055A2E0,unknown,,review,unknown,ghidra-12.1.3-initial-inventory
0x0055A2F8,unknown,,review,unknown,ghidra-12.1.3-initial-inventory
0x0055A2FE,unknown,,review,unknown,ghidra-12.1.3-initial-inventory
0x0055A920,unknown,,review,unknown,ghidra-12.1.3-initial-inventory
0x0055A938,unknown,,review,unknown,ghidra-12.1.3-initial-inventory
0x0055A93E,unknown,,review,unknown,ghidra-12.1.3-initial-inventory
0x0055AC3F,unknown,,review,unknown,ghidra-12.1.3-initial-inventory
0x0055ACE0,unknown,,review,unknown,ghidra-12.1.3-initial-inventory
0x0055ACF8,unknown,,review,unknown,ghidra-12.1.3-initial-inventory
0x0055ACFE,unknown,,review,unknown,ghidra-12.1.3-initial-inventory
0x0055AEB0,unknown,,review,unknown,ghidra-12.1.3-initial-inventory
0x0055AF00,unknown,,review,unknown,ghidra-12.1.3-initial-inventory
0x0055AF49,unknown,,review,unknown,ghidra-12.1.3-initial-inventory
0x0055AF8A,unknown,,review,unknown,ghidra-12.1.3-initial-inventory
0x0055AF91,unknown,,review,unknown,ghidra-12.1.3-initial-inventory
0x0055B0D8,unknown,,review,unknown,ghidra-12.1.3-initial-inventory
0x0055B10B,unknown,,review,unknown,ghidra-12.1.3-initial-inventory
0x0055B240,unknown,,review,unknown,ghidra-12.1.3-initial-inventory
0x0055B258,unknown,,review,unknown,ghidra-12.1.3-initial-inventory
0x0055B25E,unknown,,review,unknown,ghidra-12.1.3-initial-inventory
0x0055B45F,unknown,,review,unknown,ghidra-12.1.3-initial-inventory
0x0055B500,unknown,,review,unknown,ghidra-12.1.3-initial-inventory
0x0055B518,unknown,,review,unknown,ghidra-12.1.3-initial-inventory
0x0055B51E,unknown,,review,unknown,ghidra-12.1.3-initial-inventory
0x0055B775,unknown,,review,unknown,ghidra-12.1.3-initial-inventory
0x0055B78C,unknown,,review,unknown,ghidra-12.1.3-initial-inventory
0x0055B7A5,unknown,,review,unknown,ghidra-12.1.3-initial-inventory
0x0055B7E8,unknown,,review,unknown,ghidra-12.1.3-initial-inventory
0x0055B80B,unknown,,review,unknown,ghidra-12.1.3-initial-inventory
0x0055B8F0,unknown,,review,unknown,ghidra-12.1.3-initial-inventory
0x0055B904,unknown,,review,unknown,ghidra-12.1.3-initial-inventory
0x0055BA20,unknown,,review,unknown,ghidra-12.1.3-initial-inventory
0x0055BA70,unknown,,review,unknown,ghidra-12.1.3-initial-inventory
0x0055BE38,unknown,,review,unknown,ghidra-12.1.3-initial-inventory
0x0055BE3E,unknown,,review,unknown,ghidra-12.1.3-initial-inventory
0x0055BE44,unknown,,review,unknown,ghidra-12.1.3-initial-inventory
0x0055BE4A,unknown,,review,unknown,ghidra-12.1.3-initial-inventory
0x0055BE50,unknown,,review,unknown,ghidra-12.1.3-initial-inventory
0x0055BE56,unknown,,review,unknown,ghidra-12.1.3-initial-inventory
0x0055BE82,unknown,,review,unknown,ghidra-12.1.3-initial-inventory
0x0055BEAE,unknown,,review,unknown,ghidra-12.1.3-initial-inventory
0x0055BEDA,unknown,,review,unknown,ghidra-12.1.3-initial-inventory
0x0055BF14,unknown,,review,unknown,ghidra-12.1.3-initial-inventory
0x0055C05F,unknown,,review,unknown,ghidra-12.1.3-initial-inventory
0x0055C118,unknown,,review,unknown,ghidra-12.1.3-initial-inventory
0x0055C123,unknown,,review,unknown,ghidra-12.1.3-initial-inventory
0x0055C162,unknown,,review,unknown,ghidra-12.1.3-initial-inventory
0x0055C37E,unknown,,review,unknown,ghidra-12.1.3-initial-inventory
0x0055C4C9,unknown,,review,unknown,ghidra-12.1.3-initial-inventory
0x0055C540,unknown,,review,unknown,ghidra-12.1.3-initial-inventory
0x0055C587,unknown,,review,unknown,ghidra-12.1.3-initial-inventory
0x0055C81A,unknown,,review,unknown,ghidra-12.1.3-initial-inventory
0x0055C974,unknown,,review,unknown,ghidra-12.1.3-initial-inventory
0x0055C9E9,unknown,,review,unknown,ghidra-12.1.3-initial-inventory
0x0055CA2B,unknown,,review,unknown,ghidra-12.1.3-initial-inventory
0x0055CA7F,unknown,,review,unknown,ghidra-12.1.3-initial-inventory
0x0055CA88,unknown,,review,unknown,ghidra-12.1.3-initial-inventory
0x0055CAD3,unknown,,review,unknown,ghidra-12.1.3-initial-inventory
0x0055CADC,unknown,,review,unknown,ghidra-12.1.3-initial-inventory
0x0055CB7E,unknown,,review,unknown,ghidra-12.1.3-initial-inventory
0x0055CB87,unknown,,review,unknown,ghidra-12.1.3-initial-inventory
0x0055CC07,unknown,,review,unknown,ghidra-12.1.3-initial-inventory
0x0055CC13,unknown,,review,unknown,ghidra-12.1.3-initial-inventory
0x0055CCB3,unknown,,review,unknown,ghidra-12.1.3-initial-inventory
0x0055CCBF,unknown,,review,unknown,ghidra-12.1.3-initial-inventory
0x0055CD0B,unknown,,review,unknown,ghidra-12.1.3-initial-inventory
0x0055CD3C,unknown,,review,unknown,ghidra-12.1.3-initial-inventory
0x0055CD5F,unknown,,review,unknown,ghidra-12.1.3-initial-inventory
0x0055CDC8,unknown,,review,unknown,ghidra-12.1.3-initial-inventory
0x0055CE2D,unknown,,review,unknown,ghidra-12.1.3-initial-inventory
0x0055CE36,unknown,,review,unknown,ghidra-12.1.3-initial-inventory
0x0055CE76,unknown,,review,unknown,ghidra-12.1.3-initial-inventory
0x0055CF58,unknown,,review,unknown,ghidra-12.1.3-initial-inventory
0x0055D108,unknown,,review,unknown,ghidra-12.1.3-initial-inventory
0x0055D206,unknown,,review,unknown,ghidra-12.1.3-initial-inventory
0x0055D3F3,unknown,,review,unknown,ghidra-12.1.3-initial-inventory
0x0055D43C,unknown,,review,unknown,ghidra-12.1.3-initial-inventory
0x0055D519,unknown,,review,unknown,ghidra-12.1.3-initial-inventory
0x0055D6E2,unknown,,review,unknown,ghidra-12.1.3-initial-inventory
0x0055D71F,unknown,,review,unknown,ghidra-12.1.3-initial-inventory
0x0055D7F5,unknown,,review,unknown,ghidra-12.1.3-initial-inventory
0x0055DA96,unknown,,review,unknown,ghidra-12.1.3-initial-inventory
0x0055DAE0,unknown,,review,unknown,ghidra-12.1.3-initial-inventory
0x0055DBC0,unknown,,review,unknown,ghidra-12.1.3-initial-inventory
0x0055DBE0,unknown,,review,unknown,ghidra-12.1.3-initial-inventory
0x0055DC10,unknown,,review,unknown,ghidra-12.1.3-initial-inventory
0x0055DC70,unknown,,review,unknown,ghidra-12.1.3-initial-inventory
0x0055DC90,unknown,,review,unknown,ghidra-12.1.3-initial-inventory
0x0055DCF9,unknown,,review,unknown,ghidra-12.1.3-initial-inventory
0x0055DD91,unknown,,review,unknown,ghidra-12.1.3-initial-inventory
0x0055DDBB,unknown,,review,unknown,ghidra-12.1.3-initial-inventory
0x0055DE4B,unknown,,review,unknown,ghidra-12.1.3-initial-inventory
0x0055DEC0,unknown,,review,unknown,ghidra-12.1.3-initial-inventory
0x0055DF10,unknown,,review,unknown,ghidra-12.1.3-initial-inventory
0x0055DF60,unknown,,review,unknown,ghidra-12.1.3-initial-inventory
0x0055E109,unknown,,review,unknown,ghidra-12.1.3-initial-inventory
0x0055E11B,unknown,,review,unknown,ghidra-12.1.3-initial-inventory
0x0055E12E,unknown,,review,unknown,ghidra-12.1.3-initial-inventory
0x0055E146,unknown,,review,unknown,ghidra-12.1.3-initial-inventory
0x0055E20C,unknown,,review,unknown,ghidra-12.1.3-initial-inventory
0x0055E389,unknown,,review,unknown,ghidra-12.1.3-initial-inventory
0x0055E43A,unknown,,review,unknown,ghidra-12.1.3-initial-inventory
0x0055E6C6,unknown,,review,unknown,ghidra-12.1.3-initial-inventory
0x0055E6EB,unknown,,review,unknown,ghidra-12.1.3-initial-inventory
0x0055E727,unknown,,review,unknown,ghidra-12.1.3-initial-inventory
0x0055E7AE,unknown,,review,unknown,ghidra-12.1.3-initial-inventory
0x0055E7B9,unknown,,review,unknown,ghidra-12.1.3-initial-inventory
0x0055E85A,unknown,,review,unknown,ghidra-12.1.3-initial-inventory
0x0055E89B,unknown,,review,unknown,ghidra-12.1.3-initial-inventory
0x0055E8A7,unknown,,review,unknown,ghidra-12.1.3-initial-inventory
0x0055E92A,unknown,,review,unknown,ghidra-12.1.3-initial-inventory
0x0055E968,unknown,,review,unknown,ghidra-12.1.3-initial-inventory
0x0055E9D9,unknown,,review,unknown,ghidra-12.1.3-initial-inventory
0x0055EA3C,unknown,,review,unknown,ghidra-12.1.3-initial-inventory
0x0055EBE1,unknown,,review,unknown,ghidra-12.1.3-initial-inventory
0x0055ED36,unknown,,review,unknown,ghidra-12.1.3-initial-inventory
0x0055EDB5,unknown,,review,unknown,ghidra-12.1.3-initial-inventory
0x0055EDBE,unknown,,review,unknown,ghidra-12.1.3-initial-inventory
0x0055EDD6,unknown,,review,unknown,ghidra-12.1.3-initial-inventory
0x0055EE1E,unknown,,review,unknown,ghidra-12.1.3-initial-inventory
0x0055EE31,unknown,,review,unknown,ghidra-12.1.3-initial-inventory
0x0055F036,unknown,,review,unknown,ghidra-12.1.3-initial-inventory
0x0055F086,unknown,,review,unknown,ghidra-12.1.3-initial-inventory
0x0055F0B7,unknown,,review,unknown,ghidra-12.1.3-initial-inventory
0x0055F0EE,unknown,,review,unknown,ghidra-12.1.3-initial-inventory
0x0055F18E,unknown,,review,unknown,ghidra-12.1.3-initial-inventory
0x0055F1DC,unknown,,review,unknown,ghidra-12.1.3-initial-inventory
0x0055F466,unknown,,review,unknown,ghidra-12.1.3-initial-inventory
0x0055F524,unknown,,review,unknown,ghidra-12.1.3-initial-inventory
0x0055F53E,unknown,,review,unknown,ghidra-12.1.3-initial-inventory
0x0055F596,unknown,,review,unknown,ghidra-12.1.3-initial-inventory
0x0055F5B0,unknown,,review,unknown,ghidra-12.1.3-initial-inventory
0x0055F630,unknown,,review,unknown,ghidra-12.1.3-initial-inventory
0x0055F686,unknown,,review,unknown,ghidra-12.1.3-initial-inventory
0x0055F6EE,unknown,,review,unknown,ghidra-12.1.3-initial-inventory
0x0055F720,unknown,,review,unknown,ghidra-12.1.3-initial-inventory
0x0055F730,unknown,,review,unknown,ghidra-12.1.3-initial-inventory
0x0055F7D0,unknown,,review,unknown,ghidra-12.1.3-initial-inventory
0x0055F810,unknown,,review,unknown,ghidra-12.1.3-initial-inventory
0x0055F850,unknown,,review,unknown,ghidra-12.1.3-initial-inventory
0x0055F860,unknown,,review,unknown,ghidra-12.1.3-initial-inventory
0x0055F967,unknown,,review,unknown,ghidra-12.1.3-initial-inventory
0x0055F9E2,unknown,,review,unknown,ghidra-12.1.3-initial-inventory
0x0055FA17,unknown,,review,unknown,ghidra-12.1.3-initial-inventory
0x0055FAAC,unknown,,review,unknown,ghidra-12.1.3-initial-inventory
0x0055FAB5,unknown,,review,unknown,ghidra-12.1.3-initial-inventory
0x0055FAD8,unknown,,review,unknown,ghidra-12.1.3-initial-inventory
0x0055FAFB,unknown,,review,unknown,ghidra-12.1.3-initial-inventory
0x0055FB8C,unknown,,review,unknown,ghidra-12.1.3-initial-inventory
0x0055FC0C,unknown,,review,unknown,ghidra-12.1.3-initial-inventory
0x0055FD0A,unknown,,review,unknown,ghidra-12.1.3-initial-inventory
0x0056006B,unknown,,review,unknown,ghidra-12.1.3-initial-inventory
0x005600D4,unknown,,review,unknown,ghidra-12.1.3-initial-inventory
0x005602F1,unknown,,review,unknown,ghidra-12.1.3-initial-inventory
0x00560316,unknown,,review,unknown,ghidra-12.1.3-initial-inventory
0x00560592,unknown,,review,unknown,ghidra-12.1.3-initial-inventory
0x00560676,unknown,,review,unknown,ghidra-12.1.3-initial-inventory
0x00560700,unknown,,review,unknown,ghidra-12.1.3-initial-inventory
0x00560830,unknown,,review,unknown,ghidra-12.1.3-initial-inventory
0x00560880,unknown,,review,unknown,ghidra-12.1.3-initial-inventory
0x005608BF,unknown,,review,unknown,ghidra-12.1.3-initial-inventory
0x0056093C,unknown,,review,unknown,ghidra-12.1.3-initial-inventory
0x00560A84,unknown,,review,unknown,ghidra-12.1.3-initial-inventory
0x00560AAD,unknown,,review,unknown,ghidra-12.1.3-initial-inventory
0x00560ADE,unknown,,review,unknown,ghidra-12.1.3-initial-inventory
0x00560B07,unknown,,review,unknown,ghidra-12.1.3-initial-inventory
0x00560B88,unknown,,review,unknown,ghidra-12.1.3-initial-inventory
0x00560BE8,unknown,,review,unknown,ghidra-12.1.3-initial-inventory
0x00560BF1,unknown,,review,unknown,ghidra-12.1.3-initial-inventory
0x00560C09,unknown,,review,unknown,ghidra-12.1.3-initial-inventory
0x00560C59,unknown,,review,unknown,ghidra-12.1.3-initial-inventory
0x00560CE0,unknown,,review,unknown,ghidra-12.1.3-initial-inventory
0x00560D79,unknown,,review,unknown,ghidra-12.1.3-initial-inventory
0x00560DD2,unknown,,review,unknown,ghidra-12.1.3-initial-inventory
0x00560E06,unknown,,review,unknown,ghidra-12.1.3-initial-inventory
0x005610E6,unknown,,review,unknown,ghidra-12.1.3-initial-inventory
0x005611A0,unknown,,review,unknown,ghidra-12.1.3-initial-inventory
0x00561290,unknown,,review,unknown,ghidra-12.1.3-initial-inventory
0x005612DD,unknown,,review,unknown,ghidra-12.1.3-initial-inventory
0x0056134A,unknown,,review,unknown,ghidra-12.1.3-initial-inventory
0x00561559,unknown,,review,unknown,ghidra-12.1.3-initial-inventory
0x005615FC,unknown,,review,unknown,ghidra-12.1.3-initial-inventory
0x00561647,unknown,,review,unknown,ghidra-12.1.3-initial-inventory
0x005616E2,unknown,,review,unknown,ghidra-12.1.3-initial-inventory
0x00561741,unknown,,review,unknown,ghidra-12.1.3-initial-inventory
0x0056176D,unknown,,review,unknown,ghidra-12.1.3-initial-inventory
0x005619C1,unknown,,review,unknown,ghidra-12.1.3-initial-inventory
0x00561A92,unknown,,review,unknown,ghidra-12.1.3-initial-inventory
0x00561AE6,unknown,,review,unknown,ghidra-12.1.3-initial-inventory
0x00561BC7,unknown,,review,unknown,ghidra-12.1.3-initial-inventory
0x00561BEC,unknown,,review,unknown,ghidra-12.1.3-initial-inventory
0x00561C61,unknown,,review,unknown,ghidra-12.1.3-initial-inventory
0x00561CC8,unknown,,review,unknown,ghidra-12.1.3-initial-inventory
0x00561EC0,unknown,,review,unknown,ghidra-12.1.3-initial-inventory
0x00561F90,unknown,,review,unknown,ghidra-12.1.3-initial-inventory
0x005620B0,unknown,,review,unknown,ghidra-12.1.3-initial-inventory
0x00562440,unknown,,review,unknown,ghidra-12.1.3-initial-inventory
0x00562532,unknown,,review,unknown,ghidra-12.1.3-initial-inventory
0x00562575,unknown,,review,unknown,ghidra-12.1.3-initial-inventory
0x005625C9,unknown,,review,unknown,ghidra-12.1.3-initial-inventory
0x00562647,unknown,,review,unknown,ghidra-12.1.3-initial-inventory
0x00562673,unknown,,review,unknown,ghidra-12.1.3-initial-inventory
0x00562696,unknown,,review,unknown,ghidra-12.1.3-initial-inventory
0x00562724,unknown,,review,unknown,ghidra-12.1.3-initial-inventory
0x0056281D,unknown,,review,unknown,ghidra-12.1.3-initial-inventory
0x00563CEB,unknown,,review,unknown,ghidra-12.1.3-initial-inventory
0x00563D99,unknown,,review,unknown,ghidra-12.1.3-initial-inventory
0x00563DAD,unknown,,review,unknown,ghidra-12.1.3-initial-inventory
0x00563DCF,unknown,,review,unknown,ghidra-12.1.3-initial-inventory
0x00563E25,unknown,,review,unknown,ghidra-12.1.3-initial-inventory
0x00563E40,unknown,,review,unknown,ghidra-12.1.3-initial-inventory
0x00563EB5,unknown,,review,unknown,ghidra-12.1.3-initial-inventory
0x0056408D,unknown,,review,unknown,ghidra-12.1.3-initial-inventory
0x005640A0,unknown,,review,unknown,ghidra-12.1.3-initial-inventory
0x005640B7,unknown,,review,unknown,ghidra-12.1.3-initial-inventory
0x00564100,unknown,,review,unknown,ghidra-12.1.3-initial-inventory
0x00564240,unknown,,review,unknown,ghidra-12.1.3-initial-inventory
0x00564257,unknown,,review,unknown,ghidra-12.1.3-initial-inventory
0x005642DB,unknown,,review,unknown,ghidra-12.1.3-initial-inventory
0x00564331,unknown,,review,unknown,ghidra-12.1.3-initial-inventory
0x0056433A,unknown,,review,unknown,ghidra-12.1.3-initial-inventory
0x005643E8,unknown,,review,unknown,ghidra-12.1.3-initial-inventory
0x005643F3,unknown,,review,unknown,ghidra-12.1.3-initial-inventory
0x00564482,unknown,,review,unknown,ghidra-12.1.3-initial-inventory
0x0056448A,unknown,,review,unknown,ghidra-12.1.3-initial-inventory
0x00564518,unknown,,review,unknown,ghidra-12.1.3-initial-inventory
0x00564548,unknown,,review,unknown,ghidra-12.1.3-initial-inventory
0x005645DE,unknown,,review,unknown,ghidra-12.1.3-initial-inventory
0x005645EA,unknown,,review,unknown,ghidra-12.1.3-initial-inventory
0x00564667,unknown,,review,unknown,ghidra-12.1.3-initial-inventory
0x00564A32,unknown,,review,unknown,ghidra-12.1.3-initial-inventory
0x00564A9A,unknown,,review,unknown,ghidra-12.1.3-initial-inventory
0x00564B17,unknown,,review,unknown,ghidra-12.1.3-initial-inventory
0x00564BF2,unknown,,review,unknown,ghidra-12.1.3-initial-inventory
0x00564CDB,unknown,,review,unknown,ghidra-12.1.3-initial-inventory
0x00564E0D,unknown,,review,unknown,ghidra-12.1.3-initial-inventory
0x00564F16,unknown,,review,unknown,ghidra-12.1.3-initial-inventory
0x00564F1E,unknown,,review,unknown,ghidra-12.1.3-initial-inventory
0x0056513A,unknown,,review,unknown,ghidra-12.1.3-initial-inventory
0x005651BD,unknown,,review,unknown,ghidra-12.1.3-initial-inventory
0x005651E0,unknown,,review,unknown,ghidra-12.1.3-initial-inventory
0x005652D2,unknown,,review,unknown,ghidra-12.1.3-initial-inventory
0x005653D9,unknown,,review,unknown,ghidra-12.1.3-initial-inventory
0x005654B0,unknown,,review,unknown,ghidra-12.1.3-initial-inventory
0x005658F0,unknown,,review,unknown,ghidra-12.1.3-initial-inventory
0x00565930,unknown,,review,unknown,ghidra-12.1.3-initial-inventory
0x00565947,unknown,,review,unknown,ghidra-12.1.3-initial-inventory
0x005659E0,unknown,,review,unknown,ghidra-12.1.3-initial-inventory
0x00565B6D,unknown,,review,unknown,ghidra-12.1.3-initial-inventory
0x00565C1F,unknown,,review,unknown,ghidra-12.1.3-initial-inventory
0x00565C91,unknown,,review,unknown,ghidra-12.1.3-initial-inventory
0x00565CD0,unknown,,review,unknown,ghidra-12.1.3-initial-inventory
0x00565D40,unknown,,review,unknown,ghidra-12.1.3-initial-inventory
0x00565D90,unknown,,review,unknown,ghidra-12.1.3-initial-inventory
0x00565F50,unknown,,review,unknown,ghidra-12.1.3-initial-inventory
0x00565F70,unknown,,review,unknown,ghidra-12.1.3-initial-inventory
0x00565FD0,unknown,,review,unknown,ghidra-12.1.3-initial-inventory
0x00566030,unknown,,review,unknown,ghidra-12.1.3-initial-inventory
0x00566320,unknown,,review,unknown,ghidra-12.1.3-initial-inventory
0x00566340,unknown,,review,unknown,ghidra-12.1.3-initial-inventory
0x0056641D,unknown,,review,unknown,ghidra-12.1.3-initial-inventory
0x005664A2,unknown,,review,unknown,ghidra-12.1.3-initial-inventory
0x005664AE,unknown,,review,unknown,ghidra-12.1.3-initial-inventory
0x00566551,unknown,,review,unknown,ghidra-12.1.3-initial-inventory
0x005665F1,unknown,,review,unknown,ghidra-12.1.3-initial-inventory
0x0056662C,unknown,,review,unknown,ghidra-12.1.3-initial-inventory
0x0056665E,unknown,,review,unknown,ghidra-12.1.3-initial-inventory
0x0056669C,unknown,,review,unknown,ghidra-12.1.3-initial-inventory
0x0056675F,unknown,,review,unknown,ghidra-12.1.3-initial-inventory
0x00566913,unknown,,review,unknown,ghidra-12.1.3-initial-inventory
0x00566932,unknown,,review,unknown,ghidra-12.1.3-initial-inventory
0x00566951,unknown,,review,unknown,ghidra-12.1.3-initial-inventory
0x00566968,unknown,,review,unknown,ghidra-12.1.3-initial-inventory
0x005669C0,unknown,,review,unknown,ghidra-12.1.3-initial-inventory
0x00566A30,unknown,,review,unknown,ghidra-12.1.3-initial-inventory
0x00566A4E,unknown,,review,unknown,ghidra-12.1.3-initial-inventory
0x00566ED0,unknown,,review,unknown,ghidra-12.1.3-initial-inventory
0x005670D0,unknown,,review,unknown,ghidra-12.1.3-initial-inventory
0x005671A0,unknown,,review,unknown,ghidra-12.1.3-initial-inventory
0x005671F0,unknown,,review,unknown,ghidra-12.1.3-initial-inventory
0x005672B0,unknown,,review,unknown,ghidra-12.1.3-initial-inventory
0x005672F0,unknown,,review,unknown,ghidra-12.1.3-initial-inventory
0x00567390,unknown,,review,unknown,ghidra-12.1.3-initial-inventory
0x0056746F,unknown,,review,unknown,ghidra-12.1.3-initial-inventory
0x0056B360,unknown,,review,unknown,ghidra-12.1.3-initial-inventory
0x0056B370,unknown,,review,unknown,ghidra-12.1.3-initial-inventory
0x0056B380,unknown,,review,unknown,ghidra-12.1.3-initial-inventory
0x0056B390,unknown,,review,unknown,ghidra-12.1.3-initial-inventory
0x0056B3A0,unknown,,review,unknown,ghidra-12.1.3-initial-inventory
0x0056B3B0,unknown,,review,unknown,ghidra-12.1.3-initial-inventory
0x0056B3C0,unknown,,review,unknown,ghidra-12.1.3-initial-inventory
0x0056B3D0,unknown,,review,unknown,ghidra-12.1.3-initial-inventory
0x0056B3E0,unknown,,review,unknown,ghidra-12.1.3-initial-inventory
0x0056B3F0,unknown,,review,unknown,ghidra-12.1.3-initial-inventory
0x0056B400,unknown,,review,unknown,ghidra-12.1.3-initial-inventory
0x0056B430,unknown,,review,unknown,ghidra-12.1.3-initial-inventory
