reference_path,file_sha256,role_hint,definitions,parse_gap_count
build.ps1,af28621012a72d7e95e676cbe6dfd3bc5464c3137ec2200d772ee0b7852a14ac,tool-or-support,1,1
build_playable.ps1,2e65b4bac024409de692384b089d4da9e206cc5009acf5759efa24be5cd9e9b3,tool-or-support,1,1
build_source_asan.ps1,4d3c4273f96ff72fb56b582eb054107bb239f9eb83ffcad9dc1a9feb84ad7561,tool-or-support,1,1
build_source_game.ps1,8f83515eef669490e922610c8f3c80fe7b7062d22365c91af25de2b5bf19d533,tool-or-support,1,1
build_sources.ps1,7af0209ab268c845b46911da8aea077b5151051c32a6bc4d2cc20b6d1538ba25,tool-or-support,1,1
include/th20/binary.hpp,5443b82cc3205d99067e1e35083843437e42e0c2e81ba97998269373e8749db6,tool-or-support,3,0
incremental/link_tests/link_check.cpp,77705b357e39474a596abe68c54a77f002c4e4079d44fe073f4065068e03225c,historical-bridge-or-retained-engine,20,24
incremental/native_bridge/abi_check.cpp,350f3ec22bc8e2c3b27eb5706717065f32500f7192608429b5bcc3252b56b1d6,historical-bridge-or-retained-engine,6,26
incremental/native_bridge/bridge.cpp,55f4855fb07d2db1a6846e06ccfa7af739f8056b33464d4ded76c0990e93a920,historical-bridge-or-retained-engine,10,5
incremental/native_bridge/bridge.hpp,fd801ebff7f4be7e3af97963e71e5939df0a75aff189a8518fd55442e37f61f1,historical-bridge-or-retained-engine,0,0
incremental/verification/compare_demo.py,e73aa42b5a5f8a57e2cc98bb97266e714f17238ca5106c0722a4aa616e758828,tool-or-support,3,0
incremental/verification/inspect_process.py,53939658e8a57373c33ca0b6a2130dd96bf5ee7c350b9667c423571f857247e5,tool-or-support,8,0
incremental/verification/launch_isolated.py,5c27349d1b9f7b16260a78905861c1a8f46b41dcdbabbac2bc9fec475f6a6596,tool-or-support,2,0
incremental/verification/preflight.py,e0b232cd658420eda7385e8e5d7c156e1a4e5766d07e9d3802fa62129e7ef80b,tool-or-support,7,0
incremental/verification/record_demo.py,036373baedf794cbfc81f94c554c756ce104fb0594dde5f65381df7fba114b48,tool-or-support,3,0
incremental/verification/summarize_runtime.py,60efe33efb1c3e7ac04ec464fcc9ee9baf7c57f0b227df6c377715fcc5f8ae7c,tool-or-support,4,0
native_recovered/native_core.hpp,c146169dedd6f2d59b90962307f0ce4db991514116938d52b9f69f127c49902d,reconstruction-candidate,14,0
native_recovered/native_exports.cpp,b5e855884475157c41c3608e1729749602dcb05e13483a07a24a34c252c4d6e4,reconstruction-candidate,10,0
source_reconstruction/archive/archive.cpp,bde92899611e1f6276f06c6a535c3260377acd39077b086a22846adac72228e2,reconstruction-candidate,20,0
source_reconstruction/archive/archive.hpp,59c4c5f3dd71eb995242c77cedb9522a268f62af6faa5bb466edb284517b59e2,reconstruction-candidate,7,0
source_reconstruction/archive/archive_tests.cpp,7a6fca32cb80084dd970a720a54d636ae52523b9e16083d79efe54c1c422740a,test-or-oracle,12,0
source_reconstruction/archive/manager_entry_adapter.cpp,608bcaedcda023584faed7ca44745dfe78552835522324983f371cf01931c0cf,reconstruction-candidate,1,0
source_reconstruction/archive/manager_tests.cpp,3efa06d547aa35a24d1bdb69e570e416bb984c796f27cad37fb4b54774f8eb0e,test-or-oracle,6,0
source_reconstruction/archive/resource_manager.cpp,e9be491caaa9fe3af7d7448503a793bbdc8d372faf10a45cbcb0479bdff3e35b,reconstruction-candidate,14,0
source_reconstruction/archive/resource_manager.hpp,3dd97056105873a5086ecdf896631fee60e10a45cd7c77be55fdd24daf0e2594,reconstruction-candidate,1,0
source_reconstruction/archive/verify.cpp,035ed9f8376edcbfdcf57c185396702ddc4711266d8dffbcd0ef3ac6aefb99cd,reconstruction-candidate,3,0
source_reconstruction/audio_runtime/audio.hpp,ba5d0571046fad7e0a530d0070233299a6fe5daca7249093ca96bc6aa2650f14,reconstruction-candidate,1,1
source_reconstruction/audio_runtime/audio_constants.cpp,c763c89feae329fa197562612b970397afe518f68045658046c3c78396497b0c,reconstruction-candidate,0,0
source_reconstruction/audio_runtime/audio_state.cpp,69d45a76f1c706de66dd51ee5382bf95f83cc6ee6a01e442e716da0e970c9837,reconstruction-candidate,16,0
source_reconstruction/audio_runtime/backend_smoke.cpp,e1d4bf06e94df383ce6fda9d2b67c6e4515302a80f143a86189362b562a3ff2e,reconstruction-candidate,5,0
source_reconstruction/audio_runtime/cpu_compare.cpp,01688172695f72bbfae86b5224e7510fd5c803c0632722cc19a45a46ffba6ab1,test-or-oracle,12,3
source_reconstruction/audio_runtime/direct_sound.cpp,8c02c64f97e6e5183bbb41acae2a74f8c49359259008dbf10296421e9015e00e,reconstruction-candidate,7,0
source_reconstruction/audio_runtime/entry_adapter.cpp,9bbcd2468fbe0f27994891ba054df65eb1e361cb2ce5df562473d72e3299fa39,reconstruction-candidate,6,0
source_reconstruction/audio_runtime/music_stream.cpp,870edb0f962c2b100bc985c85c8548de35d7a81ac6f1de569f731e13f2ae88c4,reconstruction-candidate,30,0
source_reconstruction/audio_runtime/music_stream.hpp,9f06b173d71962d9b247b13ef46240910d643d0990002a72636fa6172ac1370a,reconstruction-candidate,0,0
source_reconstruction/audio_runtime/sound_controller.cpp,b53aea17c0d4b1051b9eac11abcf62772af3ddb7683cbab876bc2fc475ed77cc,reconstruction-candidate,19,1
source_reconstruction/audio_runtime/test_buffer.hpp,43e2a7c0c8db59cfb3820dca1fef313516283f26cd1c68174d7b53c4047151bc,test-or-oracle,17,11
source_reconstruction/audio_runtime/wave_reader.cpp,78670cc8af1c488a89303a39bb5281198cc7b11a165ddc478e7e917a79dfa71e,reconstruction-candidate,9,0
source_reconstruction/audio_runtime/wave_reader.hpp,e4fc81f90dbe2b15fb09bd74da7b00506edfe5fcaf2f548a4a36838b307144d3,reconstruction-candidate,0,0
source_reconstruction/audit/audit_ecl_opcode_coverage.py,ff04286179e1167d2f4b08e8714bb3f21fe4788af1b664f8ff4a489692f29e05,tool-or-support,12,0
source_reconstruction/audit/audit_source.py,e79d81582a53927c207066fab8a7a8e6f14a278d18c832169c74f2f886e2ec29,tool-or-support,9,0
source_reconstruction/audit/audit_source_callbacks.py,d3c7eda364a056804e1b46ed380f5680292183fe79a38dbb0d8557b07238844b,tool-or-support,4,0
source_reconstruction/audit/audit_type2_etex13_reachability.py,eb9d6e530ed51a0f9b88f3682b719bc4374803f801317e43cb6a7f929f3f8674,tool-or-support,8,0
source_reconstruction/audit/register_archive.py,0b41e8b20c91674b1e555bbafc6137ff35cc340ed9bd97d34f7946df9a86d648,tool-or-support,2,0
source_reconstruction/audit/register_program_entry.py,d8d83c71b462bb7244744dbca3bd1c22b4029a96521b6be50a035c99f188e214,tool-or-support,2,0
source_reconstruction/audit/register_scheduler.py,cef0ce2bd7396427051c9b4855b4d3a80afcdba9907bc5ecc695b19cf9ee5a56,tool-or-support,2,0
source_reconstruction/bomb_system/base.cpp,692a5c532098bcdb6d0da8a2f735c6864f531f37d284ac07d9d261ea7b96e8a9,reconstruction-candidate,9,0
source_reconstruction/bomb_system/bomb.hpp,6e5566f548ceaeb1c34039072b50df0e3635b2e603ffccc7c90dca831975a738,reconstruction-candidate,1,0
source_reconstruction/bomb_system/cancellation_cpu_cases.inc,2b34fae84c0f56ec20bcc0fc813158ae855a00a0f61edbecb5b30986cff76772,test-or-oracle,1,0
source_reconstruction/bomb_system/character_cpu_cases.inc,14b4c23c93f16a002cfdbd591c28cade23f871eb91b5ee2ca8639a781470d548,test-or-oracle,1,0
source_reconstruction/bomb_system/character_environment.cpp,d7d211da7ab1f0821921c122993f8bb29a064c2c0adc966ef1dac38ec831af05,reconstruction-candidate,13,0
source_reconstruction/bomb_system/character_environment.hpp,8d3836ab3f4a1dccb11c961eb435ca5fd8392ef3a028bbfeaa92d03fd996a3d9,reconstruction-candidate,0,0
source_reconstruction/bomb_system/character_start_cpu_cases.inc,efd1b14994e21b1d954ec30cd105d4637a1ff067750c8fe45f1928d7ad828ee2,test-or-oracle,2,0
source_reconstruction/bomb_system/controller.cpp,9bf0406b4ea7b8924ea64bc0e767d3d8631a0eec201bf8a710a11e72fdfcf449,reconstruction-candidate,14,0
source_reconstruction/bomb_system/marisa.cpp,5ad9eac09ba61d50c6e17a749df41ecf1df002aed946e680875ed9bcc195631a,reconstruction-candidate,7,0
source_reconstruction/bomb_system/marisa.hpp,15057aa9a3dbb384972dc52cd4aed875e814efd8dd42996ce286aa50ccdcb2f2,reconstruction-candidate,2,1
source_reconstruction/bomb_system/pool_cpu_cases.inc,c3fc14b9a212a92b2e2e6b0379e1897728ae4d2721432225b8f9642329aa1703,test-or-oracle,6,0
source_reconstruction/bomb_system/reimu.cpp,786e3d72562897833a92a2f526050ab1bdbcd8cf4498ebd7f5548bb55a6daa34,reconstruction-candidate,13,0
source_reconstruction/bomb_system/reimu.hpp,137339a0f9fd9f58d4186d6a1495c008f5cd56e0ed29f5b25cf458592b286cf9,reconstruction-candidate,2,0
source_reconstruction/bomb_system/state.cpp,664bc16223061d1481e6e0115640378c36775c445e531fd30da4752764ea313e,reconstruction-candidate,6,0
source_reconstruction/bomb_system/state_cpu_compare.cpp,b3356aee9c061121745a69afe09b8023cc1388c4e9812b0ef36d81e2c4112df4,test-or-oracle,3,0
source_reconstruction/bomb_system/trigger.cpp,f68940ee07768ed7efbb8dc528b722217a2c8ed6c4054467fa46a3d798c1fe70,reconstruction-candidate,3,0
source_reconstruction/bullet_system/advance.cpp,b39d9f34896c35c16062108cdc62165046be13f435bf404774dd042c2bdd453b,reconstruction-candidate,5,0
source_reconstruction/bullet_system/angle_cpu_cases.inc,ddd14bbbbdc46947c8d39841a73973aba03a89e906904aa0bc55b0d2a1af9b6d,test-or-oracle,0,0
source_reconstruction/bullet_system/bounds.cpp,6c9bb5be8e775f2e4f815eb5fe5d33d0f52979021d10730aa1922b4e01ad0f1b,reconstruction-candidate,9,0
source_reconstruction/bullet_system/bounds_cpu_cases.inc,972b87f4ba46c32a81565c67677a786bcd2ddb39c5a866fc9dc6b1593e641fff,test-or-oracle,1,0
source_reconstruction/bullet_system/bullet.hpp,1029106eb2c1f7614fc679ccff7d1d5928897b025113d2abe09303d1f3d922e7,reconstruction-candidate,1,0
source_reconstruction/bullet_system/cancellation.cpp,d9cca0ff782ee3216e86813c245b44fc8aa57f6a594ff8c64c72a73432342792,reconstruction-candidate,4,0
source_reconstruction/bullet_system/command.hpp,b360fd17899731066825cdbd6f06bae53b18fe9bc5d54abb6e8a8d3508e46312,reconstruction-candidate,2,0
source_reconstruction/bullet_system/commands_cpu_cases.inc,4ead56e56ec562cb2d803ac2f123c2a5682c723ee80f17e0110e27cef6a3f96c,test-or-oracle,1,0
source_reconstruction/bullet_system/controller.cpp,d6dd0d52aed57ff6af46c29216848b3c3d8ac92642ad058bf370409940799b56,reconstruction-candidate,7,0
source_reconstruction/bullet_system/drop_items.cpp,9b2b15bd4ea78d65e4f27ef30b66892a4a8a04be47721f76cfad3aba3166c4f0,reconstruction-candidate,1,0
source_reconstruction/bullet_system/enemy_spawn.cpp,c63b96cae8334fb5a1235ec3cfd371183bf1c78a900815155ffb3c2d100f5434,reconstruction-candidate,1,0
source_reconstruction/bullet_system/entry_adapter.cpp,da3e32a9c8aabb9733e49091e8a36b026c623c1bd73a74a12180990337d5d686,reconstruction-candidate,3,0
source_reconstruction/bullet_system/extended_commands.cpp,3e91d64fed4b493b342a94b5f573e2ee4e1fbee5711f92db2ead90283ee74cb6,reconstruction-candidate,9,0
source_reconstruction/bullet_system/frame.cpp,6d46bf430ccffe1b0f4d56947c25bf874e8847f7a521435e2c791a1884ca6fa2,reconstruction-candidate,3,0
source_reconstruction/bullet_system/item_adapter.cpp,d8f897898cd6c648ee1fe4ae93466be494a995004ac232ee365d65ae56fda11a,reconstruction-candidate,2,0
source_reconstruction/bullet_system/laser_spawn.cpp,8fee8ba1af3cbf76b9f70ddc706806750ec12cce219379af0e4260763b947a5f,reconstruction-candidate,1,0
source_reconstruction/bullet_system/laser_spawn_cpu_cases.inc,88467b42d9b27ee00d3ce4cfcf1a775175ebd6fc451023994c0071b7d9e725ea,test-or-oracle,0,0
source_reconstruction/bullet_system/metadata.cpp,169105c7f0c781898e055535ec5cc5d9e1bb5c634a5eb66f1c6ca128e9266092,reconstruction-candidate,1,0
source_reconstruction/bullet_system/movement.cpp,c4d16f9613acfcfd794cfed280ac81d81b0ca3f060a4a6db5b33dbef2b8f5050,reconstruction-candidate,17,0
source_reconstruction/bullet_system/movement.hpp,488512d7f0c982578e661a685dd0405f2a8c565c5305bcf7463b48dae9ec4a06,reconstruction-candidate,0,0
source_reconstruction/bullet_system/movement_cpu_cases.inc,299ca1be264f2f813b482c44118c55b08085be22f24ba979da5809f26fb14c1d,test-or-oracle,1,0
source_reconstruction/bullet_system/player_cancellation.cpp,58c582d1ff072217be44a6d66a87a75971c8588f07c9dfca3bd3cbeb4b6171ad,reconstruction-candidate,1,0
source_reconstruction/bullet_system/player_cancellation.hpp,9366088226c5ab26a002ed8d85a40f8bfe4296347adaecc60931248f48f52743,reconstruction-candidate,0,0
source_reconstruction/bullet_system/player_collision.cpp,03aa2ea3741f1d18dbe267be7b93a40f897734c8f1dc07dfd86296ce79060f53,reconstruction-candidate,4,0
source_reconstruction/bullet_system/pool_cpu_cases.inc,dd373cfd6ec94d2c1c222f48a36e2f0e7235edf69b11cd217033f946376f8237,test-or-oracle,3,0
source_reconstruction/bullet_system/record_pool_evidence.py,f0adfc85fdbe6555ca2feb24be037cb7cb33694633df699dfc943af99d3889af,tool-or-support,1,0
source_reconstruction/bullet_system/respawn_cpu_cases.inc,b88a4106520f4b2506e8f0afd1fcd69edb6d28cf886dacb35893d5057d67e56a,test-or-oracle,0,0
source_reconstruction/bullet_system/shoot.cpp,293ae649450c98d3e8fdb5e300bf16e4eb0682b382edf1bfb9d82d39f2249ae1,reconstruction-candidate,4,0
source_reconstruction/bullet_system/shoot.hpp,0dd8759fe2c0836a03c77aef54f77f22e35823a71d9cabe4da3e578e15e5a7cb,reconstruction-candidate,0,0
source_reconstruction/bullet_system/shoot_cpu_cases.inc,af2ee8b989171c1214326e1d42ff6b403e94a5e7308c1a038c760d32fde0c567,test-or-oracle,1,0
source_reconstruction/bullet_system/shot_pattern.cpp,e6ab2956e99d429a765d3b0a83ed77539a865b7d08415041c65edceaabb0cd1d,reconstruction-candidate,5,0
source_reconstruction/bullet_system/stage_reset.cpp,c73659b5c4f1404c5e13e94843044d47a6493de62adadc485112dc6dbf3fb961,reconstruction-candidate,1,0
source_reconstruction/bullet_system/stage_reset.hpp,60e7a83c0357b9b83db6f90e2dfd732656249921e953131a58ab43f8ef2c3c3c,reconstruction-candidate,0,0
source_reconstruction/bullet_system/state.cpp,6089990647a8e865931912e286a980cd7633493521d0047646c83730cc63755f,reconstruction-candidate,7,0
source_reconstruction/bullet_system/style.cpp,918a495ad3f5e5e0daff72908298743602217ca65ce31f6face7faebfc5ee3fc,reconstruction-candidate,3,0
source_reconstruction/bullet_system/style.hpp,9862a0918aca4f3d7dc8b9b25e1984a84f2fa8a3e48eeef34ee851c8a409a7a4,reconstruction-candidate,0,1
source_reconstruction/bullet_system/style_cpu_cases.inc,370d9937ff1460303f05a507e482b19813de79f866bde8ccc8a39d6b1381f553,test-or-oracle,0,0
source_reconstruction/bullet_system/style_data.cpp,e391bedb1819fb3468e94325407133f48bd1f276ed71edf413bb3b3eb29f2c31,reconstruction-candidate,1,0
source_reconstruction/card_system/card.hpp,ff55ad28f897f230c3e056561fa609240a426c59fe73b00551c95b6e8602b34c,reconstruction-candidate,0,0
source_reconstruction/card_system/data_constants.hpp,f69a7bc37c18b5868b356e1810d4f680d6d2827a1d28079d46d8b58d55034be2,reconstruction-candidate,0,0
source_reconstruction/card_system/draw.cpp,523864757d60421aaef9dcbc6ec4f0d8583f8923ac534ab3c273d8da986b8b85,reconstruction-candidate,1,0
source_reconstruction/card_system/draw_cpu_cases.inc,cc9c1bc90af5c3644124c6d883220bdb134650aebfa278a26c6bbb41ac5e7427,test-or-oracle,0,0
source_reconstruction/card_system/encoding.cpp,bf4ea40299203228b075917485a371fe95cbd5285ddc389957e64d8449151e6e,reconstruction-candidate,2,0
source_reconstruction/card_system/extract_constants.py,eda75ad7b66cbf4766503335abff039cf986814ec2d70df3023d70a68d40f935,tool-or-support,2,0
source_reconstruction/card_system/finish.cpp,4de52233b09ff6154ac983873ac3a4bed32022600857e97fe6a4fb91c573bfc3,reconstruction-candidate,1,0
source_reconstruction/card_system/finish_cpu_cases.inc,0176dea7a8b9a33dde8251b54ba7e9bfaf0dc682563561b0e07845b49ed4fe86,test-or-oracle,0,0
source_reconstruction/card_system/lifecycle.cpp,8d4c6c3297d7dd125181db41fa4aaab7e6d57a964bb67602bdda87194a172e7d,reconstruction-candidate,8,0
source_reconstruction/card_system/lifecycle_cpu_cases.inc,44ada6b84336addcdef5a264217d9790530fed877de68517ecea10a02c43111f,test-or-oracle,1,0
source_reconstruction/card_system/pool_cpu_cases.inc,126bfabadc1ddf3a63b72ec98ca9478841d04899650a5597c4069f45093e9fa8,test-or-oracle,3,0
source_reconstruction/card_system/records.hpp,eb80830a58d337ba9cf51e763351213b02361340daed8caa4296c24074caa82b,reconstruction-candidate,3,0
source_reconstruction/card_system/start.cpp,eb4ea1db7396c22a32495474b5517908d114fb7f834827ccb6280e67197b09c4,reconstruction-candidate,4,0
source_reconstruction/card_system/start_cpu_cases.inc,5c2016400a37612da02f942ec30a481369767edd39a7bad42da43ce28f765a7a,test-or-oracle,0,0
source_reconstruction/card_system/timing.cpp,37fddc59034ac0987f6b222a77fa7d72aa7c9cc679537fcce12a78d5ed3019b1,reconstruction-candidate,6,0
source_reconstruction/card_system/timing_cpu_cases.inc,79798e04037707f7203724c4c4f203d94b7a38f5626128ad801ebaca2bda29b2,test-or-oracle,0,0
source_reconstruction/card_system/update.cpp,88324bf1eb975fb0b35f4590260aad3a32a5f049cf3aa837d074514c7285cb67,reconstruction-candidate,1,0
source_reconstruction/core_scheduler/cpu_compare.cpp,2537466877610e0710aed58ef5eacb1d82994031cf3fdc82e5f926af549b0f93,test-or-oracle,15,0
source_reconstruction/core_scheduler/scheduler.cpp,2cd241acce16c15991b528516f66da75a08df72f1f99a1b32e1333f5ef8e405e,reconstruction-candidate,33,0
source_reconstruction/core_scheduler/scheduler.hpp,105099fe7356e7bb28188c9e110fa6525cba2b0812431a3e7203133bf147a20a,reconstruction-candidate,2,0
source_reconstruction/damage_regions/collision.cpp,52e98e9258a78fb6c040656fa091839fb2177dc4b95db56eb6c9c9d272b4bfb7,reconstruction-candidate,1,0
source_reconstruction/damage_regions/controller.cpp,a52d635c5bb0b6418756a33de19a95109af349ea304f20ff56ca13f1ef8c5784,reconstruction-candidate,13,0
source_reconstruction/damage_regions/damage.cpp,28c33a54b7e6328e6d85ca5e1d13737f223eb2b577cee223667b44b3e6e473b9,reconstruction-candidate,9,0
source_reconstruction/damage_regions/damage.hpp,5185a6eb3dcde557ffd2980681d152967c08ee8f36a18ed93c1c8656be3b0ab4,reconstruction-candidate,2,0
source_reconstruction/damage_regions/damage_rewards.cpp,e79156ccb1254945eb0819d4096abf46c67bd4515b2a4f782728de7209117dfc,reconstruction-candidate,3,0
source_reconstruction/damage_regions/entry_adapter.cpp,09ada5533b79961faac3e9f28b99755f38bd6775ccf527244fb128ccc4bd2e45,reconstruction-candidate,4,0
source_reconstruction/damage_regions/geometry.cpp,bdb9ea5cfed5bf7aff6790a88220189008da90f5f9d703f76d221a9a4486ec0f,reconstruction-candidate,26,0
source_reconstruction/damage_regions/geometry.hpp,4cb90c509ad65a965570cc035b9edbb87ef51d5f0eaeab64c9da522a8baff5ca,reconstruction-candidate,0,0
source_reconstruction/damage_regions/hit_callbacks.cpp,9ce8c73ced54a4e77d6cd4bdec18222fa7fa9e6f6b1aa27fd25cc3d92b5b50e9,reconstruction-candidate,6,0
source_reconstruction/damage_regions/hit_callbacks.hpp,1eb5a44d8807162ad65b74f1df9e4cdefe88e5eb95571d60c246c6d5f5a77f8b,reconstruction-candidate,0,0
source_reconstruction/damage_regions/oracle/compare.cpp,b12826a9543bfff63ecc4777792e989373d4956e6f993ea289ed514eb992fef8,test-or-oracle,16,0
source_reconstruction/damage_regions/oracle/hit_cases.inc,c3707eb73b4a95ea299ad75062531a81b3208366a6e1aae150463a8789b83ed3,test-or-oracle,0,0
source_reconstruction/damage_regions/oracle/lifecycle_cases.inc,889e9c47d90dcbdb256c8b77cb387516609697ba07efae0e5bf0f5c59769e739,test-or-oracle,0,0
source_reconstruction/damage_regions/record_evidence.py,d7b90497c163701de8a3b02d01a2225e09e2c6c10aeab1d76c1c565032214630,tool-or-support,1,0
source_reconstruction/damage_regions/regions.cpp,cc052f04cf774db991a78a4fa0ccfac58c5497965e7362308ffef40d458f2829,reconstruction-candidate,15,0
source_reconstruction/damage_regions/regions.hpp,ed526e8ed5fd7e5ebe9b0740f72afb315a0daf8f12d85d25ae034bcce5f79ea6,reconstruction-candidate,0,0
source_reconstruction/damage_regions/score.cpp,bfd8b953db430b0145e0403c353ebbc6ad84cd09962d9d65b55cdafbe28e8935,reconstruction-candidate,1,0
source_reconstruction/diagnostics/inspect_dump.py,26b0d13a0cb6de49fa6f83ac4d36e95c9c99848517f58992c9431258f2b45ea0,tool-or-support,1,0
source_reconstruction/diagnostics/pdb_lookup.cpp,04ae41b8773a71ed2ccc59345a9667a28e6550c72b95b0739ca25d7f61d52ac0,reconstruction-candidate,1,0
source_reconstruction/diagnostics/read_source_state.py,ff8e900ccaaa20951abb122b9def134bb2b2f212de704309d3fbed24a49d1d9c,tool-or-support,3,0
source_reconstruction/diagnostics/source_debugger.cpp,964578fb7c1720ff27baa7e6d62e05f1e04f318768e246ab4d7a37309448b53f,reconstruction-candidate,2,0
source_reconstruction/ecl_vm/cpu_compare.cpp,5436644c0a5caff21485735299234d81991b99ba3820e94a899953c53bcbb7f2,test-or-oracle,58,1
source_reconstruction/ecl_vm/export_opcode_evidence.py,5982608f23aefc77e1c0a4361860114614d84a43bbc544c49213bf5bc6074702,tool-or-support,1,0
source_reconstruction/ecl_vm/math.cpp,6c3adba17d8eb1fe8a15cbf00b4346d839706ee120c010dde19e817aea794d4b,reconstruction-candidate,16,0
source_reconstruction/ecl_vm/math.hpp,62f946d14aa323a262426e89507e468b33acebb5f2da256cbfd9c169c78f2048,reconstruction-candidate,0,0
source_reconstruction/ecl_vm/source_tests.cpp,c217bfaaa614bb36f9f1109fc7a5a43e05d222f3d4b36c4e2426b4fc505a6e18,test-or-oracle,9,1
source_reconstruction/ecl_vm/vm.cpp,6877bc504a6cb2007cc9e5f408f9da6798f2b55998309c0a1e673427d3028be3,reconstruction-candidate,54,0
source_reconstruction/ecl_vm/vm.hpp,d808a37d482747435342aaafc43957d4b2b7cf877de727f52fd146e7362b3ae5,reconstruction-candidate,6,0
source_reconstruction/effect_system/burst_rings.cpp,69243aa1cdb12e03b82c63716ee10b87fe3d423121f5af7aec39889e532aac6d,reconstruction-candidate,12,0
source_reconstruction/effect_system/burst_rings.hpp,3fb50d9e3e0f7e97547c6b7d7bd6ea87ca001a27821831247fda3630202517fe,reconstruction-candidate,2,0
source_reconstruction/effect_system/converging_cpu_cases.inc,a0f76a0ed5d714cd794995afef6c453a27f23ac259e681b8af219f13364a5afd,test-or-oracle,2,0
source_reconstruction/effect_system/converging_particles.cpp,ab45a7df15af8da34a2222e4c3d96d59d161c5248f0f811540cfbb527280042a,reconstruction-candidate,15,0
source_reconstruction/effect_system/converging_particles.hpp,8bd10167fd69949a5fb79730aa99f819f747e4df5bd2fc80afc5172a92478c07,reconstruction-candidate,1,0
source_reconstruction/effect_system/effect.cpp,5514e16433a622510a9919f11fc60c376b76523c34887309ce3c6a413c8eae2d,reconstruction-candidate,7,0
source_reconstruction/effect_system/effect.hpp,e066a515608e41a7822e6ee54999ad9af73b0eee1f847915a6bb349ee652cd29,reconstruction-candidate,1,15
source_reconstruction/effect_system/environment.cpp,9d474e5e984c2b8983d7b73106004f64fbfa79d1c5139561c97ac4b33cb98257,reconstruction-candidate,6,0
source_reconstruction/effect_system/evidence/0045c360.c,4d7b1738b6154c2b3affdd69fdd8a552760f0b829d87568ae40fdb5d914093df,reconstruction-candidate,1,0
source_reconstruction/effect_system/evidence/00467430.c,5010ce587f25b2c7158b9a6699964494e4c984d3423b61fe5ad5eef43a7fac42,reconstruction-candidate,1,0
source_reconstruction/effect_system/lifecycle.cpp,ae5d4126e43f81990958111f117ac8e2d8911677accb4e2b7c2edef527f04a81,reconstruction-candidate,8,0
source_reconstruction/effect_system/parameters.cpp,cdb646aec20980428caecf7427d50a531212b7b3cc1a3a7ff25b32065f9267b1,reconstruction-candidate,2,0
source_reconstruction/effect_system/pool_cpu_cases.inc,a963f08ab313b7c0406744d8553e62427fae42dba166f2afd8b5328ab38b57fd,test-or-oracle,3,0
source_reconstruction/effect_system/radial_trails.cpp,f4a4d8729a23f7edbc89eeb606de0f1676b5e07154ee6a4ce00c5a5cb07d2215,reconstruction-candidate,7,0
source_reconstruction/effect_system/radial_trails.hpp,0034e957e4eeae245d6e6e680c6fb424fb82ac4825d7dc19c087992a6d1f0a76,reconstruction-candidate,2,0
source_reconstruction/effect_system/rings.cpp,545f13ee4e5dea707523b93fbd4b545ef1e8cade734f8df6c31fb3b2b65555fc,reconstruction-candidate,13,2
source_reconstruction/effect_system/rings.hpp,109f1cb34c8064762439d4dbb267ac9316b53098d3ae828d9c80a6825f7c61b1,reconstruction-candidate,2,4
source_reconstruction/effect_system/rings_cpu_cases.inc,b28f363fcd6a47b3bc8d9445be69d55551bd0612067362be2df4d2ae60cff008,test-or-oracle,6,0
source_reconstruction/effect_system/rounded_panel.cpp,eb60503c52725eb31bf12836960cd4d2dadcc584a2357f5e947f636f04b8b395,reconstruction-candidate,7,0
source_reconstruction/effect_system/rounded_panel.hpp,9357affdf5a1a4300da23e705bb7a6fa236409a5288f3a22d0da222f94e20be7,reconstruction-candidate,3,0
source_reconstruction/effect_system/short_line.cpp,9ed9109d64066630a58d02065513386858e823ccbf05869ff77d3f73bed970e6,reconstruction-candidate,14,3
source_reconstruction/effect_system/short_line.hpp,392d8d373ec9c7f31efeadbcf1e01339b074be41ff2a3ade8e9e2d73aac59464,reconstruction-candidate,3,7
source_reconstruction/effect_system/short_line_cpu_cases.inc,183d3de2570b43b30415486ce91965a6f6ef8ec1fe03805baeb6beee3efa2f78,test-or-oracle,5,0
source_reconstruction/effect_system/spiral_trail.cpp,0daa067b696f9e119a5f7ae15de81f35f76ea6ea92acf296bcb219e9cfa9e1f6,reconstruction-candidate,17,0
source_reconstruction/effect_system/spiral_trail.hpp,65ae50c5d77f5fb7ee322e2c4bf336e1a20f1a1ace063abad4a478ec8a84396e,reconstruction-candidate,2,0
source_reconstruction/effect_system/spiral_trail_cpu_cases.inc,6061de5b72ae8b27498c2256e5feaf006312609b3a30d0131f52e5ae0bd48d7e,test-or-oracle,4,0
source_reconstruction/effect_system/stone_cpu_cases.inc,30bf07bf455dae5ea086d72d0712ff87f89be33432cdf6762f116a76588faef8,test-or-oracle,3,0
source_reconstruction/effect_system/stone_selection.cpp,75af7c3f9b1f25f9a38191ad37b5603e9a699436e09f8c968888720a64861883,reconstruction-candidate,10,0
source_reconstruction/effect_system/stone_selection.hpp,3298b1f660a9817696bebc390b05af219c3de19e66f6b80805bda2198892cbef,reconstruction-candidate,1,0
source_reconstruction/effect_system/stone_selection_draw.cpp,bea4f30f60b0d27392535cbba2c255008ae87c93997e853d85e8588e1243135f,reconstruction-candidate,4,0
source_reconstruction/effect_system/stone_selection_environment.cpp,33da06b28c3f9bc60947d09484ef6aa3a9b957599720d32d8ab2f1317a513f8b,reconstruction-candidate,6,0
source_reconstruction/effect_system/transition_cpu_cases.inc,692c6563ddc93511272a8db54ca3c02bb5fd330930b6500b21efccc812e8b84c,test-or-oracle,4,0
source_reconstruction/effect_system/transition_panels.cpp,7e6bd4dd01cafd3de0444d645fb7a2f55b641878a1cf9745d451607cf21837a1,reconstruction-candidate,7,0
source_reconstruction/effect_system/transition_panels.hpp,3a10ce5ab581c26455e026e0ee243f1bfb2c6b549ed5ae69fe58551cebf5972d,reconstruction-candidate,1,0
source_reconstruction/effect_system/wavering_trail.cpp,f29d0d20e95be0b6f5397ee6eebb0184cca432e09f714acbb684c787fe84557b,reconstruction-candidate,7,0
source_reconstruction/effect_system/wavering_trail.hpp,02c90d221c65c570f50eeb157b9cb1c9e564ee0956b7b3a9506296743d2a9833,reconstruction-candidate,2,0
source_reconstruction/ending_scene/data_constants.hpp,6bf0d59c52476d695e56799c1f28178a70d62f9b986edd1c2727b46771dc9a41,reconstruction-candidate,0,0
source_reconstruction/ending_scene/ending.hpp,9ab9c55f537481dfa7c5e8f22acb9db9b8cc57aa08ffaa56f51b2eedeb097dbf,reconstruction-candidate,1,0
source_reconstruction/ending_scene/extract_data.py,a83a3616175cdb34026c41218beac6b05ec3c442b7a998cf3d6514c391cc4fbf,tool-or-support,4,0
source_reconstruction/ending_scene/lifecycle.cpp,98cc3326f59b1ef7f6ca269fae9f4afdcc57b1e3841352ef3d6610f82f923dfd,reconstruction-candidate,7,0
source_reconstruction/ending_scene/pool_cpu_cases.inc,fb77d92c0f1e859a12db8e9493bc7f9baf1e756a160b237e012a3f825926b5cc,test-or-oracle,6,0
source_reconstruction/ending_scene/records.cpp,6363efb48ddd2999888983039345c334c11475df9155c0055f08839b0ea606af,reconstruction-candidate,3,0
source_reconstruction/ending_scene/resources.cpp,924610fddce69680b00da129f65e36b2effc5e284fda26890dfaf463e9e65641,reconstruction-candidate,8,0
source_reconstruction/ending_scene/script.cpp,cdac74424c659e28235fd88a3a82b16ece673e52edcf1065c779de3c6c39c79d,reconstruction-candidate,2,0
source_reconstruction/ending_scene/text.cpp,b6b9cd66a4f71f74ed3be5232392c6ae8ae5c68cf0bf48fe1032c03706a2b5e5,reconstruction-candidate,3,0
source_reconstruction/ending_scene/text_cpu_cases.inc,b985ac27acab8f78f49a5df0ef95817fcfda77ceca8c7f469d8485b5ccf1f973,test-or-oracle,3,0
source_reconstruction/ending_scene/update.cpp,db49d559e019edda044680e84bc089466b5aa9cf065282a51863781d5d8769fa,reconstruction-candidate,2,0
source_reconstruction/game_session/cpu_compare.cpp,fddd904f4054259af80f0312d2a9d2554a2f29dd5f6bc3b8d8988ab8f6f3dfbd,test-or-oracle,4,0
source_reconstruction/game_session/session.cpp,013dc069db5bb21644de34be43f47804aa383be7b284489dcb84cf59e32f0d44,reconstruction-candidate,17,0
source_reconstruction/game_session/session.hpp,9cef8f2cb2e3efc6bce7f6170ab54409e3e11df9f2bef02b8e8a50cdac324176,reconstruction-candidate,0,0
source_reconstruction/gameplay/activation.cpp,2a27c552d6907cef5c9bc68a0f6f58b92705e314bb8845e64cfa85f48db2d901,reconstruction-candidate,8,0
source_reconstruction/gameplay/cpu_compare.cpp,ef4a6aedcd99c4b21e6be215b46f414e6d7c3a31028cbc919b931e1d141e0f8a,test-or-oracle,3,0
source_reconstruction/gameplay/enemy.cpp,e77b008a62846743f3d87ef63690448092018750f0ffce90fb63d4faa1b040d0,reconstruction-candidate,12,0
source_reconstruction/gameplay/enemy.hpp,8b982f69a4821ca3e372371e7dbb39201c59e5ace3f96330aaf9df92f6ace100,reconstruction-candidate,1,0
source_reconstruction/gameplay/enemy_adapter.cpp,34f9220a48581ffa7d1b59b568ddab4ce93b112693c4f0ad45eafd463222046e,reconstruction-candidate,52,0
source_reconstruction/gameplay/enemy_cleanup.cpp,35b2011e567ec94a6a09bfe2478745b68dae5f4e4504b6a7ec2159187a95483a,reconstruction-candidate,1,0
source_reconstruction/gameplay/enemy_cleanup.hpp,b83d333e5001f3286a200e9ca40af2c7eb5f3995ae650b4a6bccc38de67ec989,reconstruction-candidate,2,0
source_reconstruction/gameplay/enemy_cleanup_adapter.cpp,ff27448d7b1372dd022b5d9e4ae066c41dafb18b4cfca4d6b692515c62ef6360,reconstruction-candidate,4,0
source_reconstruction/gameplay/enemy_cpu_compare.cpp,ea0a55b56bcc14aef3bb0be45f9f3cf3bda35f6289ef9d8c3458826fd4adf10f,test-or-oracle,56,0
source_reconstruction/gameplay/enemy_damage.cpp,4e14d6f913eb86ef5e6c2403a3a92cb99b5dd2fd64a148f9e90f8882049ce932,reconstruction-candidate,22,0
source_reconstruction/gameplay/enemy_damage.hpp,0b5757daf2b2001f700f7764263f6496d7634282e5804f6516b6c7acf16cc232,reconstruction-candidate,1,0
source_reconstruction/gameplay/enemy_damage_cpu_cases.inc,a590ec63207103c30d3b2f004dc93df77ab1acfe730d686eaa7b7fecf075c4e0,test-or-oracle,2,0
source_reconstruction/gameplay/enemy_damage_helpers.cpp,eb126dba064925ed8ebfc2193936c8dffa0fea882abf523a312d01be58a8699b,reconstruction-candidate,7,0
source_reconstruction/gameplay/enemy_damage_helpers.hpp,ee3b48b40c69d5b609cf3d129157b4209f23b773d4ae0565a2832c79a9ab71d1,reconstruction-candidate,0,0
source_reconstruction/gameplay/enemy_damage_source_cases.inc,ed51214e3d4c959c4f3fb892ee918dfa6cc4345276c6820003a58586223419a8,reconstruction-candidate,2,0
source_reconstruction/gameplay/enemy_damage_test_fixture.hpp,26d1386e2470f60eab27bce13288666e51815eb9c0f040d00516a89b3863fc43,test-or-oracle,15,0
source_reconstruction/gameplay/enemy_data.cpp,963d8ab0ac9016684ccd32f5a93196ae8f7a98293a99d980b1b0cb7cca7a989c,reconstruction-candidate,3,0
source_reconstruction/gameplay/enemy_defeat.cpp,16157648c87844ff0c507c5c475d22e1b165f9a41a40a587810a2566c05cb84b,reconstruction-candidate,2,0
source_reconstruction/gameplay/enemy_defeat.hpp,53ea8ae948959145a4c3a4a951ab4f5ff2d7b463443298f583b1c9ceaf1380da,reconstruction-candidate,2,0
source_reconstruction/gameplay/enemy_defeat_adapter.cpp,50baf7cc5afeae82cd14be6d902531d00a0247d99be2a11711fb870ac52e7d45,reconstruction-candidate,14,0
source_reconstruction/gameplay/enemy_defeat_cpu_cases.inc,a074c723c6180731c872e9839478c97cbb5dd215537b34ca1f910c5d37ca8608,test-or-oracle,26,9
source_reconstruction/gameplay/enemy_drop.cpp,1519cfa3c3a70fecceb169f7e01efcf8654f6f44fc7ffb6fe6929d43a7439abc,reconstruction-candidate,6,0
source_reconstruction/gameplay/enemy_drop.hpp,9be29ded73987152f21a7fa71af4b37b490d7baa96d164fd4c0c71e191737eb9,reconstruction-candidate,2,0
source_reconstruction/gameplay/enemy_drop_adapter.cpp,3f1e19cda3d8dda52be73b751eb6c50e5a0f9aa6abf032fe6306996c12a0c15d,reconstruction-candidate,4,0
source_reconstruction/gameplay/enemy_drop_phase_cpu_cases.inc,85977da211891ed71a7ad6d5f758495615f94e66ab40acdf487122611dbed81e,test-or-oracle,11,1
source_reconstruction/gameplay/enemy_entity.cpp,77f182120e04a7bdba59237102aee1aae155610d0f6bb45053caa76f32f0f71d,reconstruction-candidate,15,0
source_reconstruction/gameplay/enemy_entity.hpp,5da2df860cff08f4cabcecd72eb59dd8410e493f6e049144b55f77ad5b328e84,reconstruction-candidate,2,0
source_reconstruction/gameplay/enemy_entity_adapter.cpp,48b218baa59e9f9ff31a0e56bf13e3fdca19b46622016072693ec2f1b2c954e9,reconstruction-candidate,12,0
source_reconstruction/gameplay/enemy_frame.cpp,70a71f42d100f656ae2bba101766c012d32119d86071d9128769f694f0b99167,reconstruction-candidate,9,0
source_reconstruction/gameplay/enemy_frame.hpp,a022b11c02f62f7a1f7c3fdbe0292baf419fa1f6a4c33a039bc75529f78bbedd,reconstruction-candidate,1,0
source_reconstruction/gameplay/enemy_frame_tests.cpp,0aacff929e5597ad2c9bb3558f68b18814d56c123678068b55290889c55bd968,test-or-oracle,32,0
source_reconstruction/gameplay/enemy_interpolation.cpp,e04b969fa4e90bbf16c063e1be2838b9bdb60b3dc10943c9b294bc6d3e7b6321,reconstruction-candidate,8,0
source_reconstruction/gameplay/enemy_interpolation.hpp,96db5c66f77dbaa7a38025eb0d1f5d8e1327c4e5e0e7b40cd2f18e26435de450,reconstruction-candidate,0,0
source_reconstruction/gameplay/enemy_mesh.cpp,0c4958d4ddc742b933f18fc0bbdfdb1d0588ee5f3e7d66789cc6fd2f1a63eadc,reconstruction-candidate,1,0
source_reconstruction/gameplay/enemy_mesh.hpp,cc2cd53ddbe2f88a0ef43b167b280070b9cb9614de5ccc7c3e150019661e4078,reconstruction-candidate,2,0
source_reconstruction/gameplay/enemy_mesh_adapter.cpp,9a6aba32365631dcfc63c4b00964e0832e87a2737bd0e54934e0ebae251237d3,reconstruction-candidate,8,0
source_reconstruction/gameplay/enemy_mesh_cpu_cases.inc,644fb2e6048cbb7df4ca4820e282a8bc1d3bed4954fe44a820327bb8466a7551,test-or-oracle,7,0
source_reconstruction/gameplay/enemy_movement.cpp,da328ec4cb5221b32bf608b7569fe2020da0049d1232182ca2be4bb84155b0a0,reconstruction-candidate,10,0
source_reconstruction/gameplay/enemy_movement.hpp,3c00edf39170a805a9e74f29c26125b4b572ad503b3718971de96db88dc9f196,reconstruction-candidate,1,0
source_reconstruction/gameplay/enemy_opcode.hpp,a397b612e2c00df6e32ee1364882f24e7d60220b418ab85a57a69763dc72b58f,reconstruction-candidate,14,0
source_reconstruction/gameplay/enemy_opcode_animation.cpp,dc24d9812e0017da25ed0ec49e73cd2497a6474c365b5f38ba553107e10cae54,reconstruction-candidate,11,8
source_reconstruction/gameplay/enemy_opcode_animation.hpp,21fdbcd6fbac12a3b9e4e58b0647cc26508b3bdeaad1d6089848bff26b8e3766,reconstruction-candidate,1,0
source_reconstruction/gameplay/enemy_opcode_animation_adapter.cpp,abf9af682d8c6f35cf8089e836e5516458e62b8fd8487787ea8e5974f45acc45,reconstruction-candidate,17,0
source_reconstruction/gameplay/enemy_opcode_animation_cpu_cases.inc,5efc7f3a5d0290f335df222aaa89e2a2a15259783482a2f0245a81ae29c31a8a,test-or-oracle,16,0
source_reconstruction/gameplay/enemy_opcode_creation_cpu_cases.inc,6d38670333c8110bf8060df968bf6c6ed025c4768e50d43c631318c823873bd8,test-or-oracle,26,12
source_reconstruction/gameplay/enemy_opcode_data.hpp,bcaec857e728a6f1934699df02e30a681bc10c00d0fd1452a914e3f8bf44d589,reconstruction-candidate,0,0
source_reconstruction/gameplay/enemy_opcode_dispatch.cpp,fcfc9b3bb523e30799fa01358e825a8206c42a7bc48c0479431de15e51e1a820,reconstruction-candidate,2,0
source_reconstruction/gameplay/enemy_opcode_laser.cpp,fc1365f15029b4f682ab51b9e9626299f3b1b976a3402f7d7e0f93cf4cc0d8a1,reconstruction-candidate,4,0
source_reconstruction/gameplay/enemy_opcode_laser.hpp,b6d19d58b3486e9b5bc914925b3a0d1ad15a47a8209b4923795015a36416aa9f,reconstruction-candidate,1,0
source_reconstruction/gameplay/enemy_opcode_laser_adapter.cpp,148aaf11a9411c9535b2a382f1f74525907b1ff8f1bd06b7fe8830ad73c6bcb4,reconstruction-candidate,7,0
source_reconstruction/gameplay/enemy_opcode_laser_cpu_cases.inc,e9441b056574898155c2a2d76379ded0b5ae8fd42b54eef7064403a7f696afef,test-or-oracle,34,6
source_reconstruction/gameplay/enemy_opcode_misc.cpp,4c71ab896a0553ae05f6cda0dc8072f7f5b0a23a4a768635a6f0a8b32ab7a83e,reconstruction-candidate,1,0
source_reconstruction/gameplay/enemy_opcode_misc.hpp,ab011f790d9fb725d2b44d8bf407c6ebdb2cedbdf54d6415af515791c6a15057,reconstruction-candidate,1,0
source_reconstruction/gameplay/enemy_opcode_misc_adapter.cpp,0e19e2ba0fafe7c92b76408248ed509d5f1369c3e4b89b7f8ee2636deac43cea,reconstruction-candidate,6,0
source_reconstruction/gameplay/enemy_opcode_misc_cpu_cases.inc,37d839001987db1353f206c9de66d1094ace390e36d62b25e8c1eba3052e6ef0,test-or-oracle,12,4
source_reconstruction/gameplay/enemy_opcode_movement.cpp,0f6555d5fec4e50895121f0e84704960ad3eba3d42094c618c057f5eebefcc2c,reconstruction-candidate,15,2
source_reconstruction/gameplay/enemy_opcode_movement.hpp,bafbc96c136def91c2f2190a86cbc3389fcd75473c24cc0f74e145dffe397d8b,reconstruction-candidate,1,0
source_reconstruction/gameplay/enemy_opcode_movement_adapter.cpp,5a24c70d2a7b16596887b03529fe83f407aee048a8173f1ddbfead02bbfa30fd,reconstruction-candidate,8,0
source_reconstruction/gameplay/enemy_opcode_movement_cpu_cases.inc,7b4787864c0424918716321f3bbe6b60e3224312e4ba8755195ee885a1a7bc86,test-or-oracle,7,0
source_reconstruction/gameplay/enemy_opcode_state.cpp,0cb97e65d655d77a1f42114dfd0b5541dae28a7509b49d5f6b70669f91fc1b23,reconstruction-candidate,17,9
source_reconstruction/gameplay/enemy_opcode_state.hpp,d2a7fcca16240b5f14a1c35d630abc14bd29105f4299e14e6ec9faef9378334e,reconstruction-candidate,1,0
source_reconstruction/gameplay/enemy_opcode_state_adapter.cpp,b26ba5cd6a371563266c6fadaa6f9a053416159ca1ce8c7229013fb8e087559e,reconstruction-candidate,23,0
source_reconstruction/gameplay/enemy_opcode_state_cpu_cases.inc,f59cd3276af2c1b3ff426e3d1ef5904dcf2d56f1593d3801231e2778e19b748e,test-or-oracle,22,0
source_reconstruction/gameplay/enemy_reads.cpp,a5c1cb6e9d217b853ddf43301b01ad742d6aae2ae6105076037ddc59ed96d6f0,reconstruction-candidate,16,0
source_reconstruction/gameplay/enemy_reads.hpp,f45c44c51b8be660865282484e7fac0297709836cdd96db8cf166f545723d555,reconstruction-candidate,0,0
source_reconstruction/gameplay/enemy_reads_cpu_cases.inc,8559b58ec7a30832452ccf31a0a95aaf619994376e678c338ec3e9ee6f2e0552,test-or-oracle,2,0
source_reconstruction/gameplay/enemy_resource_tests.cpp,099b966adad6b01d3f947d644a5ba14e43368b6ee3ac7da48fd2836d89e2230d,test-or-oracle,20,0
source_reconstruction/gameplay/enemy_shot.cpp,59c76d69deccaffe6064eb6fd0904324f549935769782036cb32a20415a18f8d,reconstruction-candidate,8,0
source_reconstruction/gameplay/enemy_shot.hpp,0b6d771d79f56b05898649647539a0242ae946691427e36ea58c93d23e70be00,reconstruction-candidate,1,0
source_reconstruction/gameplay/enemy_shot_adapter.cpp,b04303dcef644fb70c9fe3681f3c6339f995eeba4a38133684822952a14c0e7f,reconstruction-candidate,19,0
source_reconstruction/gameplay/enemy_shot_cpu_cases.inc,51886b867be93512ed4b31b4258cad31ba7dc5e66eda6fc52d963b9a0d6bcb0d,test-or-oracle,13,0
source_reconstruction/gameplay/enemy_spawn.cpp,b5e6621bb82557c4b3d6597dad0ee4248c9b64be980aa1d2b12ae2ca10c389b2,reconstruction-candidate,4,0
source_reconstruction/gameplay/enemy_spawn.hpp,9287d8732075435e39c900496d394717c1afd8dcd749af5f75a74c45f1c70a8d,reconstruction-candidate,0,0
source_reconstruction/gameplay/enemy_spawn_cpu_cases.inc,c15a8d86b5d5cdc8fbb22b542710c261aa704f14fc4e7344c846b063d7677363,test-or-oracle,1,0
source_reconstruction/gameplay/enemy_state.cpp,efa7b3c3de5b142146b3089774d19da9d531f624bec45a91062ca901a9245355,reconstruction-candidate,5,0
source_reconstruction/gameplay/enemy_state.hpp,74d006e114102c0a9836282a0e54c4d1fdffc3f98299badfe2fbed6971240735,reconstruction-candidate,0,0
source_reconstruction/gameplay/enemy_update.cpp,aed47bfdff7eaac4c96cf960c249b54f1ad7c153717d3f2835ba6bfc4b8a9b73,reconstruction-candidate,7,0
source_reconstruction/gameplay/enemy_update.hpp,722eec6d92e851a519b4ae9c51dda1cd155a5aa56c0f8b3c4f7c4d5f2382ede3,reconstruction-candidate,1,0
source_reconstruction/gameplay/enemy_variables.cpp,a5fb6f34f19055d1daf83c94ddccfb35ce454e70bd79133bae5ad53e6c3197a2,reconstruction-candidate,14,0
source_reconstruction/gameplay/enemy_variables.hpp,f39b364494fec760baa9612d1c08484144d299c1f4e1ed97698a0f2a4768b893,reconstruction-candidate,1,0
source_reconstruction/gameplay/enemy_vm.cpp,e688c8349625d072d578eb59dccd10803817b002682fac68928842c898135918,reconstruction-candidate,32,0
source_reconstruction/gameplay/enemy_vm_cpu_cases.inc,a9adbae1b4e7cf242cb9c04fad379923e3a2d96282f8187c95e5b774cd9ee9e1,test-or-oracle,46,0
source_reconstruction/gameplay/enemy_vm_test_fixture.hpp,f74f9a5e8594a57c91fea97da2b0a846b1e53eca831f4a769305c76b2859cda9,test-or-oracle,16,1
source_reconstruction/gameplay/entry_adapter.cpp,f49c41aeeb2a3f323e2b3147e48f4382a9371be85e8655597e444677797a5098,reconstruction-candidate,30,0
source_reconstruction/gameplay/extract_opcode_state_data.py,3be86726029c4d70066b3c044b8b0496c0a20033c1f9bb17d4200477573640cb,tool-or-support,1,0
source_reconstruction/gameplay/extract_stage_data.py,7718086a70d917d73d042c0dcc7c4bd1eb60dd64f4f95442c5b615b13ed1a304,tool-or-support,3,0
source_reconstruction/gameplay/frame.cpp,75353a8a7468e61fa999e042048bee386feb367a3df395c7584cbec9a0c5bc23,reconstruction-candidate,4,0
source_reconstruction/gameplay/frame.hpp,c9efaeacfe185b5981c29653fa67ab00703c9deeb15704b6898d7cedadf18c7f,reconstruction-candidate,0,0
source_reconstruction/gameplay/frame_cpu_cases.inc,c0b7035a21b8c53f0c478632edf14f10e622f1dab822e68523547b84be9b7a2a,test-or-oracle,4,0
source_reconstruction/gameplay/gameplay.cpp,d61ffc36052c907f3c1a3de4fbaa402b12c8867a001bdfe39b2783abd78e0527,reconstruction-candidate,11,0
source_reconstruction/gameplay/gameplay.hpp,6c78b84f98754484d9c60ef862960a2c247a130debc66d6e626c92511268d9cc,reconstruction-candidate,5,0
source_reconstruction/gameplay/lifecycle_tests.cpp,f661bb9183568af85cc4e3474d17ca3866da9ff182b10b0f0068ec986469fcec,test-or-oracle,3,0
source_reconstruction/gameplay/loading.cpp,8a0305d3d8e407b788b5f5377e6b4601bd78e127831fd94d022acd24ebbc3540,reconstruction-candidate,7,0
source_reconstruction/gameplay/loading.hpp,98c683621a8a6a9077da0cadd058ecea5f1c5bba0767f18fa3c952c40c162d00,reconstruction-candidate,1,0
source_reconstruction/gameplay/loading_adapter.cpp,5627561f29e4ba12900bcfba5a3fd812e8c49efdde93fd3ef2ee2feaeea1b3d2,reconstruction-candidate,33,0
source_reconstruction/gameplay/loading_dependencies.hpp,506ed5222597c9ef20884cf87f10dec29ce57ee29df39a801369508f8c36e935,reconstruction-candidate,0,0
source_reconstruction/gameplay/loading_tests.cpp,c44c57852d7908cfecabad8df55d3ce8245e5256b0db293dd660c31cb4743818,test-or-oracle,32,0
source_reconstruction/gameplay/player_cpu_compare.cpp,e2815b327fb1f626d51eef8f05c614a7eb9e4c27c8c64ca4bfeef260bc5faf04,test-or-oracle,4,0
source_reconstruction/gameplay/player_state.cpp,3f546eded4a02fd2f203906bdf8c5667e1b5b95e0b8ef6019cbcac01e074aea4,reconstruction-candidate,12,0
source_reconstruction/gameplay/player_state.hpp,e8ddd1f7194c4a2bb7b123e805662719b02ae423ab739227bc5a6fbbbfae2835,reconstruction-candidate,5,0
source_reconstruction/gameplay/script_loader.cpp,14583d627a5f9b6164e54d5866ee9e114d44ddd8504e488599bf149ca5531516,reconstruction-candidate,14,0
source_reconstruction/gameplay/script_loader.hpp,bf9f167922edc5fdf379b80112176a5e5661c3abdeeb181793b71e0a12777f4c,reconstruction-candidate,0,0
source_reconstruction/gameplay/script_program.cpp,d69e8514573a6013ea8e37a39e5a15b81b6f3fc8efde39e34a6ca0286e4f4895,reconstruction-candidate,1,0
source_reconstruction/gameplay/stage_data.cpp,a4aeea680c04944c804a780205c692022b439f9f31e8afae89498db94c364683,reconstruction-candidate,3,0
source_reconstruction/gameplay/stage_data.hpp,6a1dc91e5d474fd22b90b1577950b3163cb889184fed93c77d2fa2a64d3d79b6,reconstruction-candidate,0,0
source_reconstruction/gameplay/subsystems.hpp,f507e8d3ee2494d88ae09540284737c68189eee1c343cef6e6621e3cff03d245,reconstruction-candidate,0,0
source_reconstruction/gameplay/test_services.hpp,204e7323f5e3e3c21fa8cdc4428bae3c66e55125022f6ab32f27a6763ce638fd,test-or-oracle,27,1
source_reconstruction/help_system/help.cpp,98f5e4b54571b0e11e73752c801201752cf15c903472766a49efe3eccc66c34e,reconstruction-candidate,20,0
source_reconstruction/help_system/help.hpp,ddb9314cd6df3416ead88be47f8b358fa7f95ea08e8a31cf562180fdfb235568,reconstruction-candidate,0,0
source_reconstruction/help_system/texture.cpp,f405cff0e9ae6c62abf26663c6a979212817425cb5de35e006c964f8bab7f056,reconstruction-candidate,5,0
source_reconstruction/hud_system/core.cpp,368837fd35839fcecd7190240d7b53b8ca11b438f39be91746d0695bbbd73b65,reconstruction-candidate,1,0
source_reconstruction/hud_system/dialogue.hpp,45e0d8f96e96dc8f24e0e9007e7cf8fbd1b8b7272315c25ddf5baabd497206b3,reconstruction-candidate,0,0
source_reconstruction/hud_system/dialogue_constructor.cpp,250748304a653e2fa06b4fe708c33ac09c72c1253a4e493b3b06a1476e7af734,reconstruction-candidate,5,0
source_reconstruction/hud_system/dialogue_geometry.cpp,c3ccef68b90409f2bdbe6d8fdb1be55588f4e76cf5f319597fd5742dc3fca1ac,reconstruction-candidate,7,0
source_reconstruction/hud_system/dialogue_lifetime.cpp,390b363881577b6370a4cf63085fafa3096f1329972cfad4b33b86b9015032a0,reconstruction-candidate,3,0
source_reconstruction/hud_system/dialogue_script.cpp,51cf43646c8d154e80929d475963c87ffefda7965c89e9487f5c121660b5610b,reconstruction-candidate,16,0
source_reconstruction/hud_system/dialogue_text.cpp,693b35db82884273a458f9a60b60439c3cda487013d108eabd70bec2ba064d48,reconstruction-candidate,16,0
source_reconstruction/hud_system/dialogue_text.hpp,596423f257adf2427cf0b9817214efaa425fdc888865841bb20a0da6aa4a88f1,reconstruction-candidate,0,0
source_reconstruction/hud_system/draw.cpp,dbc8eb92ae9fd3aea06d504cdf8ef6ddaaf281bce3e0d3329549d7f59a7bf2c7,reconstruction-candidate,7,0
source_reconstruction/hud_system/draw_cpu_cases.inc,b47e3ac1f54f81bf08f019c430f11c3b8443034391886e2ab01fe5377655d3c1,test-or-oracle,0,0
source_reconstruction/hud_system/draw_scene_cpu_cases.inc,105fe8f244d2db63051ec05b409bc28670fc5b46aa8138f18eb840e9fd267242,test-or-oracle,0,0
source_reconstruction/hud_system/draw_support.hpp,ca934fc3e94b7182e48a79caa28f83cdea59f24db49b3fb3607f3bf4d183b9b7,reconstruction-candidate,6,0
source_reconstruction/hud_system/enable.cpp,738320acb2bda3843992fa3678985779c727a0e778c371e25de0cf0711bcbe18,reconstruction-candidate,2,0
source_reconstruction/hud_system/enable_cpu_cases.inc,7b002d68565b5c1f56af624ae1dcc34ca94494671d2f9e9e7d311776835da2d9,test-or-oracle,0,0
source_reconstruction/hud_system/enemy_cleanup.cpp,ef38b7c0af984029741d075e8866b34280d398e8b945e90b577896389cd78cb9,reconstruction-candidate,1,0
source_reconstruction/hud_system/entry_adapter.cpp,c9c24793322c5355eaa18968a8f52a14ac0b3fc2015bf3e51b81003ed12ca691,reconstruction-candidate,10,0
source_reconstruction/hud_system/environment.cpp,ee88ee3cb08e9f61630269e42a3f9040ee0d3c4a2f5861ac8d5128158b0bcea4,reconstruction-candidate,2,0
source_reconstruction/hud_system/evidence/004ac290.c,61665fb7e2855cbf043f330e536c5368d67cedc618bafe8357055dbd2cb0102f,reconstruction-candidate,1,0
source_reconstruction/hud_system/evidence/004aec90.c,384070ed745e9b3fd76f013a80bd38bba5e7e001b674b6739280fe21d6b18090,reconstruction-candidate,0,2
source_reconstruction/hud_system/evidence/004b0720.c,6a0b8586656ef8d0189cae019ceb939a6257afd1ec05626c0953d67c2c438fec,reconstruction-candidate,1,1
source_reconstruction/hud_system/evidence/004b2c90.c,464b887752b1873d8fc69a7c1ac0ef44eb8f6eb37573e72b6f0c84cdc0343ed7,reconstruction-candidate,1,8
source_reconstruction/hud_system/feedback_cpu_cases.inc,b92e99a9dd5ed216c947fbab20820ec2ff2d0bdf1b6155f6c01c74ef1a3aea41,test-or-oracle,0,0
source_reconstruction/hud_system/feedback_draw.cpp,fe1db2019f6260987b5bd9a3dc177911a95e04f6211e59c0acffdfd40c85c0cb,reconstruction-candidate,3,0
source_reconstruction/hud_system/feedback_wrapper_cpu_cases.inc,a30788f7a43305140b52eb869c5d2f53068afeddb4241d80e08a63582154fee3,test-or-oracle,1,0
source_reconstruction/hud_system/hud.hpp,b3df0bf0d3948d000d6da6613dcb162caa26d9544f6d0038fe7b80fdac7d33e6,reconstruction-candidate,0,0
source_reconstruction/hud_system/icons.cpp,75262358a9b5f6d2ab9b4525670f313fe72e6b94c1cca76ecdcda1145dc557cc,reconstruction-candidate,4,0
source_reconstruction/hud_system/icons_cpu_cases.inc,ec1d3c87f25b89d615b5b33617bca95dc6918a748efd9ab5736b293bdc3ffb10,test-or-oracle,0,0
source_reconstruction/hud_system/lifecycle.cpp,9538d83ae94b3e89e8c9c9ac3f92e358bbfe17826dd8dcf047d7276093f0b702,reconstruction-candidate,14,0
source_reconstruction/hud_system/notifications.cpp,8e1244ebc0fd2543b1c807c2d5983013144385bb0a04aebd19e3c34e73909c1e,reconstruction-candidate,3,0
source_reconstruction/hud_system/notifications_cpu_cases.inc,71cd43ab3d2885d57116b905e9d311d4f44a7f50b0ae9638275cb31eec7e3e8b,test-or-oracle,0,0
source_reconstruction/hud_system/scoring.cpp,621a1d98c56601a280b2fdc1bd2064cd97b1f6a4ea744593958b8d8456190c12,reconstruction-candidate,2,0
source_reconstruction/hud_system/scoring.hpp,1008bc4de46770b08d9602e8aa4d8f904789adccd9e64a6e2b187e24f1aa2177,reconstruction-candidate,0,0
source_reconstruction/hud_system/scoring_cpu_cases.inc,2c6ec358a6e88d079d1ad4f183b6c4c9242dec0665e1de42072fcab7ee80d437,test-or-oracle,0,0
source_reconstruction/hud_system/stage_track.cpp,63c65b0655d242621c523fe07224f02ac90dcccb387b10dfadec378811aaa897,reconstruction-candidate,2,0
source_reconstruction/hud_system/update.cpp,c065089a57201792459783c1f74400278b062a10befc3f9e367f41ee8ca7c338,reconstruction-candidate,24,0
source_reconstruction/hud_system/update_cpu_cases.inc,8945a1eed4649ceea51ce2dcd57f0782962b8caef7fadddab9db0699953ed74d,test-or-oracle,2,0
source_reconstruction/input/cpu_compare.cpp,7b5fe4ac3b8e14b99232fbf80b799d0ef17a9e0e47e8fe9bacf6afc232880eb0,test-or-oracle,16,9
source_reconstruction/input/entry_adapter.cpp,c4275ff37a6af3d22d3d514b5abf00231e69f7e99cdf31fd809e846efcfc2aed,reconstruction-candidate,7,0
source_reconstruction/input/input.hpp,fd36f455da92d8e3874cc5f50aa72fb95b0c487a70ce860a83393aeb00c9c5f6,reconstruction-candidate,2,0
source_reconstruction/input/input_state.cpp,5598f4cdcff58399640e2abcd435b97ce9f726927d0a3bd7a9471ee7d4652273,reconstruction-candidate,20,0
source_reconstruction/input/input_tests.cpp,0042e942091c148caa40d7bd78903eeaf91e9b25ee6ab58e316407535e86c106,test-or-oracle,2,0
source_reconstruction/input/input_win32.cpp,b655c5c2a89bff2d5ffe2ce6a479e830c34e051d265a3e2de77bf4aa9aff891f,reconstruction-candidate,28,2
source_reconstruction/input/test_host.hpp,ecc758aef4823208f2dfba00259b03018dbf9f2454f6d7222bdfe67717e1ab84,test-or-oracle,9,0
source_reconstruction/item_system/collect.hpp,1db2eb962c741014a55c497cae66c096c1b0b7f8abe6c0767c7a5d8a5d99de05,reconstruction-candidate,0,0
source_reconstruction/item_system/entry_adapter.cpp,f54909ee2fe1c58e47e02f38e3b86e44a89fef14a2aa54c9aaafdf3efec1cb20,reconstruction-candidate,2,0
source_reconstruction/item_system/environment.cpp,354de05dd5866ffffd85608b05d1b26f8806bd42cc6c21c14836b69375540378,reconstruction-candidate,19,0
source_reconstruction/item_system/frame.cpp,de0844733cbeb0db95b632065d1f6f5b698bc83a86474212e73fad8bcef427e9,reconstruction-candidate,19,0
source_reconstruction/item_system/item.hpp,32a4c15ee3f9123eb54b62b6e6c3f9375e7bba7889f4de13e84252a68378ce00,reconstruction-candidate,6,0
source_reconstruction/item_system/oracle/compare.cpp,13f80cc897a0fed4a09eb8ac3f908c844b5ae5ca3acd0b92fb6ddcd423108729,test-or-oracle,71,0
source_reconstruction/item_system/record_evidence.py,45532b73444d14298c36667ca7dde15311efb25707473d12c01e547f0af743bc,tool-or-support,1,0
source_reconstruction/item_system/rewards.cpp,c62b4fe27cb815b3373ffd464ac8e654b83ecc3bfb9bf04ef916f2bd71b49244,reconstruction-candidate,35,0
source_reconstruction/item_system/rewards.hpp,7d0fc1528457c8104625b8f3f2d965127dc3d5e73db3a9377a538fcfd5ab5d75,reconstruction-candidate,1,0
source_reconstruction/item_system/rewards_environment.cpp,645616145d4eca6405226ba59ecc37c75465de97103cceab7d16bf1173e28ea0,reconstruction-candidate,13,0
source_reconstruction/item_system/spawn.cpp,3577e1db5e2a5148165bacee2ec73da557e18d804a95db8eaf65f442658bc5b5,reconstruction-candidate,8,0
source_reconstruction/item_system/special.cpp,3329618249e434ee88af99ef75aabe83299e0a889add5af1f8f037fa6f63190e,reconstruction-candidate,1,0
source_reconstruction/item_system/state.cpp,6e6c4fd5aa220207faa38eff9e4a2151a6d0427f5fdce413768cc27a57421e01,reconstruction-candidate,14,0
source_reconstruction/key_config/data.hpp,c36d7e874fcd1a89dbd73af1510646666aa8ba0a0f3e5d8ce78f1d18f81ce7c6,reconstruction-candidate,0,0
source_reconstruction/key_config/draw.cpp,5ce627c30814c2f02485bac843e37da863478b0c1dc49c58b597c9c5088b7cea,reconstruction-candidate,7,0
source_reconstruction/key_config/key_config.hpp,66c154a5d1bd5b144156186982f268de2fd1159ef65cb486b1de104b2f09809a,reconstruction-candidate,1,0
source_reconstruction/key_config/lifecycle.cpp,958723b3ea6d162c359013671c48ac008de50d0c1775f23ae0b846e216b21e1f,reconstruction-candidate,17,0
source_reconstruction/key_config/oracle/compare.cpp,c80997dacc6cc213dd58434d2a0aa6eb4b8fcf844c17a2f8d8cfe01f59ccdf8e,test-or-oracle,16,0
source_reconstruction/key_config/update.cpp,351dba0a0182873c226b57970d1ed09d03cc182c6fcdca091c41bd38766b70c4,reconstruction-candidate,11,0
source_reconstruction/laser_system/base.cpp,1d75c0ed5cc4563a6744098b3b58b0f2fd3d70f7946728d59b7bca9371503a6b,reconstruction-candidate,8,0
source_reconstruction/laser_system/controller.cpp,e49c5ba58bc47fdaccbc6aa80bc1d099863706cefc5527f180b058389a55860f,reconstruction-candidate,16,0
source_reconstruction/laser_system/entry_adapter.cpp,fcb9e3ffafb4cfa95047ff828ec34be4182d0e764df3eeda0e06c778944ae92d,reconstruction-candidate,3,0
source_reconstruction/laser_system/erase_all.cpp,d5fcb2dc804bc5d7468a6f77fa98ba21f92f20a1850215086b80867636a589e0,reconstruction-candidate,1,0
source_reconstruction/laser_system/laser.hpp,a718a81d7f8a91354f3ec0010c877254e1702012702a3b9ce03e1ab25d5cfb6d,reconstruction-candidate,1,0
source_reconstruction/laser_system/pool_cpu_cases.inc,8153e1bc371900746c832e0a5f7a860b9ca7cd4a1d89f0936818a1cdd9eb0201,test-or-oracle,11,3
source_reconstruction/laser_system/shape_cancel_cpu_cases.inc,5a5d5a0625a2d1f6a4747940cc6afac361fa40ac2297e908288e3376c74af8bb,test-or-oracle,1,0
source_reconstruction/laser_system/spawn.cpp,38c6419bccf69871af115bdf79d4509ef491b9d4505b407aa8f38cb5cf2bd1cb,reconstruction-candidate,1,0
source_reconstruction/laser_system/split_cpu_cases.inc,321b0b371d59d7fcfc3dccd06597067aa9b4baad20433ad737568a941fc7b4b0,test-or-oracle,4,0
source_reconstruction/laser_system/type0.cpp,57cf42ab8a62c280330332112fb0ba904c704e5191655bd0b48166158e805fe3,reconstruction-candidate,6,0
source_reconstruction/laser_system/type0.hpp,99c57fc36a950ca7da19a86b27c8a496ae67e222a61ca796c38e3381b67e1067,reconstruction-candidate,1,0
source_reconstruction/laser_system/type0_bounce.cpp,6d0ab7ce7a1c43688a391d1982a0ddbf0848b209f1ae748cfea4d59682b4d2c7,reconstruction-candidate,6,0
source_reconstruction/laser_system/type0_cancellation.cpp,59c5cebb364aabd2b1a6697a183d051092c5889d526d6c29b14332a8b67186c8,reconstruction-candidate,17,0
source_reconstruction/laser_system/type0_collision.cpp,2ca8c1051736458d439a1c93d35750f1aa90dd53494e9ef65eafa7e3ea1d014f,reconstruction-candidate,1,0
source_reconstruction/laser_system/type0_commands.cpp,78848434c5ad6c7979706b08346cd7eb4dc5cdb870a5ab9ba347d47b0a117abe,reconstruction-candidate,4,0
source_reconstruction/laser_system/type0_cpu_cases.inc,11919d8ada10f35583956981bd6fe43dc2fb774f3352585dce294df97e07f27b,test-or-oracle,1,0
source_reconstruction/laser_system/type0_frame.cpp,fabe44447a75bf8054ee5beaadedc43b9acf8a116930446aeac6546dd2a6b2e1,reconstruction-candidate,10,0
source_reconstruction/laser_system/type0_initialize_cpu_cases.inc,622b4c097613453077b2b22de5c8c7328ce05603d076a8d40ba99be68bd0a6eb,test-or-oracle,0,0
source_reconstruction/laser_system/type0_measure.cpp,b8e82f710176d922aa67bdf6ed0512067a3cf58280eef5ea360a0d318a23d119,reconstruction-candidate,5,0
source_reconstruction/laser_system/type1.cpp,953fd7f7ba5e56906bbcc2fe7d5757694f33d495cd6f92f8dca26d8e3db662d5,reconstruction-candidate,7,0
source_reconstruction/laser_system/type1.hpp,12e10a6cd52164b1769bb24cde60ba59f92b1c2b65ffdc920e71c0273870162d,reconstruction-candidate,1,1
source_reconstruction/laser_system/type1_cancellation.cpp,52b5143f52d6c9ee17e76a08bb32aa98b1bb62bf3131cf0cc30dea962bdb7a90,reconstruction-candidate,17,0
source_reconstruction/laser_system/type1_collision.cpp,b8405fd5002a8d985dc63555e44a2fa9818443d7ade5e75997506b72de6c39e3,reconstruction-candidate,5,0
source_reconstruction/laser_system/type1_cpu_cases.inc,a82f79d5fa02d7995287cf4a56d55716c51c35839981aefce57f02cc2e90b08b,test-or-oracle,0,0
source_reconstruction/laser_system/type1_frame.cpp,3ff21a93c14c4b6271dc10e170015dbc49c267206e452a5cc3a8c7182e6d8327,reconstruction-candidate,7,0
source_reconstruction/laser_system/type1_initialize_cpu_cases.inc,c17f3c2448584f1a201ef8ae8822f5004b8b98ff753551c9e316bd8039660b00,test-or-oracle,0,0
source_reconstruction/laser_system/type1_measure.cpp,b0d66cae670e5dc2c0d8d714dc28b26f4189bab56bc20abe6891bf3a2a483d7b,reconstruction-candidate,5,0
source_reconstruction/laser_system/type1_measure_cpu_cases.inc,1fe7a95fd45069163a635b55495d74a09e1981e57173471b5fe39a387e356228,test-or-oracle,0,0
source_reconstruction/laser_system/type2.cpp,a7fb29bb5ceaa4a142554ff742d7a93752a6deade1b88e8c566b908de72a0b63,reconstruction-candidate,8,0
source_reconstruction/laser_system/type2.hpp,81d79f9873fa2a7d09bbe4474a180ef59f07c6810f7f1acce512f87f4ed405df,reconstruction-candidate,0,1
source_reconstruction/laser_system/type2_cancellation.cpp,8c304a6c1a4c0822aad5194608caa9fe039f3da4c4520e9147f729640de1a6fd,reconstruction-candidate,18,0
source_reconstruction/laser_system/type2_collision.cpp,fc9ac2128a3380a1af4b6ccf75df52bcd3c7c676f2670da781418a0cb4046a26,reconstruction-candidate,1,0
source_reconstruction/laser_system/type2_commands.cpp,46e88a3e817ec280e8cf3f7ca929e9f7a80fb0f31e39a1aaaffe47f6a17ff6ea,reconstruction-candidate,3,0
source_reconstruction/laser_system/type2_commands_cpu_cases.inc,daff36f1d601fb3d5197dd734870771b2c0f078efec33902f1db03fdd07642e2,test-or-oracle,1,0
source_reconstruction/laser_system/type2_cpu_cases.inc,9d640d6104d3ad408388383243c0952b0e4cf2152c9f6a294ce8a9b34725ac2b,test-or-oracle,1,0
source_reconstruction/laser_system/type2_frame.cpp,a9f1692162d555b9291d7d6f7579b1be43fbd7dc98ec104e511c2bb558fbe315,reconstruction-candidate,11,0
source_reconstruction/laser_system/type2_initialize_cpu_cases.inc,9492787945a42176aec049eb848190fe83f26f8f34a2f29a96201ccf1b48b517,test-or-oracle,2,0
source_reconstruction/laser_system/type2_measure.cpp,7f70fd0dd8fd45c73d0e34b3c883be110ca76489fe409965e3f59b4c6c4132b0,reconstruction-candidate,5,0
source_reconstruction/laser_system/type2_path.cpp,12c7d9abeaeddbcfb816eb36569f34b6640c36dc2ba60063b0daf327b6542935,reconstruction-candidate,11,0
source_reconstruction/laser_system/type2_path_cpu_cases.inc,08535237a622028edd580ffef486440dae1da08b1cca4085e3e93667458727c2,test-or-oracle,1,0
source_reconstruction/laser_system/type2_reemit.cpp,e198e17f71f019e4ddbe402c44cde965d4c3cce969f4cc9dece66edab524e668,reconstruction-candidate,1,0
source_reconstruction/laser_system/type3.cpp,83b49282df9a3379422d22f7d56688af8ac39a00446d1b2a5bf2a1a204b5960a,reconstruction-candidate,7,0
source_reconstruction/laser_system/type3.hpp,b92a29de9971a196eb0df08604817f95cb494efa5db2c74fa9d25780c78a0e62,reconstruction-candidate,7,0
source_reconstruction/laser_system/type3_cpu_cases.inc,e76fa20d0acdd8b26753b0eb1617b91db5ac479f5166bda94ca68a413f5eaba5,test-or-oracle,0,0
source_reconstruction/link_probe/link_probe.cpp,2ee82281f07efc4b2b64fda8e10cfda7fd3f537318fa378a5ed99a48324e4f70,reconstruction-candidate,0,0
source_reconstruction/notice_system/data_strings.hpp,1ca42fac241ca175724a4288cfb40977c65f2452ce63fc9bac52d771001292f7,reconstruction-candidate,0,0
source_reconstruction/notice_system/extract_data.py,f284ecc36a9e236008cdab77fc06512abedad30c9bbd3bea345626ba55ef9ade,tool-or-support,1,0
source_reconstruction/notice_system/load_cpu_cases.inc,2029e2b7210702b314084acb03f809e9bde45d471c5ef8701675006b339d8b92,test-or-oracle,5,0
source_reconstruction/notice_system/notice.cpp,820e8a8fd163a4bbf56a9faf465c27ef388ca64dde24285a54191715ca59aac3,reconstruction-candidate,12,0
source_reconstruction/notice_system/notice.hpp,51bfd7e0a19bdcebf9d78c91a93e162c9cdff739c954e3265a0785c483aaa91e,reconstruction-candidate,0,0
source_reconstruction/notice_system/pool_cpu_cases.inc,4ff9d145feb04a800d2686c41fdda472fb833b61adbd6879b11f226c1ef6ae76,test-or-oracle,4,0
source_reconstruction/notice_system/pool_fixture.hpp,9b329df4481ec4e9bb82a093cf3c0d6f69e9b817a1b4d5a83913bc85e46c4493,test-or-oracle,2,2
source_reconstruction/notice_system/update.cpp,aa5a6a992f4668f3cfdf123531f8cf504b0fd4403eaf71e7e2959d96428215b5,reconstruction-candidate,6,0
source_reconstruction/options_system/data.hpp,78e16aa8c2cb2cee5a2b584dfd9e8261c4d28406432eaa30c257375bf8091942,reconstruction-candidate,0,0
source_reconstruction/options_system/draw.cpp,d5524509fe9d710d7e5e524483be91657a207acb5e7f1a883df4669d41963bab,reconstruction-candidate,1,0
source_reconstruction/options_system/lifecycle.cpp,55daa1f65a88d0bc12d5abe008516b611a544d89b52f59f019114387eab52867,reconstruction-candidate,21,0
source_reconstruction/options_system/options.hpp,fe06edd5d24ddb647364f6203aa533492863f84d3b82b23f08d270fede47e52f,reconstruction-candidate,1,0
source_reconstruction/options_system/oracle/compare.cpp,f7e25659278fb3bcc747b05c4e0bb5a8f79ae4e1fde031f0aaec69a10b3a7493,test-or-oracle,26,2
source_reconstruction/options_system/record_menu_evidence.py,46db1baaf4080c0779a77a2ffed763f09a4c9dc60d7cfdb0f21d81ba82234740,tool-or-support,2,0
source_reconstruction/options_system/update.cpp,1a816a680f395b0d17c042a706c0acbf5626831cdeb60bf2a49fe0babdd1d2a7,reconstruction-candidate,5,0
source_reconstruction/options_system/volume.cpp,d866afbad0f16ccbb1c4611292928327645d9d914d0c04daac3ced3065528e46,reconstruction-candidate,1,0
source_reconstruction/overlay_system/bar_weapon.cpp,959f1fe4ee350d4c32be843ad079d8e3142001bc459044b6014369d043be4ea1,reconstruction-candidate,9,2
source_reconstruction/overlay_system/bar_weapon.hpp,22a3e3361241f07352ef1f1291707833d5ce374819654561148e923cc421085b,reconstruction-candidate,1,0
source_reconstruction/overlay_system/basic_weapons.cpp,37b921a42f49588bcb0f82f3c278bfbd9ad728236eb8c8bc6fbf3bf1915a5c2a,reconstruction-candidate,10,6
source_reconstruction/overlay_system/basic_weapons.hpp,bb57657fc92cc64695e540318a7cd0510bf80c392c70c4da348844f61de52ab2,reconstruction-candidate,4,0
source_reconstruction/overlay_system/cloud_weapon.cpp,f36dab8c21b879bd79f038c99aa3854de50b4ca43a8700809cc00ba98b9e781f,reconstruction-candidate,12,2
source_reconstruction/overlay_system/cloud_weapon.hpp,f07a196563038c7dcc28fa853971c6e307d2e6a38d6210ed7310d0856cc4c15e,reconstruction-candidate,2,0
source_reconstruction/overlay_system/entry_adapter.cpp,73ca53653d2c0dd0f972c548907386dd82a1d67dc115a77a3a61930e60b6865a,reconstruction-candidate,10,0
source_reconstruction/overlay_system/environment.cpp,fe82cb8d1cdd319dd7b49df43d6c33db5a22a179057dfb8ed31d90ba36bfd98c,reconstruction-candidate,45,0
source_reconstruction/overlay_system/environment.hpp,4e0a53750d58541c8f9a2c6df80341bfd858cb1de919a281f053ab4a3e5c7fea,reconstruction-candidate,1,0
source_reconstruction/overlay_system/factory.cpp,5348e363953fe8ba0de7059ebcb4f9ccfa64462bb5cc03703e1bd9e218929268,reconstruction-candidate,3,0
source_reconstruction/overlay_system/frame.cpp,7d2fb94996b273d9deba97d0ae35eb3eb8db8fe8c6258a5b02ed364d43ee1939,reconstruction-candidate,4,0
source_reconstruction/overlay_system/frame.hpp,079361f9581beaa022a6f2ba9db4a14e488b445f455a726116f86b7edc2d668a,reconstruction-candidate,1,0
source_reconstruction/overlay_system/inspect_tables.py,3513c22d72ed5aadb35b2d94341cd5a4148f93cabdd6c5a0c2f4778864e6dafa,tool-or-support,1,0
source_reconstruction/overlay_system/lifecycle.cpp,1cc7495c2e4a6b3a34748ccc34c355107b147103d6eb442017ab5cafcdf73e3b,reconstruction-candidate,12,0
source_reconstruction/overlay_system/oracle/additional_cases.inc,4bd60787e530bf46094b061134ed8e616400f61efb1b6ee0b38505f259fac379,test-or-oracle,1,0
source_reconstruction/overlay_system/oracle/additional_fixture.hpp,9327fecddea15d61b7e993cffe74c813b43b69567f7ec6336ae4873832953904,test-or-oracle,19,1
source_reconstruction/overlay_system/oracle/bar_cases.inc,bb5b6620a6c2670e5e61d0f8f8b96db07989b9068ae576921936f87c150140c4,test-or-oracle,0,0
source_reconstruction/overlay_system/oracle/cloud_cases.inc,553a4e0fef3123f345415e229d954314d78c82edb064f25e4e125f2950525f87,test-or-oracle,0,0
source_reconstruction/overlay_system/oracle/compare.cpp,e21f9b56ed2046cca084f403bc07e209866ff9def051b1785258d75200287d41,test-or-oracle,15,3
source_reconstruction/overlay_system/oracle/frame_cases.inc,28532ee037c119a3729b60877acf0653696ac65f526efbfd20294d20fe2cc5b0,test-or-oracle,0,0
source_reconstruction/overlay_system/oracle/frame_fixture.hpp,6a72fe671e3d6f78c849f50625dd933e10710c4dff34e2f72410cb6c3a592b60,test-or-oracle,83,8
source_reconstruction/overlay_system/oracle/ring_cases.inc,da66f02f1fa2bbca2531717b20186e83dbcccb9c6200612d460b1374b4ca155d,test-or-oracle,0,0
source_reconstruction/overlay_system/oracle/shield_cases.inc,8bdb47e8d93d6818d1adec9a73753896cd742adcb4c0b31e5711124b605f173c,test-or-oracle,0,0
source_reconstruction/overlay_system/oracle/yellow_cases.inc,129eff90994aaa869445aa42e694b1e4871b03a1c99ed161c5a9b0d2a8dd733d,test-or-oracle,8,0
source_reconstruction/overlay_system/overlay.hpp,7c3f30653dcedc87d768fd355f200bb3125f450f174536ea86b0405b02d71e1a,reconstruction-candidate,0,0
source_reconstruction/overlay_system/owner.cpp,86af23e7f38248b32d01279efc16fe6fe802582c2d1a0e172c56d6556a6e4e8d,reconstruction-candidate,14,0
source_reconstruction/overlay_system/queries.cpp,075cd29c020fdd1ed21fd6fdc9825d724bd7b3adc4edeadac9eebd62d93dd89c,reconstruction-candidate,6,0
source_reconstruction/overlay_system/record_evidence.py,b3483c0b95c1c16a899396481963f03ba1ea5db825031e2de0e0521b9abf4961,tool-or-support,1,0
source_reconstruction/overlay_system/ring_weapon.cpp,aa3f19cbc51ba6bf84aabf4ca7336af306dd398c0e8c3daebc998e6b1cad8be9,reconstruction-candidate,14,2
source_reconstruction/overlay_system/ring_weapon.hpp,0384e0d29e5880488ca0df8214a037ef2334e4abdfdaffe7acb86a876741e532,reconstruction-candidate,1,0
source_reconstruction/overlay_system/shield_weapon.cpp,0a65b98a9da556089f4f5d240081b9b4705bfa88ca37abe230815e613c986e67,reconstruction-candidate,19,2
source_reconstruction/overlay_system/shield_weapon.hpp,48996d73b8e4350b519175841eaef13fa154b0944e6de414c2d5ba7a06c86ce2,reconstruction-candidate,3,0
source_reconstruction/overlay_system/visuals.cpp,c08168148e1918f8e0cab410c3ca7f89995d96395b028f644f2b1675673adf8f,reconstruction-candidate,5,0
source_reconstruction/overlay_system/weapon.cpp,d35b3544a846cadee477d59467a120e98d032d7309c5cf3023bdf87317154bfb,reconstruction-candidate,43,0
source_reconstruction/overlay_system/weapon.hpp,2bc09d176c2da2a5d7775088e3dd1275fa3b2b0ede583d58961bc95bc90586ba,reconstruction-candidate,1,0
source_reconstruction/overlay_system/weapon_cancellation.cpp,a1454c98755b6ec6f3ec994c74d4deb6f99fbd900b7b5d52c80ee690bf314b46,reconstruction-candidate,1,0
source_reconstruction/overlay_system/weapon_cancellation.hpp,05771f714fcdd0115c2c923aab3dc26528b6a7a60bbbe8fc503e9714c6c698f2,reconstruction-candidate,0,0
source_reconstruction/overlay_system/weapon_services.hpp,cc77c447cebe51e0806625534f36c35f6fb1b5379ae341c3f933874f31ae95f6,reconstruction-candidate,1,0
source_reconstruction/overlay_system/yellow_weapon.cpp,7976b4c0e08feadd890b7c6b2bf78e1c36fd5597eceda826215113aa2b233a60,reconstruction-candidate,24,2
source_reconstruction/overlay_system/yellow_weapon.hpp,a49f31befd99d95d1cd730adf40a9dad940dbb6b9a2ce2e253b26aee0f4f686d,reconstruction-candidate,2,0
source_reconstruction/pause_system/capture.cpp,6cf27640f83308e2281d223675095446985680528dc1c3e635b80216ac35295f,reconstruction-candidate,7,0
source_reconstruction/pause_system/capture.hpp,2e0eeb09b0bdfed8b29411bab7805745e6893ae4ee38f51a291af0f7f772d88b,reconstruction-candidate,0,0
source_reconstruction/pause_system/cursor_history.cpp,0468b8c5093b8cde9d9a037458152d86769587d6bc471adb770d02dbb70be210,reconstruction-candidate,6,0
source_reconstruction/pause_system/draw.cpp,52a67e4d52bf4debd407ed40fc4fe8b12e1d563b02f65279cd3f9852767b91d7,reconstruction-candidate,1,0
source_reconstruction/pause_system/draw.hpp,8a86d4d3ea5205bf5a9eaec06471e0fe343710acd015aa7b26c81f59c0b0b9c5,reconstruction-candidate,0,0
source_reconstruction/pause_system/draw_constants.hpp,f69d79790923a34924055519645d5a4dc1a93bf16567cae41d2d19ca6231f92a,reconstruction-candidate,0,0
source_reconstruction/pause_system/draw_cpu_cases.inc,ed248a43d9e321e1229f24806137a6066109cb9eef5fc15daee5431da2b0473d,test-or-oracle,1,0
source_reconstruction/pause_system/draw_entries.cpp,b63125be352e0cac6993ba21d07e9a7c3abdfe05a36dfd81cf3590c2ad24dfa3,reconstruction-candidate,5,0
source_reconstruction/pause_system/draw_ranking.cpp,62f105d755020c87fd10370435f3747aad0207cd43bda5a5d1996dbab4fa125a,reconstruction-candidate,1,0
source_reconstruction/pause_system/environment.cpp,7a4b14d22439c58d82c030649b86f41dd9d835e1a97d6924c3fd665250d1ad06,reconstruction-candidate,36,0
source_reconstruction/pause_system/lifecycle.cpp,b2d97d37310411d331719b75503fcfdf2490d0a5f37a9594dce6ea211cf66989,reconstruction-candidate,7,0
source_reconstruction/pause_system/menu.cpp,ea825a6c009aa1eab0634b111326822731cc9032c0001c3170949486a4d10405,reconstruction-candidate,10,0
source_reconstruction/pause_system/menu_queries.cpp,a0f8c07540a502cef42e5be7774a87a9a6048f5cc8afcf9d21dea7f9c3d3a7ba,reconstruction-candidate,3,0
source_reconstruction/pause_system/menu_support.hpp,d7fe9487aea8b31897580e0576d50e0070e668156c945e557a42d05fb50e8704,reconstruction-candidate,0,0
source_reconstruction/pause_system/oracle/compare.cpp,06a4f292a93d1f9b915c9e31dc41495111fc410c0b359db8d2eac2c1b686c707,test-or-oracle,67,4
source_reconstruction/pause_system/owner_adapter.cpp,aa42658b16cf0579b2aa5bcced38281c41a38bc245cc30528f17e662dd98f81e,reconstruction-candidate,1,0
source_reconstruction/pause_system/pause.hpp,4c42f00cc623e9ee8d64d8922382e0317d4a70ccd1562aa14e069d1c5cf37a42,reconstruction-candidate,1,0
source_reconstruction/pause_system/ranking.cpp,8521bd7ca2310b50c1a71b1f08463cb220713e9ee662f0156663c019d72f1f7b,reconstruction-candidate,5,0
source_reconstruction/pause_system/record_evidence.py,9d0a57728e3bf4ae0b6a606baf2cb4e0784f809dab67782e2d2ba25c4a2b2b46,tool-or-support,1,0
source_reconstruction/pause_system/recover_draw_constants.py,39df8d4e311cfd453cad77cb007261e21878ac9b413d82d517b386fc741aa53e,tool-or-support,4,0
source_reconstruction/pause_system/resume.cpp,f8d14df9828b087e305ac23d5201ff0b10c2924abd790058920192674d595361,reconstruction-candidate,5,0
source_reconstruction/pause_system/text_style.cpp,cfe5f370525ab62a843bf8d342f14710511e166bdb39905b3dabebcdd4fecfe0,reconstruction-candidate,1,0
source_reconstruction/pause_system/transitions.cpp,02b00ea14ed2d949473cf265d5a7a9d7fc1bb1c05a5bac36193d50e20f287124,reconstruction-candidate,13,0
source_reconstruction/platform_services/clock.cpp,52d57f32c467b642e167dafecdd371528e8b59cc61c9f49ba31efa5a279852a9,reconstruction-candidate,9,0
source_reconstruction/platform_services/clock.hpp,036d5d71a9fe721a20a02e670a528cf7f4573a2c9fa1877e7d0c24ce1800e4dd,reconstruction-candidate,0,0
source_reconstruction/platform_services/configuration.cpp,bcb8ab516a9691fc710c6b77f07c8601587263b01bc5ca18bcebb6abd4a8d263,reconstruction-candidate,6,0
source_reconstruction/platform_services/configuration.hpp,f9af91ea320ca96b157cdff6f981665734115135b0780f9c7eef5f819f918bd1,reconstruction-candidate,0,0
source_reconstruction/platform_services/cpu_compare.cpp,8c0a0ae78e84df52f1dbb684456ebb42fa6f8fbac6d1529f171d88a447ddcd62,test-or-oracle,10,2
source_reconstruction/platform_services/entry_adapter.cpp,bfc5acc1171204ab72b23261e45384cd7a469ddf458dc33ffe20c236f5bad7f1,reconstruction-candidate,5,0
source_reconstruction/platform_services/extract_evidence.py,5ff738ac1f6dabc3f74695f035ddcc6caca544dda3eab924774102a9327a84f8,tool-or-support,1,0
source_reconstruction/platform_services/services.cpp,b25e5c341b64229e27fab1acdb12e0a53b22f9709b5989cc8aeb078f4ace4def,reconstruction-candidate,11,0
source_reconstruction/platform_services/services.hpp,acdd97323dbf4d57e696b3341aeb4d2aa23cc88572331f27b34ff024e24337eb,reconstruction-candidate,0,0
source_reconstruction/platform_services/services_tests.cpp,5635fa865afb9880ea368ca53385bf0b592260f7c756e3f0abe5f9d1cddc046c,test-or-oracle,2,0
source_reconstruction/platform_services/text_constants.hpp,5836809e3ebe8c92b1ac6f0a15a88cf838c94c63be190c6b5fcea382acbbc85c,reconstruction-candidate,0,0
source_reconstruction/platform_window/audit_module.py,206ab5d46d6a34d9a8973f90d871bc99779aaf98ec4186b352b4098bde32b4de,tool-or-support,2,0
source_reconstruction/platform_window/cpu_compare.cpp,9f1c963d274e93176269945107cc509742af404dce80aaf395476da95fbf6f79,test-or-oracle,15,3
source_reconstruction/platform_window/data_constants.hpp,249c7b5d7597cf3e5952908415478c78aad2e6dda831bce486d32b82b57cb75c,reconstruction-candidate,0,0
source_reconstruction/platform_window/direct3d.cpp,b09ff54ee81fc10987952e3f201219fb1164e9b95914429c154ba52301eae8dd,reconstruction-candidate,7,0
source_reconstruction/platform_window/directx_math.cpp,7b24eca32773da69e2d789c604fc85d7436fd9505bc3ae44aab1db2e5699eaba,reconstruction-candidate,6,0
source_reconstruction/platform_window/directx_math.hpp,eaea7a1ec2f65bb983c39f2dac372aeb655e334cb3e4356f0d6e5c73dbeb3e1d,reconstruction-candidate,0,0
source_reconstruction/platform_window/draw_controls.cpp,6136be7199368b92922c1acc1a4eddbfd5da4fcf715a67e94ad837d0f5ed9eee,reconstruction-candidate,4,0
source_reconstruction/platform_window/extract_dialog_resources.py,5872a9e6c485d3e24b933252b221d0b7742a683b120a92ece379700723f7b6fc,tool-or-support,12,0
source_reconstruction/platform_window/extract_evidence.py,b4be54b500eb30505970e6ed722c389c7888ecbfd8a7c8a03984be4c1ccd9a2a,tool-or-support,4,0
source_reconstruction/platform_window/fonts.cpp,3e400126e4f258c9dc908040b8d14f266557c4eedbf2cede6ba5aa5c23c398b0,reconstruction-candidate,4,1
source_reconstruction/platform_window/fonts.hpp,3c70cb1dc75fff9875799fd9f9815d8d337ffbc84581dbb6941a98b1d242ee45,reconstruction-candidate,0,1
source_reconstruction/platform_window/frame_statistics.cpp,a647990336c22488b1a32ce93049ec0c23e4533f3753fddb30c7eda1eafa1edb,reconstruction-candidate,11,0
source_reconstruction/platform_window/frame_statistics.hpp,0c2cb9db56a63b861501f46d63d40f61d19cadab09aa65557ec002eb984806b2,reconstruction-candidate,0,0
source_reconstruction/platform_window/global_state.cpp,0ac690c3c26d832235a27892f1a1cc18edc6f68dab072cf672ccb57c9ac42471,reconstruction-candidate,9,0
source_reconstruction/platform_window/graphics_callbacks.cpp,45b663e37851b581f3d5b9c08611f25245b6fcaf63d5572530fd5106344a4e8c,reconstruction-candidate,25,0
source_reconstruction/platform_window/graphics_callbacks.hpp,98c20b310668d871af37ea75560bc6522e41086975ce2495ae7713412e864c89,reconstruction-candidate,0,0
source_reconstruction/platform_window/input_queries.cpp,4373bb5846e6f3d062ebbd8ad04be09969791f43108e48aaa2af6be5e286e1ff,reconstruction-candidate,2,0
source_reconstruction/platform_window/layout.cpp,2543f16ea83f16fb428926fe33e47c7f4fec59c5a86af58c968ccbc6f95524f8,reconstruction-candidate,7,0
source_reconstruction/platform_window/platform_window.hpp,33544be72c4b603bf89c2e7b9e48b6009aa25faf81d72aae02a9f8195786bc7b,reconstruction-candidate,0,2
source_reconstruction/platform_window/present.cpp,f66e5a8789e70cd3a6b26bdb35becd37069a5b59ec8d1f9e57c628a0c48fbc6b,reconstruction-candidate,18,0
source_reconstruction/platform_window/render_state.cpp,fe23fa764c7b3623d61c60dba7666062c877f3437bf41a25d1b5079d201c6bff,reconstruction-candidate,3,0
source_reconstruction/platform_window/render_surfaces.cpp,d3e3985e4a0faab6696e8b8a9582ff512674161b4b41f49de1b50bdf967d0d42,reconstruction-candidate,4,0
source_reconstruction/platform_window/scene_transitions.cpp,596a0e70840aede9a8639127b0485c392bea1f4bb7545a793f6b4fdbdb23020b,reconstruction-candidate,1,0
source_reconstruction/platform_window/select_viewport.cpp,feca2968652f40cba93763df7360bb7b4a89c78f7f637966b595b879070b6a40,reconstruction-candidate,5,0
source_reconstruction/platform_window/settings_dialog.cpp,3238f531e2d342d5967af04ba5ce72af528962f982725639217bf8cb46825d91,reconstruction-candidate,6,1
source_reconstruction/platform_window/shutdown.cpp,52659ad51a343465572d00036ac90169173e420f7eb625f0863061ebb2a0516a,reconstruction-candidate,2,0
source_reconstruction/platform_window/snapshot.cpp,d664eae3b806f1d5dbb0723b6eaf0276083002423770c973040b3b2a8a13e2c9,reconstruction-candidate,9,0
source_reconstruction/platform_window/surface_copy.cpp,9f63059d205bee549c658b0db3e09041770402fa5a3111ebc69f74f57fa5feda,reconstruction-candidate,3,0
source_reconstruction/platform_window/texture_edges_tests/compare.cpp,dd467c209da05bfce2afdf6bd5f497b1ed5d54d996a04f852e8b88b80b75481b,test-or-oracle,7,5
source_reconstruction/platform_window/texture_edges_tests/record_evidence.py,ab67e76d6d51560bea448cf2b409d474c81be1d2906fc7407976ba8c97c75e7e,tool-or-support,1,0
source_reconstruction/platform_window/viewports.cpp,f6ac8ea145bc0f806e239b2253bc86d2e3f0c772df174af090935bcabaef63e8,reconstruction-candidate,14,0
source_reconstruction/platform_window/window.cpp,1c4d6cac95f7f81fe8051752d30c9ac18147c5660213d6fe826d322ff084fb89,reconstruction-candidate,8,1
source_reconstruction/player_entity/collision.cpp,b52ca584c81cbcb13e789c73288279779373a88c7c486354045cb57494986c5d,reconstruction-candidate,18,0
source_reconstruction/player_entity/collision_adapter.cpp,5b92a6171484f4ac475468b8e9930eb6766a5ce1f6de6c04000850fce9c39c3d,reconstruction-candidate,5,0
source_reconstruction/player_entity/cpu_compare.cpp,1cb9deecbfad3b8f8ec330ae181d27c646f9c96e1fb89a11a077f668e093487d,test-or-oracle,45,2
source_reconstruction/player_entity/death_state.cpp,dadadb5294a9698b98d65282a090a538e8a5813b8add06fabede405752c6fcfe,reconstruction-candidate,9,0
source_reconstruction/player_entity/death_state.hpp,009a3be616e0c1e4b391d4ceada9d475f8324a37db15db8baef26ff045b80d70,reconstruction-candidate,1,0
source_reconstruction/player_entity/death_state_adapter.cpp,a83c5d77b9aaf3365f63c8c3d87450b77f02d9e779dce232a9e23fa2b04d6e16,reconstruction-candidate,8,0
source_reconstruction/player_entity/death_state_cpu_cases.inc,5fd48cf246fa204e9275babb79d17c2b5ba7d1a06e25b9f101f3c3736612a94b,test-or-oracle,16,0
source_reconstruction/player_entity/events.cpp,952f817a57aec45d0e19209bb0536e4b9746137cd0251c53ea68770414ea4ccb,reconstruction-candidate,6,0
source_reconstruction/player_entity/events.hpp,1e4493902e4a985583f73ed91fe04626aeca64caa816b8b16711264b36f0bd3b,reconstruction-candidate,3,0
source_reconstruction/player_entity/events_adapter.cpp,ae3e06218b527b3b641046195003989332cc5bac623592546c8b34c845099591,reconstruction-candidate,17,0
source_reconstruction/player_entity/firing.cpp,5d98ba31b1115148359b82600e1ec2057410c364133eed1b345e2d6b84f9956e,reconstruction-candidate,14,0
source_reconstruction/player_entity/firing.hpp,dc1f0754d2b98a6805e0b53495cf416079e921bed5088102abfcf9e50f6cdfff,reconstruction-candidate,2,0
source_reconstruction/player_entity/firing_adapter.cpp,87d27888283ad1ed894377cb50519aa35844d4325c826ff285b4eaccde96a11d,reconstruction-candidate,12,0
source_reconstruction/player_entity/firing_at_position.cpp,a14d8501bd94b79c15362e61a3028dd3c54c158d51fd35e0071505fba94478f9,reconstruction-candidate,1,0
source_reconstruction/player_entity/firing_at_position.hpp,ce472990bba42176b5d3043aa5faddc80eaaf1f5a7ca92e72da5b197895708bc,reconstruction-candidate,1,0
source_reconstruction/player_entity/firing_cpu_cases.inc,6a6f93490b33122237a3b15a5bc5bcbf3126880c106defa91c99f21e94117e0b,test-or-oracle,13,1
source_reconstruction/player_entity/firing_native_services_cpu_cases.inc,b1fc59b58bcb3e3e2301be4f3f939bd2948785216213fb65abe3ee558ccda26a,test-or-oracle,14,0
source_reconstruction/player_entity/frame.cpp,2048c39e2d96e5d33684446858eae3331cbf138a786db31436da14dabbeca57b,reconstruction-candidate,9,0
source_reconstruction/player_entity/frame.hpp,e280297009dd5cd66452c42a3bb7adf1608182600bc30d56a580ade06590abc6,reconstruction-candidate,1,0
source_reconstruction/player_entity/frame_adapter.cpp,2fba75b2fc3ef7e09e3c5581b5c2b8af80f15375a295ef5f5fff333b5325fa85,reconstruction-candidate,22,0
source_reconstruction/player_entity/frame_cpu_cases.inc,e5e7a87a5d400e308763be0c15b3e31a17afca334ad57b685906c608fe7b0ca3,test-or-oracle,52,14
source_reconstruction/player_entity/frame_helpers.cpp,8bb8b4feb96c83339a82d804c348651d7830c313b7716d913cf2332bc5a7e6c4,reconstruction-candidate,5,0
source_reconstruction/player_entity/frame_helpers.hpp,56a9df4139c31ec9033bf0e5e87c4ddda70f4433d45d1649dc11e1131f7fe107,reconstruction-candidate,1,0
source_reconstruction/player_entity/frame_helpers_adapter.cpp,1626377b93a1ad58a8f30250cb38ab274bb5a8fae1c95abc54be588f1a6afe1d,reconstruction-candidate,7,0
source_reconstruction/player_entity/frame_helpers_cpu_cases.inc,769b1fb18a02f51aeaf108210450948cad06a9feedfa36a8f70da0fc1b0c8f9b,test-or-oracle,5,0
source_reconstruction/player_entity/initialize.cpp,5fa65d5a69a39c4b2b3176609f49ced1d7392261120940beacdbabd4b4dcbfb7,reconstruction-candidate,11,0
source_reconstruction/player_entity/initialize.hpp,505d700ba897ccdc1dcfc19d9dbd157267a47b0ba248f0774f6e8f735501f8c6,reconstruction-candidate,1,0
source_reconstruction/player_entity/initialize_adapter.cpp,5e7767963f6c93bcfbdbb7414d009ff3bbcb1cd1def851129667496f29feb0a9,reconstruction-candidate,15,0
source_reconstruction/player_entity/initialize_cpu_cases.inc,c37752ec200e38ae5469bf3079d5d0b5978e37a4402c483afedb651aa96ef556,test-or-oracle,15,2
source_reconstruction/player_entity/movement.cpp,884578e5ff098f37e010c2d452129a5b40145b6311d412c4270423ec7e430cae,reconstruction-candidate,6,0
source_reconstruction/player_entity/movement.hpp,d0bcc3c2135d8ac742f9ed77187c99b97372bd9d4fffc10ada2d721993fe67df,reconstruction-candidate,1,0
source_reconstruction/player_entity/movement_adapter.cpp,e9739a79b95e4e4e577ec34af47b6e8375c8317247dfae23d4fd37d37209a76f,reconstruction-candidate,12,0
source_reconstruction/player_entity/movement_cpu_cases.inc,e625d1ff67e821cd62cac6017e0b5839d56c270a3e9fbbdfadd633946a0607f3,test-or-oracle,17,0
source_reconstruction/player_entity/option_frame.cpp,98a05ff0ab62c602f61946ed7cc06658f60682e9c4661de1259f71451d2bc6b6,reconstruction-candidate,4,0
source_reconstruction/player_entity/option_frame.hpp,0466b42de6d09bf0d58580ea92e0ff833496017610ff4e836f8e914c9bc63bba,reconstruction-candidate,1,0
source_reconstruction/player_entity/option_frame_adapter.cpp,841b546984075b19ee864a4e57aba2fcf91d07fccba56e61a794e29a35561266,reconstruction-candidate,5,0
source_reconstruction/player_entity/option_frame_cpu_cases.inc,0f730e979ef9664af2c6677859536739477742db1bfc1c636ae964e87acb05dd,test-or-oracle,19,3
source_reconstruction/player_entity/owner.cpp,6aac5290a0af4da04d7923bcca0041a99bcc0c4c045ba3342b253956fe8aad2e,reconstruction-candidate,4,0
source_reconstruction/player_entity/owner.hpp,7fda303de503c69c95ebb70e4681bcbcd42032180f12935fcc533cdb88bbffd9,reconstruction-candidate,1,0
source_reconstruction/player_entity/owner_adapter.cpp,25779fc8a3d67523092cbb43cadc71cfef576c6b038911e75e43d9c6b66ebb0d,reconstruction-candidate,8,0
source_reconstruction/player_entity/player.hpp,6e7034cfd0e93841cd46dcce8842e2d0e88781610a30569234e6bc466ad45b72,reconstruction-candidate,4,0
source_reconstruction/player_entity/power.cpp,230d2f8a41e5d6ab946dbc40c51d482cfa34a5c9528b6dfba5727e29211fbaad,reconstruction-candidate,14,0
source_reconstruction/player_entity/power.hpp,3ce273daad825ca3ffc698a404186bd6923b6481c139a61c2f26d4a15e9f9f0f,reconstruction-candidate,2,0
source_reconstruction/player_entity/power_adapter.cpp,5173bed3b725420eb60a0fbd70b39c50cef197a2c37ec81ae62a5c8729196d15,reconstruction-candidate,11,0
source_reconstruction/player_entity/shot_callbacks.cpp,3fe1b4c748a81927a85bff7360981d2b88391062ecc7424456a604536e384d3f,reconstruction-candidate,12,0
source_reconstruction/player_entity/shot_callbacks.hpp,9a513d7eb5dd7ae68d885bd5a4d2faa118ef87df3d22ed440ca8edc5883a8a41,reconstruction-candidate,1,0
source_reconstruction/player_entity/shot_callbacks_adapter.cpp,7c8dd58b403a43fd9f0e41a755eb2c23ab3655b40ff7b7ff6d3d5f4974501dcc,reconstruction-candidate,25,0
source_reconstruction/player_entity/shot_callbacks_cpu_cases.inc,4d32b08cca082ff14ea6b7e757904fbcdd6ec0ef428a7fc4f9413a75bced0edb,test-or-oracle,33,2
source_reconstruction/player_entity/shot_controller_frame.cpp,733db6c1708c8d4ab963ef69d2539ed77d24933f99a7d1c361b5ae4e25cfaa97,reconstruction-candidate,2,0
source_reconstruction/player_entity/shot_controller_frame.hpp,353cecf818a2a4ef4708214b1b7f7f747c7d9d1809c06040920a846d43024404,reconstruction-candidate,1,0
source_reconstruction/player_entity/shot_controller_frame_adapter.cpp,60dfb845689832d20713862d6a7523ec3262211d1996d2841b04aaa6505fa121,reconstruction-candidate,9,0
source_reconstruction/player_entity/shot_controller_frame_cpu_cases.inc,f0098f976a18d9a6c4cebe85e1c8176b6d904d911a62e55d1af990094426e5d5,test-or-oracle,10,2
source_reconstruction/player_entity/shot_data.cpp,479186c75be161e5ce1a6f500afd17a0a1d2cda42b29340f21ae5df82898acc6,reconstruction-candidate,1,0
source_reconstruction/player_entity/shot_data.hpp,97b26abaf10c0cbc38fad2d551b653631ccb01c02239e5078fcee6298378d7dc,reconstruction-candidate,0,0
source_reconstruction/player_entity/shot_data_adapter.cpp,7c05bcdcee7c2173c9865bea81d96e7a83407c0c46edad6cf122d5f7c7f42290,reconstruction-candidate,1,0
source_reconstruction/player_entity/shot_geometry.cpp,f3df3f4cbd54f3cbf05f7ba889198542fe84b0ca5f935577adca6a5e94234739,reconstruction-candidate,9,0
source_reconstruction/player_entity/shot_geometry.hpp,dd35f487158f32c0728257105631c2277df3e97a8b9f7568c66f48d87d8a825a,reconstruction-candidate,0,0
source_reconstruction/player_entity/shot_geometry_cpu_cases.inc,bb941cbaf608ba2dac007b5a2dfe5cbd8aedbf855ec3143890a3db2e12609647,test-or-oracle,0,0
source_reconstruction/player_entity/shot_hit.cpp,f65844a1215c0f4c39c04de268efefd131848fe01164e0166b3dbfb03d39a31d,reconstruction-candidate,10,0
source_reconstruction/player_entity/shot_hit.hpp,f34374922be4a49256f2fb07a51e094ce1cc866dfdbb6b072ab50056735a9944,reconstruction-candidate,1,0
source_reconstruction/player_entity/shot_hit_adapter.cpp,08e2da8e56f82a7216f946567915d55085ea5a4f47e7a1e3ad962d4ee279dcec,reconstruction-candidate,11,0
source_reconstruction/player_entity/shot_hit_cpu_cases.inc,e839b4906ebee53dd3d96a2bb047b3eefe3a0039871dffb32f58b9c7d71a63f5,test-or-oracle,9,0
source_reconstruction/player_entity/shot_hit_effect_cpu_cases.inc,8ddbad2b9c5f7588547963bed0a5e75a5a207aa33f460587b5059580b268724a,test-or-oracle,5,0
source_reconstruction/player_entity/shots.cpp,26aa8fa5f06b609fb790225318a3e257eeedf72afeced42bd261b268e3c1a379,reconstruction-candidate,2,0
source_reconstruction/player_entity/shots.hpp,2c2ce60b9f476120ba7487b6fe64dc9fa6ecfa64ecb70b27aca1d2fccf394cce,reconstruction-candidate,2,0
source_reconstruction/player_entity/shots_adapter.cpp,936f533dae48d70d1d7d91c067a5c0a933fd9644b4c1d1e3da9a96fbc5e59805,reconstruction-candidate,4,0
source_reconstruction/player_entity/stage_reset.cpp,13e0d68b8563b4af1294ccbd6d3ab98728d001d1330abcaf2f62fe74210031e5,reconstruction-candidate,5,0
source_reconstruction/player_entity/stage_reset.hpp,b49c94721abd93a447196d7d954d8a7b1f36377d93ac4b945359f9496b678e1c,reconstruction-candidate,1,0
source_reconstruction/player_entity/stage_reset_adapter.cpp,cead0737b40fd7b09e7e50515a389f946b9a1162b69c2bff5f14a87f062f7cdc,reconstruction-candidate,9,0
source_reconstruction/player_entity/stage_reset_cpu_cases.inc,06afcb969913de758733a52d65706f6b2b014d57783ffd6f10f4749a0460f37c,test-or-oracle,6,0
source_reconstruction/player_entity/state_layout.cpp,2b385d488d8572648ed4fe8e3fdd74034a2793cc85946398bd4611012c5e9fe5,reconstruction-candidate,4,0
source_reconstruction/player_entity/state_layout.hpp,067d3a719685b9d9980a2eb96a9dc91a45ba40bd2226e2903acb289e47f2b559,reconstruction-candidate,0,0
source_reconstruction/program_entry/audit_module.py,59939dfd25151f97236063aa54c89d7e08dac937672f63df197fde88c057d709,tool-or-support,2,0
source_reconstruction/program_entry/extract_evidence.py,6e1f0e75461fe8a78a5db92d7d935e82e27f7148aa86f94ead64cca0bc8e79b5,tool-or-support,6,0
source_reconstruction/program_entry/frame_schedulers.cpp,aaa3f2ae2c045666f3937dec82044d0dc966c7e0a2b3823cc09eb1a27b1b34c6,reconstruction-candidate,20,0
source_reconstruction/program_entry/program_entry.cpp,3785701377180fe38c18db5f11b375eb341cee8f63c0ec32fc8cc9c43e6a6351,reconstruction-candidate,5,2
source_reconstruction/program_entry/program_entry.hpp,87decc0fb3c2d0e6120304ed63a3776d055fe988cebe05a9aacf9921bb0434dd,reconstruction-candidate,0,1
source_reconstruction/program_entry/text_constants.hpp,9d72a64c0c201f11edd6bccfbbdd5b988fc3d649be06b9702ee403e6488111c2,reconstruction-candidate,0,0
source_reconstruction/program_entry/unrecovered_dependencies.hpp,64cef461fa363af6720a14f99f20673e69bd89a1f6654db415087c72c4c32ff8,reconstruction-candidate,0,0
source_reconstruction/program_entry/winmain.cpp,844c133430fd4f18824ea31fd70ddce8b415911db287f25614c6348266c9583d,reconstruction-candidate,1,1
source_reconstruction/progress_state/compression.cpp,1278fb3e62d9e9fd7ca0f2e302f8957f6c6cec3d9da0d602ac85b543aa139411,reconstruction-candidate,7,0
source_reconstruction/progress_state/compression.hpp,27a5624da5e787ffceb936547478b3f08f6b0540632d870ac2e0737f1f8292a7,reconstruction-candidate,2,0
source_reconstruction/progress_state/file_codec.cpp,72e08065de92f532d6988928991c5f1329eb8b015568a91438b6da3c81ba0d48,reconstruction-candidate,6,0
source_reconstruction/progress_state/file_codec.hpp,278b3d838d592c30d3a73b82a546f490a69577c8aa49272c5b9949d37b647e7b,reconstruction-candidate,0,0
source_reconstruction/progress_state/manager.cpp,e98819d9ad9c9897bcb519ab38e484d31359968d27192f511fb7c55490977308,reconstruction-candidate,22,1
source_reconstruction/progress_state/manager.hpp,ea3b95949321213c0b1c0a352432fabde27e60306bb0e932d592ec80852b816f,reconstruction-candidate,2,1
source_reconstruction/progress_state/menu_choices.cpp,010b7b7e54b13c5eb715792e42c2300f4cb319ec90c29cad18b62374b75568c8,reconstruction-candidate,6,0
source_reconstruction/progress_state/metadata_verify.cpp,1e9c0f39815143ca53ca474ad6e83a5189ba35d72c9c3ec127cf960eba37e0c6,reconstruction-candidate,1,0
source_reconstruction/progress_state/oracle/compare.cpp,7fd2476b54c0ec8ad05bb3c4900a29cc808e3049084c0f640128870f8388ec50,test-or-oracle,16,0
source_reconstruction/progress_state/oracle/completion_cases.inc,3dbe68074f9446396d05df6c61fd7a0e9c72cd027616bd6c6fb272d980c73938,test-or-oracle,1,0
source_reconstruction/progress_state/oracle/title_unlock_cases.inc,a39e0f7a5766ceb1abc2fe70bf32ec7b69f58743b385b1a0552acc5429e19a6e,test-or-oracle,0,0
source_reconstruction/progress_state/profile.hpp,4c1e1b00a77292ab2608967ec10b3f2d21fcdc93cd18c8c964df0040908dd3f5,reconstruction-candidate,0,0
source_reconstruction/progress_state/profile_access.cpp,cb751ab3415bae70a6c612b6c026bcf4bf9c3758e9e3c8234c2b961d6ee048c2,reconstruction-candidate,2,0
source_reconstruction/progress_state/record_evidence.py,812f298755c1faa194e08bdd1ad3de60ecb9e309ae87e2e19f64f382e449a668,tool-or-support,1,0
source_reconstruction/progress_state/records.cpp,93a4bc2d6368568bf91368a2d6a8b6d81af92b56ea08330e5a0f922cb57a9909,reconstruction-candidate,11,0
source_reconstruction/progress_state/records.hpp,f8676ebceba66d672631daf4b766208ecc878435c976c78ac8bc2c682b656a71,reconstruction-candidate,2,0
source_reconstruction/progress_state/spell_defaults.hpp,4469013538c2307fffa2a863297ccaa01ff6c94ec3a334d772b9f10dba3d6803,reconstruction-candidate,0,0
source_reconstruction/replay_system/activation.cpp,065505bfd315ea549b2afa5f4fa998718fc014ad2f8a5f3182dd4b971109bb7a,reconstruction-candidate,2,0
source_reconstruction/replay_system/controller.cpp,e0deccc30977235ebe6dcaba48c483c4cfca4ec98d7d64ba8773504e53eac3f8,reconstruction-candidate,1,0
source_reconstruction/replay_system/data_strings.hpp,3848fbba13a1c49a2c5453e8f7dde24892802e50a3817028120ccf18d5b9c2e2,reconstruction-candidate,0,0
source_reconstruction/replay_system/extract_strings.py,c2ee9851836e6f3f65be7695567c319604ffc5b7c760aac7023c5890b83c87e1,tool-or-support,4,0
source_reconstruction/replay_system/frame.cpp,bdb3df26a02c401dc8fbd36b3852914d8df7576c8b0ad8fb850ed28f8b3af406,reconstruction-candidate,8,0
source_reconstruction/replay_system/initialize.cpp,acf6416af38364571f84f4f6b4c1feeae22768056120827e9ac8b78ec8221631,reconstruction-candidate,7,0
source_reconstruction/replay_system/input.cpp,d56f86710fc10b54d86e69fa8edacc37be987ec5f615e652568ec59194d5591b,reconstruction-candidate,2,0
source_reconstruction/replay_system/input.hpp,11fe4a770520ef201f7b70abec85f343a7ee0a1e975d6604bb8ab93f2de1204b,reconstruction-candidate,0,0
source_reconstruction/replay_system/lifecycle.cpp,6a3d4ffefb0541fbbc54d825d022fc41417bdf39446df689f0817b100837efa7,reconstruction-candidate,10,0
source_reconstruction/replay_system/load.cpp,d7531d50c94648a1f9ba25ef01769617b9b9ce4dee9bd8ff5962e029e0d60c8c,reconstruction-candidate,1,0
source_reconstruction/replay_system/oracle/compare.cpp,e9ec4aa8087bfb5c10ea973df4e968969322cd91f361a3f5d02d9fbae7827777,test-or-oracle,4,0
source_reconstruction/replay_system/oracle/demo_verify.cpp,20eb79196cf8fa4511291e086dd0bc52e449cb5c894dbd6ab651ab8284ebfa91,test-or-oracle,1,0
source_reconstruction/replay_system/records.cpp,30938af4dd7103f486cdd6181be3be8f9d1f27cc4b10910ee1fe6ca3464385ef,reconstruction-candidate,12,0
source_reconstruction/replay_system/replay.hpp,cbb6c9901c2dbb1dd533542add951e3e4ac24b794cbbbfef2569cbb1ba627958,reconstruction-candidate,0,0
source_reconstruction/replay_system/save.cpp,1b93669be11a3ee5a7856581a154f26ecad87dee9dbf2b02a8ecebf1fcd2789c,reconstruction-candidate,12,0
source_reconstruction/replay_system/verify_demos.py,e552f7bee7d45f70d3ebc311c9537f10d9fb71ba7dbcfb3a4fe323b62cfabdb6,tool-or-support,2,0
source_reconstruction/runtime_core/callback_owner.hpp,22ace0c017ecce7632344de83e5a1a97cab1e3ef1f3bef0f8d613615990960d4,reconstruction-candidate,4,0
source_reconstruction/runtime_core/cpu_compare.cpp,dce2320663e21380a25a9a9ea6019beffad04f618b6193af22606082e3ddacb4,test-or-oracle,5,1
source_reconstruction/runtime_core/entry_adapter.cpp,1cb88e75083d42ee43b6d7b61b96bc7a275ebcf7fdc9dcee0d9ba20e04db160c,reconstruction-candidate,15,0
source_reconstruction/runtime_core/runtime_core.cpp,c48e39ddcbf088a11ee13db31f97a3d24290b3aa3d9ef24de2a575290bb43b60,reconstruction-candidate,20,0
source_reconstruction/runtime_core/runtime_core.hpp,b51b3684924232cab9acfa91966c202d94540afcdae6abbe0d22adf9bfe84ba9,reconstruction-candidate,8,0
source_reconstruction/runtime_core/runtime_tests.cpp,60d8b3a7df5e13027654a868c72f2e00bda6205dfef86873afa7ec223e70d7c5,test-or-oracle,6,0
source_reconstruction/runtime_core/worker.cpp,dd31126ed1ff9505e7a175bae802f2337f0df0f5335879a9f5d4dbaac83cafdf,reconstruction-candidate,4,0
source_reconstruction/runtime_core/worker.hpp,c9c9a176914b2ef301d16fa1f2b811e5df7e56e79d449a7efd8bc343bd638271,reconstruction-candidate,1,0
source_reconstruction/runtime_core/worker_cpu_cases.inc,3b3aceaceca0269e0bc5d04ee0b206dd9851f94644342835a2e8c598975c74e0,test-or-oracle,4,0
source_reconstruction/runtime_state/cpu_compare.cpp,a1b629cab7ff6e53a591e4ff8e2d85983a51c37fe99b42344ad3304be33eef31,test-or-oracle,5,0
source_reconstruction/runtime_state/motion.cpp,c76b75db382b2c4454d62d6a5cb1dd22833bd32e3af1e91db6c58247cad35a87,reconstruction-candidate,10,0
source_reconstruction/runtime_state/motion.hpp,4e51ed62e5bb8b47c12d2eff1ff266e44afdea7e709af4cf2b8257fcaafc63f9,reconstruction-candidate,0,0
source_reconstruction/runtime_state/motion_cpu_compare.cpp,13b51db597ca93bb8b2db313f8bd45fdb9c2d780b8256847cc64bd536e83f64d,test-or-oracle,3,0
source_reconstruction/runtime_state/state.cpp,6b1280d5771a8d6abbf648148f6cdb2704b0bb23c0149bca0d62b95c018b7f91,reconstruction-candidate,8,0
source_reconstruction/runtime_state/state.hpp,3e269ab0a5964cf4c04da3f326901839e400142a95e9ba00daf22dcebb671724,reconstruction-candidate,1,0
source_reconstruction/screen_effect/cpu_compare.cpp,19fcfead3dc131da9ffdc9be46f5b1af7fbac64fe60f928f3a8c36ccd4d18b08,test-or-oracle,13,7
source_reconstruction/screen_effect/draw.cpp,f2d62546c3c7e1f50b6a2f9ac88639fc748083f76c557b5c0e05146e1241a360,reconstruction-candidate,5,0
source_reconstruction/screen_effect/effect.hpp,5d9d8ef97be3ba6035dcef0bc484c775679370b7f4a1d15f3aa03705b008d771,reconstruction-candidate,0,0
source_reconstruction/screen_effect/environment.cpp,89a1b3e2363764005c6aef5fe25c2197637afb10987359d45265524b8a6ac31a,reconstruction-candidate,5,0
source_reconstruction/screen_effect/lifecycle.cpp,0e104b66a287ec41b25baabcf2bd62f8dcabd9427d1662af014aaafec7bfcd5a,reconstruction-candidate,7,0
source_reconstruction/screen_effect/update.cpp,ae6d073e828127ad8f4a7a8c076900f581758a8faed6652cc6bbdcf35459d4a0,reconstruction-candidate,13,0
source_reconstruction/small_score/entry_adapter.cpp,8b18c37a378f6abfb5e018b16b8fa3bf67e03cb107206c05c1100f3f46e1c9cd,reconstruction-candidate,2,0
source_reconstruction/small_score/environment.cpp,bd887a6186f4d8dcd4525cf90f9f2d566d5306ef5e5f91bf989b42314e85f29a,reconstruction-candidate,15,0
source_reconstruction/small_score/frame.cpp,582228ac8b75dd1ad5c8e124bebefabe87fe60069f1a37dd6cef31256e970b23,reconstruction-candidate,7,0
source_reconstruction/small_score/oracle/compare.cpp,685b76365e8861c52c01c9e881d9373b1cd80cc92d650cd3b5db26e07fe7c6e6,test-or-oracle,36,3
source_reconstruction/small_score/record_evidence.py,fc37da033a60031b4c5b98324fd35258633995e79dde99b0efb96c2f3940da9b,tool-or-support,1,0
source_reconstruction/small_score/score.hpp,f3ca5c91f3e121843218ae8e200c22877567e40dc118b469d4dd876fe861e17b,reconstruction-candidate,3,0
source_reconstruction/small_score/state.cpp,0a850d5b02addc8eea366c5fabdd27f7e6dd37f9604e3db195f91cfe749d6c98,reconstruction-candidate,10,0
source_reconstruction/special_state/core.cpp,0597508b305347cdf9e950796f8e5a17906783e3a41e330abdd8da05d75e5202,reconstruction-candidate,14,0
source_reconstruction/special_state/draw.cpp,0d5386eb1087932135b9bffb00af83ec8b8a9a56fe3e460d0d12659f9864aea6,reconstruction-candidate,2,0
source_reconstruction/special_state/entry_adapter.cpp,b08406cc3dc133c4dd73d25652c301e0fc9e9277ae0221764b0ced01db29d15a,reconstruction-candidate,4,0
source_reconstruction/special_state/environment.cpp,b5458f222954eaee00e3b3a18ef585e72153069ae5b627933d8cc1438cf3cf45,reconstruction-candidate,34,1
source_reconstruction/special_state/environment.hpp,cf08435b3a26981d4509d1ab34a75e1c45c93303add6c179678f8ae68c63efce,reconstruction-candidate,1,0
source_reconstruction/special_state/frame.cpp,d3d78e18cb5fc1d18b14f054d3da3f99f4768fdddeedf4d56cde7b1b29aa1a40,reconstruction-candidate,8,0
source_reconstruction/special_state/lifecycle.cpp,cbe55e6cd1071f9e594e88ad4623e6a8ad84b94af6f6c7de8ee649b30bcfc329,reconstruction-candidate,7,0
source_reconstruction/special_state/oracle/compare.cpp,2815bb586cb0854bb47475fe96545eeb834d92d66ab81b1e831a8d958cd0093d,test-or-oracle,7,1
source_reconstruction/special_state/oracle/frame_cases.inc,91536929490156e59ba79c3b4500e2670824905460647627101426d5926fb6d2,test-or-oracle,1,0
source_reconstruction/special_state/oracle/frame_fixture.hpp,851575d4807d080d1653f1c1d82969f30b872e1a1b65a289b82a7aa7c9ad4183,test-or-oracle,51,7
source_reconstruction/special_state/record_evidence.py,bd65978ce0e287f2e8c144493ebf6a80f3908257aa7f62d9ba6d7b6bfec3950c,tool-or-support,1,0
source_reconstruction/special_state/special.hpp,d3344add75237960af0b279c75e6f7c48da92de3a662318316524e8e7c36d7a4,reconstruction-candidate,1,0
source_reconstruction/sprite_renderer/animation.cpp,5344cd68c179add4bd9deea6e146896433693170841cd6ebbe88bb3ded5f063a,reconstruction-candidate,5,0
source_reconstruction/sprite_renderer/animation.hpp,910482cefa2da6a09296b5eb889984e9a55e74dba5d64ffb9462930e46b3a002,reconstruction-candidate,0,0
source_reconstruction/sprite_renderer/animation_file.cpp,a2666d012fd9ce955b3f19184ace11781a8f290504f54a18ddc6c1ad149c60a5,reconstruction-candidate,6,2
source_reconstruction/sprite_renderer/animation_file.hpp,5081cee485c770ab672d998c594fe36afed4e7bcf146d9b8dd46c6bcc767df97,reconstruction-candidate,0,0
source_reconstruction/sprite_renderer/anm_adapter.cpp,8c50f3a134e6d702e013bd313b16746201e9335b3dd078dbec477e1ed11cee94,reconstruction-candidate,18,0
source_reconstruction/sprite_renderer/anm_vm.cpp,ccc11276eec4792103be3041ba27eb89e9c8c997be7f0728d1e8c83aa118ab23,reconstruction-candidate,37,0
source_reconstruction/sprite_renderer/anm_vm.hpp,32731f3713d06cabb40a4234a9e0832f17f9f756ec0b818f455591c4d99bbd03,reconstruction-candidate,1,0
source_reconstruction/sprite_renderer/anm_vm_cpu_compare.cpp,fcd17059f512677d246602fb27292e11094e34049b9e0868a559976ca016eda3,test-or-oracle,35,0
source_reconstruction/sprite_renderer/anm_vm_evidence.py,252e2b8df46369228ca54d0f455ad81c4395445650e1d5de20ca20eea908f89b,tool-or-support,1,0
source_reconstruction/sprite_renderer/bind_dispatch.cpp,31ab2df30597168740fd0c172059424379ebbefcf281a522aa561d521e981f5b,reconstruction-candidate,1,0
source_reconstruction/sprite_renderer/binding.cpp,21c4a7323fb5794f40a4e4b75905354fc14a061be3acba640454d6372c6be0dc,reconstruction-candidate,15,0
source_reconstruction/sprite_renderer/binding.hpp,5f7f3e791c4e59f877ed8850afc5f43ade42c4b882ee0718822c2c71b31c0dc6,reconstruction-candidate,0,0
source_reconstruction/sprite_renderer/buffers.cpp,36e7a5d3f482689efc31f30a6d2d1abe3f6a4d2d952846cb01fa17398079b8b7,reconstruction-candidate,9,0
source_reconstruction/sprite_renderer/colored_draw.cpp,8b6b356dd2ba58a16f4dcb399afa0832f4a4f71c0f78996ff443039a867385c6,reconstruction-candidate,28,0
source_reconstruction/sprite_renderer/controller.cpp,e554efb1802ce6f0b3190901e5b3e9f329c7590c23f080fd52028921528415df,reconstruction-candidate,7,1
source_reconstruction/sprite_renderer/controller.hpp,09469d82754b362a867813561b627796f5435b341256b9a4987280a7b03d3f57,reconstruction-candidate,0,0
source_reconstruction/sprite_renderer/controller_adapter.cpp,cd3322253ca16abe7e41cbe3007bd1a5521cc45bf27445035d073aa205eaf819,reconstruction-candidate,2,0
source_reconstruction/sprite_renderer/controller_callbacks.inc,7f83770249eb28d7bc942bffe6b81dedb624dd67af45b35485fa7e327dc22713,reconstruction-candidate,0,51
source_reconstruction/sprite_renderer/controller_cpu_compare.cpp,b69f58933ba3e66798e0cb406e5a72f8a1a3aabe4dbd5da20d4d1c7f2a86d596,test-or-oracle,47,3
source_reconstruction/sprite_renderer/cpu_compare.cpp,bd464281ffc49046fc5f9f78b4764d2c3cfac199b1afc0d5fbf3b68bd28b796c,test-or-oracle,14,8
source_reconstruction/sprite_renderer/dispatch.cpp,fa2bc1d7dec5611540d223af646c192428979eaeef2329d0c9411bfccb87a644,reconstruction-candidate,5,0
source_reconstruction/sprite_renderer/dispatch.hpp,0f59951a955af89635f7ebc6d58cb3625f4697b9b45bbf68216c0faee8605bfb,reconstruction-candidate,0,0
source_reconstruction/sprite_renderer/draw.cpp,6f44c8346569daaa3e181f79d2af094e56b12eddee36cfd07052f1a879e7d0e4,reconstruction-candidate,4,0
source_reconstruction/sprite_renderer/draw.hpp,1a3cc03d42fd094617cad4976f1328a9a1b5491b1042108fc44e38273145c50a,reconstruction-candidate,0,0
source_reconstruction/sprite_renderer/entry_adapter.cpp,e953055bb9219a32600935bb662818777da3f772f3ed38c9b4960614ecc15c0c,reconstruction-candidate,5,0
source_reconstruction/sprite_renderer/file_lifecycle.cpp,75a1b43a8ba20b7d5b1e722b66ffcdc91a15949e6638ce04b6945b0ee690adf9,reconstruction-candidate,4,0
source_reconstruction/sprite_renderer/file_load.cpp,dede8356432d70b360f7b9d83855be34c995760991f2b2a2f573b1ea136f0e47,reconstruction-candidate,1,0
source_reconstruction/sprite_renderer/file_preload_tests.cpp,8d564b9f196db3dda0300b2b2b662c69eec2fa44ff69fc2c58f18faa79ec1186,test-or-oracle,5,0
source_reconstruction/sprite_renderer/file_tasks.cpp,6a41ee4e1c746a57648f8bc136d49a3e86ff58dd377c9f497bbb76ba816a7b37,reconstruction-candidate,1,0
source_reconstruction/sprite_renderer/file_tasks.hpp,65240e7981668b6369ae5804c61bbf2863decd11e32aae216157e4eb20d94294,reconstruction-candidate,0,0
source_reconstruction/sprite_renderer/file_text.hpp,b681ec5cb3ddd1aff629a4d77e48b3c9cd3c85753544545ec511643eb49a7521,reconstruction-candidate,0,0
source_reconstruction/sprite_renderer/file_timing.cpp,e880ee27ace68c8ea5e0ff10527df5bb8aa3c22b548f98a9a35c69448560859c,reconstruction-candidate,3,0
source_reconstruction/sprite_renderer/file_unload.cpp,253acb1931ed08d5b52af0b1d09de113063218afd048b0f66f48a58dcc0e0caa,reconstruction-candidate,1,0
source_reconstruction/sprite_renderer/geometry_draw.cpp,68965aeaa37ec44e079513cd6925c7a56fccb4ba3cae2011679396dc294f0803,reconstruction-candidate,9,0
source_reconstruction/sprite_renderer/loading_interrupt.cpp,5dc262407beef657c7fa1e51c8fc7919dc94a635a8862dd5be8b3313d7a8024e,reconstruction-candidate,2,0
source_reconstruction/sprite_renderer/loading_interrupt.hpp,b56ebd949dbde0e29d1b87a2d6ca83b36cfdf3dafdc8e76e67e4c55bb3836b05,reconstruction-candidate,0,0
source_reconstruction/sprite_renderer/loading_interrupt_cpu_cases.inc,c0beec46d022ee36759399ec4836d9846dc64e12420419dc8ae99648a528ccf1,test-or-oracle,4,0
source_reconstruction/sprite_renderer/menu_animation.cpp,eb2971311b0be16a9ac5825c68fe793f1f8a368b59730a6c64365abb177868c9,reconstruction-candidate,5,0
source_reconstruction/sprite_renderer/menu_animation.hpp,9785858803c53639f1ea88a3d569a5c58f5d29fb957b3930428769d4842dd387,reconstruction-candidate,0,0
source_reconstruction/sprite_renderer/mesh_platform.cpp,a008cb4a81d0d9c1bfdb6e782ed6ee9174c02606bee3ae3f41c40e32dfce7232,reconstruction-candidate,7,0
source_reconstruction/sprite_renderer/named_spawn.cpp,c41a41f9e210294486f6622be0585353e0cc886eaad977ba4c27640e7e5cefd9,reconstruction-candidate,2,0
source_reconstruction/sprite_renderer/named_spawn.hpp,4f1f115a0dedf04075916c3843265d461148e112d6f59f5051b257edf7a0dde1,reconstruction-candidate,0,0
source_reconstruction/sprite_renderer/pool.cpp,1f30dbc6543812f0088648225c616a79be567c110ac31dcfbdbde3828879cb08,reconstruction-candidate,25,0
source_reconstruction/sprite_renderer/pool.hpp,ed906e6692a87504e61d54e5dfcc9ee2c82894b2db9e99c527ae08ef18456981,reconstruction-candidate,1,0
source_reconstruction/sprite_renderer/pool_cpu_compare.cpp,a72971d61b0c26fbd9395cf92936cc4eb89ca4c41483daae57277361ccaa4506,test-or-oracle,106,3
source_reconstruction/sprite_renderer/pool_platform.cpp,7170cb4c6fa3d38ca158ce88037c294a0b815f0faf052d287b0e95309b8ed2f9,reconstruction-candidate,22,0
source_reconstruction/sprite_renderer/pool_platform.hpp,15949cecc04d413c18e87b76d2a37b155a1eb43a5dc2ff1592108f1ad568eb97,reconstruction-candidate,0,0
source_reconstruction/sprite_renderer/pool_spawn.cpp,c27953c72e757e99606dbdbedcfe13d999c5184f8503e284adc56b9e4aab1564,reconstruction-candidate,4,0
source_reconstruction/sprite_renderer/postload_entry.cpp,8cdf607f014fc5e8e86a46d4c06a4bd56c8bb0c0dd092ea738a7993484666a4c,reconstruction-candidate,5,0
source_reconstruction/sprite_renderer/postload_file.cpp,413ad9984a7cda7ad98a5f5de389076a2ef8fd233d20d65806f8a02a01e1b853,reconstruction-candidate,1,0
source_reconstruction/sprite_renderer/projected_draw.cpp,400adae8c96f9725b8a9bb06961b01a6f5ff62c66a427e901eae0003621a4c36,reconstruction-candidate,20,0
source_reconstruction/sprite_renderer/projected_draw.hpp,4e0eaab5cd9fa1596667c6a15ccb8d85d341ea6132758e52ab80fddd63475e65,reconstruction-candidate,0,0
source_reconstruction/sprite_renderer/quad.cpp,d289679e56201b5751593728af8f39373f6f4b17bf84d2a9e34ee947d8d02af4,reconstruction-candidate,16,0
source_reconstruction/sprite_renderer/quad.hpp,12ce3663d20fea05844ab89978f813dc8ea58c26120f1c9622939a40247b9913,reconstruction-candidate,0,0
source_reconstruction/sprite_renderer/render_mesh.cpp,6c87c11e22405d7e50e17b3650d22b8d02f3a789905db147d7326a7a8f7c95b4,reconstruction-candidate,16,0
source_reconstruction/sprite_renderer/render_mesh.hpp,77f02cde632aa80f834e4d4838094c4ddf0f0453a67a9fa3719fb315911151ef,reconstruction-candidate,0,0
source_reconstruction/sprite_renderer/render_mesh_cpu_cases.inc,b6d4ced74a1b8aebbb2b32a4fddd5370de00e78e4d48c63dd75fd6ceef0d5280,test-or-oracle,0,0
source_reconstruction/sprite_renderer/render_state.cpp,a19cfcba9a44331c8867b7fb2c552847ca9188fa779d6d4eb55fe0e62942f751,reconstruction-candidate,6,0
source_reconstruction/sprite_renderer/render_state.hpp,ba81b59d68606553cfa3551dcf18221e1a8c7de6d578d6d6f8f3d65ca6c542d1,reconstruction-candidate,0,0
source_reconstruction/sprite_renderer/resource_platform.cpp,57c614f5c3c266973920ef1dbd4f99bc01c2166075a3f4865a09dd6f6ace2286,reconstruction-candidate,2,0
source_reconstruction/sprite_renderer/sprite.hpp,dd1fc730234fccf9ec8281e671113bbece0070960ea489d28b4ee4265685c920,reconstruction-candidate,0,0
source_reconstruction/sprite_renderer/texture_cpu_compare.cpp,6c7eaffd59692c85038b167b8c99c48b31a6da72f86ae820c7199f4bece58b22,test-or-oracle,9,0
source_reconstruction/sprite_renderer/texture_edges.cpp,abe76949531175b6c4a5d7869e30f26494721d2b3c7b28498c7d6d59511adcde,reconstruction-candidate,8,0
source_reconstruction/sprite_renderer/texture_edges.hpp,58f8a39c01d7adc13c9cc5f26e7ac58a85d107c94249454b1a9197ef54fe1811,reconstruction-candidate,0,0
source_reconstruction/sprite_renderer/texture_load.cpp,899be8666311f0af7c83ed48895c3f69edbcf537becc1338769e60e0703fe660,reconstruction-candidate,9,0
source_reconstruction/sprite_renderer/texture_load.hpp,f19e1f758d3d317ab918ecb41d127511def677a90397431a7586c3e02664bdd3,reconstruction-candidate,0,0
source_reconstruction/sprite_renderer/vertex_buffer.cpp,7aa3fe9feafd7339f257855bd08fd85736bd312fc1de172f3cf428fc9e045617,reconstruction-candidate,6,0
source_reconstruction/sprite_renderer/vertex_buffer.hpp,b2778cf24077fab29f00a07e37508045b4f81ff12f35bf1463bb7a1a058a052b,reconstruction-candidate,0,0
source_reconstruction/stage_background/background.hpp,cae8d3be98adf27be2bf27302d9f0837638b91bcfb60f060c2f70ca412601d49,reconstruction-candidate,0,0
source_reconstruction/stage_background/camera_motion.cpp,57d45ffbcd1da587dd6f4cc1bfa76ac72255f9b25f7ba5da77f095da7f84f256,reconstruction-candidate,6,0
source_reconstruction/stage_background/draw.cpp,4d378550bd2b7c0306c132afe62a9d1da1140cb1357c9f84819acd2530b23bde,reconstruction-candidate,5,0
source_reconstruction/stage_background/fog.cpp,ee8ed3c14de876d6b3dafecfef22445c0c0d50867ce0993038f6b3e1418cc012,reconstruction-candidate,8,0
source_reconstruction/stage_background/fog.hpp,e470a0f60f09a2535e51d0f91f1ca7e6592594b4aaf140c93242641091c705f0,reconstruction-candidate,0,0
source_reconstruction/stage_background/lifecycle.cpp,08e465dec2b218d32f65d57c5f2593701e5a350a2cdf1bbc23dd324e117629ca,reconstruction-candidate,11,0
source_reconstruction/stage_background/mesh_distortion.cpp,e4084ee2b4ec13de46232ad026ca994d7c4764caef9352df63c5427680cb8615,reconstruction-candidate,3,0
source_reconstruction/stage_background/object_draw.cpp,d93b5828e590e7e008720706928a101b9018809de69430da3937bcf73841ab0d,reconstruction-candidate,11,0
source_reconstruction/stage_background/object_draw.hpp,e7aee6d48e14621d3b4270709ec25ff2dc07bcb23c4cd4d1881d41255ac08021,reconstruction-candidate,0,0
source_reconstruction/stage_background/object_draw_cpu_cases.inc,62ea31ee8d481313e19b3228266d7a829f20ee84e52809e7546fecba827eeaa4,test-or-oracle,2,0
source_reconstruction/stage_background/object_projection.cpp,942aff12a75a4998d375e48a54391e8cb15ef2dd9f29d04cc42ec7233c0d5b04,reconstruction-candidate,8,0
source_reconstruction/stage_background/object_projection_cpu_cases.inc,b3fb8c4e582f4bc0a15c6814c3094d2565680039f41ad602b921af6a8836774b,test-or-oracle,1,0
source_reconstruction/stage_background/state.cpp,5b8b7b388da100c86d7acd5eb9bf28384582c21cd15fc1622af364e3fe75826b,reconstruction-candidate,3,0
source_reconstruction/stage_background/state_cpu_compare.cpp,d3c94c64af4bc3f2059cfb8db1b95fd1a8c6e2bdbca058849ac581907eec2f2c,test-or-oracle,4,0
source_reconstruction/stage_background/update.cpp,52857086867313052fb8322eae7d21a4c6f49e25313a2a903eebf4acb8d22423,reconstruction-candidate,3,0
source_reconstruction/stage_background/update.hpp,7a80be38f31534c7b801f66651b398c542b5c723c284c37eaad7c5bdc0d5b96f,reconstruction-candidate,0,0
source_reconstruction/stage_background/vm.cpp,1a456abf04121da0fe352560c47eaa272f1865c87b60ca58b5782236eacdda5b,reconstruction-candidate,9,0
source_reconstruction/stage_background/vm.hpp,0e2caae5492e3f7d8ea6117214668c0cff658aa96c3c1e8ffd845248a6c37ad3,reconstruction-candidate,0,0
source_reconstruction/stage_background/vm_adapter.cpp,084f2defed603e104e319160b5c3ba8f0df083f5d49f0080316a108cec63e110,reconstruction-candidate,7,0
source_reconstruction/stage_background/vm_cpu_compare.cpp,8ac14c75f2896702064d209a7898a24dade37121833bb7be9bd5f22a840242e8,test-or-oracle,37,1
source_reconstruction/stage_background/vm_pool_cpu_cases.inc,1eb422a1ac63cacc89b8920fe6c89421e114e0f8f96226827d7ae9acf4283660,test-or-oracle,3,0
source_reconstruction/stage_clear/bonus.cpp,519b483bbe1c61a29a5fa66e5e06d91970e5907bb8ca65b85630c8207de9a7e7,reconstruction-candidate,4,0
source_reconstruction/stage_clear/data_constants.hpp,30a6d1113158f8b108df72335cea339e6eb35f7c4ea27d52fb7dfb980af585ed,reconstruction-candidate,0,0
source_reconstruction/stage_clear/draw.cpp,b23402294bbe03f805913038dc768574baa613204d8e8d5d18f6d6f97a364e37,reconstruction-candidate,2,0
source_reconstruction/stage_clear/draw_cpu_cases.inc,d411c6661d3fe7ba6a834db31aadda0f9084e48bc8642873c89f183c1f73d99a,test-or-oracle,0,0
source_reconstruction/stage_clear/extract_constants.py,cf93e562e1d1c8af5a0e99729235b328f455d4749281bc9818da14bc515f39bf,tool-or-support,2,0
source_reconstruction/stage_clear/lifecycle.cpp,e1496d4a6cd0ce8e0ee68a27327167ade6e5885d33c5329649ce7924364d78fa,reconstruction-candidate,8,0
source_reconstruction/stage_clear/pool_cpu_cases.inc,e88488dc6e6bde8a672e123683607feda0f7215ab85ecd2f278e8c220dc5d65d,test-or-oracle,0,0
source_reconstruction/stage_clear/stage_clear.hpp,178fa74b0b112f18b4bcb3d5e2b0deaf4e74f70a4ed16ac09421ad5a91e4bcda,reconstruction-candidate,0,0
source_reconstruction/stage_clear/update.cpp,1f51828e81a9522d8742a6dd6be523e407423d950e7feea829c362e73ebfceb4,reconstruction-candidate,1,0
source_reconstruction/stage_completion/completion.cpp,ae0a2790a28a21b4bc2f7a5b0df422ea1562276b4fdf0526c27da72e8e3bb9d4,reconstruction-candidate,13,0
source_reconstruction/stage_completion/completion.hpp,7cb5cbb878028b449945cc885e617c66207d0980a28b7e0c864a58a4564b5050,reconstruction-candidate,2,0
source_reconstruction/stage_completion/dependencies.hpp,3acbc0992688adc22c55343830ee85163be5672ea439f8422e85ae6d265ce030,reconstruction-candidate,0,0
source_reconstruction/stage_completion/environment.cpp,2989e07512d366c29c00599b1b0a4cc73421657b345c441ddcbe74c58c4e9c97,reconstruction-candidate,21,0
source_reconstruction/stage_completion/oracle/compare.cpp,d3ea0b711e3eb49909e7d771f07cb15cb731ba388b311c9db8fbabc92994133f,test-or-oracle,39,3
source_reconstruction/stage_completion/playtime.cpp,21addac6a2a48e5ba1d981b9526c955a1d0cc32181984f2af0e7d8a52898ddb0,reconstruction-candidate,1,0
source_reconstruction/stage_completion/playtime.hpp,a4cd615a0bc213361d97d44450b82f2131d367b1a09451fe40d439db484302e8,reconstruction-candidate,0,0
source_reconstruction/stage_completion/progress.cpp,55105bb56227402276155998c33a039e5847efdfaf918d6d0dc27b0ea1efb7b0,reconstruction-candidate,4,0
source_reconstruction/stage_completion/progress.hpp,277b8b8e79de52dd14e830efcedd3c9165bdd18beb0e073d6803d6bfeae1f99b,reconstruction-candidate,0,0
source_reconstruction/stage_completion/record_evidence.py,5ca3ca0303d3ffca03ddfaed8ad483d3db51260aa6304a09ae8ac19cabd67da0,tool-or-support,1,0
source_reconstruction/stage_completion/replay_access.cpp,4adc9669d7864e84eec83ed583862036fbef01b5d9f5586f0a5c35b4e87c7b2f,reconstruction-candidate,7,0
source_reconstruction/stage_completion/replay_access.hpp,10bf10dc5c20e5d4fe43ec964fece8d60202a9c2645f4447cbdad45f007b1909,reconstruction-candidate,0,0
source_reconstruction/startup_scene/data_constants.hpp,b6c7b18282fc49d8d7ba58b9f57e3bee446c11163a48da7df9b0b97f719c7ab9,reconstruction-candidate,0,0
source_reconstruction/startup_scene/extract_evidence.py,e525d8c10503a7a32ef262d46b0d48eb0249673f60cf5178e04848bac7be5fd7,tool-or-support,3,0
source_reconstruction/startup_scene/named_spawn_tests/compare.cpp,6609fe4c49cc99319f2acbf1d5ab0816a2cb3cfe05005af7745f272521b78d55,test-or-oracle,26,0
source_reconstruction/startup_scene/record_evidence.py,8728f3b1699bb5414e3cdfb79a1519a284a3654435e2a956827481de0022ece2,tool-or-support,1,0
source_reconstruction/startup_scene/shared_effects.cpp,b699740b171924e1f034f76615b6b26dd2eaf0975d980c3899d02accc5bda182,reconstruction-candidate,3,0
source_reconstruction/startup_scene/startup.cpp,55bb4dc17e780b3ca762287c3cffcad12fe2758244282dfd9e63d495b7cbe69a,reconstruction-candidate,16,0
source_reconstruction/startup_scene/startup.hpp,3b35e25588f420cb9ea482132556573f56a36e2bff387bf0e74cfc0222dd78e8,reconstruction-candidate,0,0
source_reconstruction/stone_menu/cursor.cpp,df27f6abd70585089f8eec9ffebae73a50af341c78397bfbc8609fd8e2830180,reconstruction-candidate,6,0
source_reconstruction/stone_menu/cursor.hpp,23f40163737cb5f1955a6a0f0479803d7f8d9549dbb540fed06bd9e4380f2db1,reconstruction-candidate,4,0
source_reconstruction/stone_menu/draw.cpp,528faac517c8db308aec2f781cbdc63a9fe182b0c639730f7e1cd89bc5eaadbf,reconstruction-candidate,4,0
source_reconstruction/stone_menu/draw.hpp,d9118145de8e73f735fd6d72e0c519b09406bf259efa125b8b680399c394547a,reconstruction-candidate,1,0
source_reconstruction/stone_menu/draw_environment.cpp,79c77d99a85d14366e79024d6a0fb33e4ca7689aefd580b351720ca4a40de1fe,reconstruction-candidate,15,0
source_reconstruction/stone_menu/entry_adapter.cpp,2554fc6491b6dd84a09f690d1d6204989f0beb86ae363f721bc0d7ef9c397a9c,reconstruction-candidate,3,0
source_reconstruction/stone_menu/environment.cpp,378729ff4e0a5a751d6506ce414cffd57c970e34e8fb83e9b0f2d9e994e5cdee,reconstruction-candidate,8,0
source_reconstruction/stone_menu/lifecycle.cpp,9b4ec9c486c5737a810f7c2db79cf6261b3117d4b5cdec54ca054e37ceac7a04,reconstruction-candidate,10,0
source_reconstruction/stone_menu/names.inc,fce565474cfeae5f41eaa3498ad4f9b4319b06aa9b9e0eb57be51a368e457f8f,reconstruction-candidate,0,1
source_reconstruction/stone_menu/oracle/compare.cpp,d6ad1e5b140f621ad5d787270d6e93e7e6507fcc7d0a9605b118c44c6e29245b,test-or-oracle,60,6
source_reconstruction/stone_menu/oracle/update_cases.inc,7d3978ce827dd9684172d0338a28260019bf6b1d6c6100a92aeda53960059dd3,test-or-oracle,0,0
source_reconstruction/stone_menu/oracle/update_fixture.hpp,b59add66b789aff5716adac7e03b2209c48be0eebb4fc45df08496e7e8376f22,test-or-oracle,36,5
source_reconstruction/stone_menu/record_evidence.py,d474fb53faa3355102dcf230e856609842730a7d08f710f01afc35e8a57dc4d9,tool-or-support,1,0
source_reconstruction/stone_menu/state.cpp,3659c6630bf31c779627b72b78628f97d8d7897785bf0218f1be31ff70ae655d,reconstruction-candidate,3,0
source_reconstruction/stone_menu/stone.hpp,ba6bb7c67fa527f6a1a38c2c1fa922988b044a60178addaa12b92a890605082d,reconstruction-candidate,1,0
source_reconstruction/stone_menu/text.cpp,0c09a5fddb63e8c818eb2e0a69f557b04a7aaa8a6cfb562dc844d33904a89459,reconstruction-candidate,3,0
source_reconstruction/stone_menu/update.cpp,4e135e7f79415d724a28d6969cd53ede039f471c1fb0f9890de9fd2a8ac3ebdb,reconstruction-candidate,17,0
source_reconstruction/stone_menu/update.hpp,a49095b96bcd9930fc441c16d661baa54766638b5fad781d8e1337592ef9c847,reconstruction-candidate,1,0
source_reconstruction/stone_menu/update_environment.cpp,d76838e9d18db2ab24bc51910afdd998f48f237418a85aa8251da3f6fcfdf775,reconstruction-candidate,20,0
source_reconstruction/text_renderer/ascii.cpp,a77508d86d454c832761651950506f82786e860f6063c6b74f19fbca79312e2a,reconstruction-candidate,9,0
source_reconstruction/text_renderer/bitmap.cpp,26f434c86ec3e357494c91df635c3906bad1d5c19355d0ede61f6593c71a2acf,reconstruction-candidate,10,0
source_reconstruction/text_renderer/bitmap.hpp,3ea946af3a838a40493995b0ef060ebabd2f9daa6f6a0b8d2245fa5256e17cd0,reconstruction-candidate,0,0
source_reconstruction/text_renderer/centered.cpp,705fffc9e0bd26ec53cc2ff05e5fe67792e238f3c1ca7506637089dd4c810e63,reconstruction-candidate,2,0
source_reconstruction/text_renderer/centered.hpp,2f1e27377f0feded58e76efa910bab7141b0acf45a2ebb45a7cb853ff4f14018,reconstruction-candidate,0,0
source_reconstruction/text_renderer/centered_constants.hpp,db9b1b515aa17e93709d672a27df275fb774a20aaae891ce360569ccf698dbce,reconstruction-candidate,0,0
source_reconstruction/text_renderer/deferred_queue.cpp,52565771582ed8e355b93ec4621c94a379317830a5e0d72cec118cf7adee0ffc,reconstruction-candidate,2,0
source_reconstruction/text_renderer/deferred_queue.hpp,a500ff8225815cebc6f0fd7e2158ff92edd792b736c9e06d2085de0b40873b8a,reconstruction-candidate,0,0
source_reconstruction/text_renderer/dynamic.cpp,49066e25e99f432cea4135733279796cb475a9d562f09869aad69923a25d4b34,reconstruction-candidate,8,0
source_reconstruction/text_renderer/format.cpp,b634b70533d906b3bd19de0be32afc8f4dc09c1b35ba9cabe579db3d296bd794,reconstruction-candidate,15,0
source_reconstruction/text_renderer/fps.cpp,5c6c13f8bcd7c86bb08dcdf36d27e13bb1ddc0410dfc19ea351dee478c18761a,reconstruction-candidate,1,0
source_reconstruction/text_renderer/job_layout.cpp,dc0dfa57ef4a0e9d5bb93414dd3585a83a4d89f852784f74da57acc388050ad3,reconstruction-candidate,7,0
source_reconstruction/text_renderer/job_lifecycle.cpp,2b442a9c72599b4db56c60cd1b9ddb47d69b6b561d90d3241b9ec97c60411477,reconstruction-candidate,6,0
source_reconstruction/text_renderer/line_data.cpp,73883afd64e4f3c64853ee8c71564f530d4365c088dc4e8a138ce41af84741b9,reconstruction-candidate,3,0
source_reconstruction/text_renderer/menu_style.cpp,be9413cdd6ac87933c44c291b114b002bef3f41a867da57f573561860a25e7a2,reconstruction-candidate,1,0
source_reconstruction/text_renderer/menu_style.hpp,2ae32e34e3bc8131cc9baeaecfd1da5944ad4941150352212db6265ea8cc37e1,reconstruction-candidate,0,0
source_reconstruction/text_renderer/oracle/compare.cpp,ff91bb5d013531fe3ffd7cb8f475734d12d06655ae4a89754361f78358ddad71,test-or-oracle,17,4
source_reconstruction/text_renderer/oracle/menu_compare.inl,16611f8aab8dd4c03b62830b637fea6acab6b7d7f03dd5b1e06bddbb74441687,test-or-oracle,0,0
source_reconstruction/text_renderer/oracle/test_environment.hpp,4d8263379eea7af1501c1386cf4f0397ed5ab70f613f1203eb42aa933f1a9b0a,test-or-oracle,20,0
source_reconstruction/text_renderer/raster.cpp,710f20be64dffa6e8df5d3698a154aeb1182efcee6e8e55551b5d3b33325103c,reconstruction-candidate,6,0
source_reconstruction/text_renderer/raster.hpp,5533e19967714f6e3f6c432764fd15ce92bf86754be1234c0180fa6cc84729d1,reconstruction-candidate,0,0
source_reconstruction/text_renderer/text.cpp,a259942981d8e060d92254ba38a541f0def392de4487765eaf2a4cdc3b3b8101,reconstruction-candidate,20,0
source_reconstruction/text_renderer/text.hpp,0e9822eb4bae123d5d162cb3e9ad4d80f947694853f62e4630cb93b67302cdf8,reconstruction-candidate,2,0
source_reconstruction/title_system/animation.cpp,51b628a3252ba9c56a42019eb1e28b1fd0860badb047a2e619234e94aa372427,reconstruction-candidate,5,0
source_reconstruction/title_system/background.cpp,7131e31bad65185efe173ece4d6f4769c213a9d7d7dbd3b5c17a4c2a5f1f691c,reconstruction-candidate,3,0
source_reconstruction/title_system/background.hpp,0044d1fe804e96631dd786861aadbd0d628a8cf8aa75ee3d1902a941c1a6a950,reconstruction-candidate,0,0
source_reconstruction/title_system/background_math.cpp,1bf63cf1dce4287f17e40f38da8175b5f9c9596a1f5f4509f01915a7a09c58e4,reconstruction-candidate,2,0
source_reconstruction/title_system/character.cpp,765007ecf05a9b4faf8f8fec77c7740665076aeb31c0ee2f380debce9dc6625f,reconstruction-candidate,4,0
source_reconstruction/title_system/data.hpp,a2c5842b0c3825b61fc90221b943a9d864f389f9936b5bebc3dd32ae1a36f147,reconstruction-candidate,0,0
source_reconstruction/title_system/difficulty.cpp,b0561d69a29e5e983688160e9011b89831a487dd9e586d93198b30ec169f7acf,reconstruction-candidate,6,0
source_reconstruction/title_system/draw_main.cpp,d391029f641e8e31b028dcf2fb62a02c7aed145ff02dea689374c4f465e8b246,reconstruction-candidate,1,0
source_reconstruction/title_system/draw_oracle/compare.cpp,10696d6fc0571bc514173c74da531c29109b1033c92ff942ad1e45c1d9fcd503,test-or-oracle,13,1
source_reconstruction/title_system/extract_music_data.py,ef799511821984e629704ffacd11ea2764cb0d3e922a338cde3b859246b5d0fe,tool-or-support,1,0
source_reconstruction/title_system/extract_player_data_constants.py,92d6512b379045605fac8dc1e4d0d89df06ddc92d511b9dc507ef57495c4ee01,tool-or-support,2,0
source_reconstruction/title_system/extract_practice_data.py,64eb8c136f55002958e0e24d998e28e18335ffe3a50e367c0a35288d81735d15,tool-or-support,2,0
source_reconstruction/title_system/extract_replay_draw_data.py,3ab256100c91ea09db276585e65ab874f3854bf78371211654d1fd91d78e1456,tool-or-support,4,0
source_reconstruction/title_system/extract_stage_select_data.py,a648b733429bc631a0022b5b01a80ba01c9844b123eeaa710dc9475169d00d22,tool-or-support,1,0
source_reconstruction/title_system/extract_stones_data.py,fb30885135dfb5f663da33e23d61f0d669f00f12f091c5b51165d1b75ea2d32f,tool-or-support,1,0
source_reconstruction/title_system/frame.cpp,3cd1964f777554869f45a0688eafbc9f519d87a654e3752a548f52f4f50809f6,reconstruction-candidate,25,0
source_reconstruction/title_system/frame.hpp,824b75e0c689193224b07a14f0a84250253b06955ec23c846c08d50736ea9375,reconstruction-candidate,2,0
source_reconstruction/title_system/frame_core.cpp,cf291a84144203e6d240938f8f1058fe963ea7d6cbd1472242f64c2ac5163d4c,reconstruction-candidate,5,0
source_reconstruction/title_system/lifecycle.cpp,dfecd3f098c84d4426aee68656e68e4c272c99b6f72a7c8a6d842ab88b4ee473,reconstruction-candidate,19,0
source_reconstruction/title_system/lifecycle.hpp,0e1327cf8008f16eb74a1ed52c7162982ebe35041c41f320304aa7c1aeaf7580,reconstruction-candidate,1,0
source_reconstruction/title_system/lifecycle_core.cpp,3635adffa1f2ed7334475ad688c452d906eaa936353b5f35d71ae67711aef0c9,reconstruction-candidate,3,0
source_reconstruction/title_system/loadout.cpp,f8c38c34f21073e84f9fa14df54a002e944337906d51bd479374bbdd7bc3d88c,reconstruction-candidate,8,0
source_reconstruction/title_system/loadout.hpp,6810b7899f800f81330fdac413d99d82cf648645d3de0c062cf117ab243e885e,reconstruction-candidate,2,0
source_reconstruction/title_system/loadout_environment.cpp,ff141b709da3033b7bca26dbb3b5691ba94212efd0ff9f6a20e816f5c1a12168,reconstruction-candidate,10,0
source_reconstruction/title_system/main_environment.cpp,2c4ea8d4ebcb1759536a7409bde1b33f3bd22aac624ca14f1f31d01f4d78bb3b,reconstruction-candidate,17,0
source_reconstruction/title_system/main_menu.cpp,dfae2da0170803e327b12a0219f374288ae224d903c00b679fd8f66eca81e977,reconstruction-candidate,1,0
source_reconstruction/title_system/music.cpp,d1310f40a79f9786360814e14920284abe883250deaea612c5eded23aa18e9b7,reconstruction-candidate,3,0
source_reconstruction/title_system/music.hpp,061a3390fea40c0a42660aba500f286170cd4562cccdf4baceb30fad76a9b34d,reconstruction-candidate,1,0
source_reconstruction/title_system/music_data.hpp,5913c6995dca3eddfdbf72a82c790adc3ad105a6094bf014bdacb79a408ecd75,reconstruction-candidate,0,0
source_reconstruction/title_system/music_draw.cpp,9c643f41ea3bb59dbf41e47e41c2245a2c94385955df054f36dff29511197ee6,reconstruction-candidate,1,0
source_reconstruction/title_system/music_draw_cpu_cases.inc,1382436b27885a06fd4457ff6cda7402018bd3ee913052d634a13f0547fed3de,test-or-oracle,7,0
source_reconstruction/title_system/music_environment.cpp,e9bbb381fbcdf45c170a7c72f039e5a5d3b3420b97dcd45c343afb32e433eb92,reconstruction-candidate,15,0
source_reconstruction/title_system/music_parser.cpp,22af389a164c11ca23102840e1f341fe5bed86814aa93f63894840effa67870c,reconstruction-candidate,2,0
source_reconstruction/title_system/music_parser_cpu_compare.cpp,9258ee9070258c2aaea1d65df71b1cb1527f43788b4dfab4aad36495cde2c405,test-or-oracle,14,5
source_reconstruction/title_system/music_parser_oracle/run.ps1,068d4d72c788b6b7641ffaf8454aade8f7c0530bd0c09bcc933f1e9c1919ce13,tool-or-support,1,1
source_reconstruction/title_system/music_reader.cpp,52d22a8965bac3b5143a055087fb7cda72733216662b090eced1c0e6e4ab8f76,reconstruction-candidate,1,0
source_reconstruction/title_system/name_buffer.cpp,78fe7e97e3218c8fd754fab1d0f2b8f1866017d68424c77d468b52b3f856f19b,reconstruction-candidate,1,0
source_reconstruction/title_system/name_data.hpp,a388d6bc1f9437f0572c6d1e92d8a03aff2bd957e0ea6cc5718a7094ae3bb2b1,reconstruction-candidate,0,0
source_reconstruction/title_system/name_draw.cpp,2507f7dc094cb22230dad9d004c1cdb139cad59eeded15faf68d881f6a2f2391,reconstruction-candidate,2,0
source_reconstruction/title_system/name_draw.hpp,e5d36373f1bb8d577231f8c6b7614ccf15739364eb01940770bd66f76ed94d89,reconstruction-candidate,0,0
source_reconstruction/title_system/oracle/background_compare.inl,0b4339cedd0a76c91b3b299d3b0e45750f0f5d30ade1f10e55e1e7e4ee31cda0,test-or-oracle,1,0
source_reconstruction/title_system/oracle/compare.cpp,d8ae9248b85b6f9d540a0b567b6fe402a7c4b5b7b29ea2387858c0044f6457e2,test-or-oracle,41,2
source_reconstruction/title_system/oracle/frame_compare.inl,3bcb7e9e398999f8ce54cf0d63c03088fd130867e601c1f211ad277ba03d665f,test-or-oracle,45,19
source_reconstruction/title_system/oracle/lifecycle_compare.inl,1a4ac3a3968da5fb38d440a72a727282fe15525ec2677757ddf62baa72236844,test-or-oracle,27,11
source_reconstruction/title_system/oracle/lifecycle_fixture.hpp,34a24bdaba0657911687954ee25a19be4e214433abe0e51fb6f2670a8ab1b16e,test-or-oracle,1,0
source_reconstruction/title_system/oracle/loadout_compare.inl,ba933e160f31b6730334209d6f208eca4de889df6dd4e4fb3a0e698c02147696,test-or-oracle,17,8
source_reconstruction/title_system/oracle/music_compare.inl,5b9401e03790d396d894a50ff619b81c22f501fdf94b14e4a132e173f64e012a,test-or-oracle,25,12
source_reconstruction/title_system/oracle/player_data_compare.inl,017581f64a6c3bfaa835266cdb76015f8ba73cb5883c89986660a9f18adbd9f1,test-or-oracle,14,5
source_reconstruction/title_system/oracle/practice_compare.inl,629a1f3f05e7bdeeae0253c7a2ecb5fc0c8246bcf4262868d7643eaa73628426,test-or-oracle,35,13
source_reconstruction/title_system/oracle/rank_compare.inl,9c9509adfb3f9acfb5d39393dd1a09b84314d9b5dafd9c81e4ac1c5a8eeff439,test-or-oracle,23,11
source_reconstruction/title_system/oracle/replay_compare.inl,226ad88013f265790288c21315e4880995ad59c92690527e99b399d1447cf775,test-or-oracle,17,8
source_reconstruction/title_system/oracle/save_compare.inl,d063cdabd0066115df48b9145ce76d5bd4f137396a18056ce6407f448f926caa,test-or-oracle,19,9
source_reconstruction/title_system/oracle/selection_compare.inl,b3f90ddc7ab40d40c43e41cf66fa58cbe48a13799220d635300a86777401a3e6,test-or-oracle,0,0
source_reconstruction/title_system/oracle/selection_fixture.hpp,3bfe075de9708264abd523170c80d4112a2383d2bb4ab0aa48dbc162423bb29c,test-or-oracle,30,1
source_reconstruction/title_system/oracle/stage_compare.inl,9be697f6e56585cb89fe9387e674924b4dba4c40537ee426fa6fbc0143544863,test-or-oracle,25,11
source_reconstruction/title_system/oracle/stones_compare.inl,7284b005dde9fc33b12322e5cb7178c2f5b3fa76106f6c016be49efd66a423d8,test-or-oracle,28,14
source_reconstruction/title_system/pages.hpp,16fb3fe743d898bd43cbf6c571c60a81844be8fb89cb5f63aa50737843bae918,reconstruction-candidate,0,0
source_reconstruction/title_system/player_data.cpp,767b1cdc11bcaac59dac57839a7109bae378f8cf501261726311df8a90ec853a,reconstruction-candidate,3,0
source_reconstruction/title_system/player_data.hpp,20d9292fc98c622df84a9a29b1634b2340c69e3874e10b586fad9a003097a400,reconstruction-candidate,3,0
source_reconstruction/title_system/player_data_constants.hpp,de2a8999f3a7bdc12e646fb26fb1d65b54b81152ee713761756eaf10de443738,reconstruction-candidate,0,0
source_reconstruction/title_system/player_data_draw.cpp,bf26f8ff93d2e96223b269d6527dfe07041d382dd801606fc6661b54590bc3ee,reconstruction-candidate,2,0
source_reconstruction/title_system/player_data_environment.cpp,6c529b738cfd63b7515e2253a1837edad0c9bd2d5f03e1b5bfb837bf8b3e9c50,reconstruction-candidate,13,0
source_reconstruction/title_system/player_data_keys.cpp,e8c189f47d6ec045097145d5c10d65ed5c8c83a3f3f47a09319030dfe6a233cc,reconstruction-candidate,1,0
source_reconstruction/title_system/player_data_unlock.cpp,c8be3cea7eb4ea96c185d725f8b2857b41bb9cf2dd5cd7f3c3f285c7c2082a11,reconstruction-candidate,1,0
source_reconstruction/title_system/practice.cpp,4a247e7565eb6aed129baa74d17236096a0a4bd925c85a1937612f8e3995b678,reconstruction-candidate,6,0
source_reconstruction/title_system/practice.hpp,8bb77ebeddf26a52bc6ddaa3497a7919356d4b91b3e2200242c582d9fc018455,reconstruction-candidate,2,0
source_reconstruction/title_system/practice_cards.cpp,db56e11e5a75a017cd3c0f044c7c2b7144d8d8b2cccbfcf3c33d42127b4fe513,reconstruction-candidate,6,0
source_reconstruction/title_system/practice_data.hpp,2be12bff1f47c1ed5ebe196d4f87a8b5c667cbc9d5282367e23a3ce59fef3f29,reconstruction-candidate,0,0
source_reconstruction/title_system/practice_draw.cpp,1ae44f57c32777ee9ea8de00922561c76c255b8ff2529d57ae2b11cc35410d3e,reconstruction-candidate,1,0
source_reconstruction/title_system/practice_environment.cpp,912de1c694b27d42b04bdc786dc4a6e52a52e55ff757682fa6429574ecdcf95f,reconstruction-candidate,14,0
source_reconstruction/title_system/practice_pool_cpu_cases.inc,c4ae0b32d9c4f2285e5b0b49924a1fb4c7785fd5d7d3bf92a4bfa26e7e1f6dcf,test-or-oracle,2,0
source_reconstruction/title_system/practice_pool_fixture.hpp,c91c3cf3ea8dcfebda168c96955eca07e6b1b6825b9e565048f05a174ae140d8,test-or-oracle,48,0
source_reconstruction/title_system/progress_queries.cpp,533a7b30eef3e7039bccbd7c21582b01cc6a8d786dc211c6f9251844ff6037b2,reconstruction-candidate,7,0
source_reconstruction/title_system/progress_queries.hpp,c9b0ab2c2df50947796700b7abd9e399d55ed4999c3899c2d771cbe49d117643,reconstruction-candidate,0,0
source_reconstruction/title_system/rank_draw.cpp,7e86a8e7e4a2814a215f9f219d67e189bec32b18350417217a7ffce6b7370ecd,reconstruction-candidate,2,0
source_reconstruction/title_system/rank_entry.cpp,39952db2a631ceba2c4b18bf78ead50746e8ee7b6969eff364753e2ffeadc061,reconstruction-candidate,5,0
source_reconstruction/title_system/rank_entry.hpp,2581fa75d9f6403e335c9b4f1493dd97d6794c0e47a5d2c21dcd47d21746fcec,reconstruction-candidate,2,0
source_reconstruction/title_system/rank_environment.cpp,ab39606b54d265301ac0ad746f91da5cf0dd13bead112c7c30b293b71b803d7c,reconstruction-candidate,13,0
source_reconstruction/title_system/replay_draw.cpp,75147137deade68b66419be0295a22c51d2a764be0364b3bc66a65549334ef26,reconstruction-candidate,5,0
source_reconstruction/title_system/replay_draw_adapter.cpp,80ac5e4cf0ff6cbea97687ee70c098138367a912fc24f8e552b9826d6dabe297,reconstruction-candidate,1,0
source_reconstruction/title_system/replay_draw_cpu_cases.inc,1fd4b7d6afe40c9d7d29e633760ae5e7285b6dfe212786a4e15c691de54f5c2e,test-or-oracle,1,0
source_reconstruction/title_system/replay_draw_data.hpp,b3fa63a78e416465dee42ad7d1fcf7e54d5328b6a2b9710121936835673b57d2,reconstruction-candidate,0,0
source_reconstruction/title_system/replay_environment.cpp,338cb41c8097e3a9a46644171d88a4527ea272bccab5205bdfe7f7706151dd64,reconstruction-candidate,11,0
source_reconstruction/title_system/replay_format_probe.cpp,e70ba33db046dac90f8e5b52021580f314730db3c2b221564741c5891492a224,reconstruction-candidate,3,0
source_reconstruction/title_system/replay_menu.cpp,f5cd51796793f796f4c036e9c13bc38c95ea9bf6f4523edfb3bd9759cb1e9674,reconstruction-candidate,3,0
source_reconstruction/title_system/replay_menu.hpp,937447c7517617f19c8a4dbc5c6ef248ec6ac298d7ffa8992cf9146a8b209429,reconstruction-candidate,2,0
source_reconstruction/title_system/replay_save.cpp,76c82b2c96df37043ef455725729889e82f4dcff7a1cb54bf8e14846136e31f0,reconstruction-candidate,2,0
source_reconstruction/title_system/replay_save.hpp,962d12524fbcdc60f26e8f55f43a98d34d26448076c32a80cf7350fede9ed4f2,reconstruction-candidate,2,0
source_reconstruction/title_system/replay_save_draw.cpp,bdbb8465d7de171ad24338b62b382b5a03eeb890dda4ab8eb2aa4d1309f8d68c,reconstruction-candidate,4,0
source_reconstruction/title_system/replay_save_environment.cpp,084c5c3f3c5dd8b6f04ae278c3d6c98bbac08dc4bf1410ea43fd4743a9425cc5,reconstruction-candidate,11,0
source_reconstruction/title_system/run_replay_format_probe.py,074be7bf854ba4e44e46ae6997b2b82be99eb0022ec0cb2291c093dee0b18e35,tool-or-support,2,0
source_reconstruction/title_system/run_save_format_probe.py,f85bfa58883b971fe030b82437d3923b9c5cce9e0afb08361ad3ad4c31b83167,tool-or-support,1,0
source_reconstruction/title_system/selection.hpp,b25126f52528b0931d666c0a537ec2ceaeaca5d838f9d0cea94dfa7cfee038d1,reconstruction-candidate,2,0
source_reconstruction/title_system/selection_environment.cpp,85bfde4e7ad0712cc794e052e2da96d1ee62122ef381e5fb38c00ff59f9ed94d,reconstruction-candidate,14,0
source_reconstruction/title_system/simple_pages.cpp,ecc57c319b55c17b82491681e9d60eacb2dd483b3a9c2d6e6c45eeefd5440ef6,reconstruction-candidate,2,0
source_reconstruction/title_system/stage_draw_cpu_cases.inc,677baa6b4d4fbc8a7250df92bb37bf7c691653316bd3843c5d693d19cb803486,test-or-oracle,1,0
source_reconstruction/title_system/stage_select.cpp,65e5cd2f3c4d14bdf9db039c854767f5ab5b21d0fa598a114d697ecc54e5a4b6,reconstruction-candidate,1,0
source_reconstruction/title_system/stage_select.hpp,7061d9c18b6eaf8ad7376ca028a31e09298f788f6e06f5fa6ab6fd288c228dd7,reconstruction-candidate,3,0
source_reconstruction/title_system/stage_select_data.hpp,7e769026128e7ae4d845f48ae8f6c8b8863080a62ab4fe2205a478043230e97f,reconstruction-candidate,0,0
source_reconstruction/title_system/stage_select_draw.cpp,3ab6c0f6117ca1c82bad527d85fb916f0bea39cc934a80631b35aae49acfab94,reconstruction-candidate,1,0
source_reconstruction/title_system/stage_select_environment.cpp,40117b8a7269d72b7ca6674d1e0bebcfc2c5ec446e0a29cfeca6caa5b943a967,reconstruction-candidate,17,0
source_reconstruction/title_system/state.cpp,d58eeea8a72543ed0bd370811ce0fc069d5b6cfec5381f5ac7c159a63ea6b113,reconstruction-candidate,4,0
source_reconstruction/title_system/stones.cpp,3084c7a03071393af037ab52343de0a8b2ebdd815888ddc707558ee40476ad0f,reconstruction-candidate,3,0
source_reconstruction/title_system/stones.hpp,97456b0c0afd1ba311aabed15a86660b767cc847e2ec32e096c4146237a1d11b,reconstruction-candidate,2,0
source_reconstruction/title_system/stones_adapter.cpp,764def2c2119a0496a22ab05aea8862e57ca4539ad8da462d430aee3f707bd9a,reconstruction-candidate,16,0
source_reconstruction/title_system/stones_data.hpp,7b05bc39336badc6156ee941eb2d9fc9efb329317ac9f09e9ff4be0fc110ffd7,reconstruction-candidate,0,0
source_reconstruction/title_system/stones_draw.cpp,c2364a51802cd0e745c931ba8b1b4259e5ff72f95206467cdf087a6f97f6732c,reconstruction-candidate,1,0
source_reconstruction/title_system/stones_draw_cpu_cases.inc,863bde1005aeeb696f9b45b81a25efc956612bbf487f2732bacb8dd170bd3eff,test-or-oracle,7,0
source_reconstruction/title_system/stones_pool_fixture.hpp,eca1e784e55251e19577eb85486d9ed31ee580ee7f46d8508d024092c8e64885,test-or-oracle,14,0
source_reconstruction/title_system/title.hpp,bd8efb8baa421044535158be293d19eab01a5f2b9269c0188162d585e813d97f,reconstruction-candidate,2,0
source_reconstruction/trophy_system/codec.cpp,de751e5a995cebb6db8d532d9f7d12005770124727976e1ce1cd7c9cecafb3b0,reconstruction-candidate,5,0
source_reconstruction/trophy_system/data_strings.hpp,e5a7d4ff486f26cf8627265c47d3f47cf969c0c78c0700c1f122d48ff71fc1bc,reconstruction-candidate,0,0
source_reconstruction/trophy_system/extract_data.py,13b4243226f12b6b88a018febafc272a967ada4664960ba8da9374f7b5860ad4,tool-or-support,2,0
source_reconstruction/trophy_system/lifecycle.cpp,7e0778caff7b652c8bda408a40b20bd20466744a017af61f83a9ebe437558d7e,reconstruction-candidate,8,0
source_reconstruction/trophy_system/oracle/compare.cpp,9d369438b58700ab20d418e0fe43133808b054a39f9e8bb7c67f21574ab82d18,test-or-oracle,7,1
source_reconstruction/trophy_system/pool_cpu_cases.inc,607466d4381f0baf2b89938b14631c021e9116ca9d55dad9fc395b6ed480c3d1,test-or-oracle,5,0
source_reconstruction/trophy_system/pool_fixture.hpp,c74076399ae92b2d48cf1a4d21656a72035bd460ef495e1ac34b4a96c9653f01,test-or-oracle,8,4
source_reconstruction/trophy_system/queue.cpp,75572940d5aaa73cec1c576e0ce98b59bc6b014450c37a70267283dcdd46d1c0,reconstruction-candidate,6,0
source_reconstruction/trophy_system/records.cpp,bef4171fbd14ccd2d20fe7f0cc0afd79e26737f246d2ba094d1e7e5865423035,reconstruction-candidate,2,0
source_reconstruction/trophy_system/resources.cpp,1843ef558721182424601ad6f9b4bcc7b902d2e4b8eb42c2d7c80d2f5110486e,reconstruction-candidate,4,0
source_reconstruction/trophy_system/trophy.hpp,4a7b8efc095452f5b523dd625a6f6354859a15632e1fbcd79d213a416753100d,reconstruction-candidate,1,0
source_reconstruction/trophy_system/update.cpp,a0e9b3b612da8161aa22ecad9f8f74eee2f4e1107fd0e668479ea11e392946b8,reconstruction-candidate,1,0
src/binary.cpp,995a1a8a38730fe2fde4233f54a34d11bb54bf9b664889d108dc2863415d82a2,tool-or-support,15,0
src/ecl.cpp,e981e68dd46cd63976c3f3150742fd0062ed47a361e2ec3d77d5940d1e57af8d,tool-or-support,10,0
src/main.cpp,5190c9ec670d340ce60194a2290a030e8baa8ab6825a34c420b95faa40ee136a,tool-or-support,6,1
src/pe.cpp,36730088f9b1cb5803d8907cd8dd53ddf503b51ee94d08762e10adf2b3c62155,tool-or-support,4,0
tests/binary_tests.cpp,ed3a15b6e0b197ede46ceaae43d2488bb9471419fed06c3fea67a34d93616af2,test-or-oracle,18,0
tests/check_export_consistency.ps1,1c080dae9b79908d56aff2821e4b94cad22d9bf121d06c6e39e83766db13cbd7,tool-or-support,1,1
tests/compare_native_oracles.py,6e097a47a776bccbd3459f10e34f3afa9ca22451fde071d20f7d0655d708c380,tool-or-support,3,0
tests/native_cpu_compare.cpp,03727a7959b75994ad77f2165a08f16eb480cb83d6c150bb166dc0c0187e4578,test-or-oracle,19,3
tests/validate_native_cpu.ps1,9f0c97c942b790dd49df3c6afded904d5492d9731452e01460e9a4bab6e9685a,tool-or-support,1,1
tests/validate_native_edges.py,8347240a63d266665c148ce4faa53c35a12cf3c45bbc3652c58b3559f724045c,tool-or-support,5,0
tools/asset_build_thtk.ps1,3a3ec173bd534f35c60279b0cf320d08db145e19b83f12e17b21dd22fc7fea3e,tool-or-support,1,1
tools/asset_extract_index.c,6ba83ab687235b3cf40bb4900d25ba472e7b1465a06191fd7e4bba38024d7395,tool-or-support,1,0
tools/asset_recover.py,3df0afe70b7698e464fce37e395ab32bedb8b63b43c63914fdd85bdab3f8d324,tool-or-support,7,0
tools/binary_allocations.py,33f3185c795f3632437214c1e2b370465313d5feb37bfcc7a343de43486674de,tool-or-support,4,0
tools/binary_analyze.py,ac97d8fb972e53dbfe092ee536c136770b0eeb54709db997a22440f352dec0ad,tool-or-support,5,0
tools/binary_download.py,d757237a2c41921176b85919a18287ba126545a175b07c458062255d454f1537,tool-or-support,3,0
tools/binary_ghidra_index.py,ca21e05e93085165af844b5e0cbfea1f6b27564a06e7fd345ec7d1c1c92e1f3b,tool-or-support,4,0
tools/binary_merge_retry.py,ecce7097473a5c837b5a2aefc86c0cd22400831f09b2013a59af23f055881d55,tool-or-support,5,0
tools/binary_source_map.py,92205d9f2c6de30f7c15406e2e3befbd8b3b49a0d97e835d237c53d8d17c9770,tool-or-support,4,0
tools/build_playable.py,e83739f09f17177e8f2ef216ea6cf9dbabf4246be1fcb0d4845d4d9ffd26026c,tool-or-support,12,0
tools/export_native_evidence.py,31fbfe69f0b6ae00911f2901b5b9d4a1a2f6da74f5ee8c26a138a755a4072cca,tool-or-support,1,0
tools/extract_controller_callbacks.py,e0319cbfbeb8ca33032e2ac218b752504975035c0e23f6da6baaed959e3c791d,tool-or-support,1,0
tools/extract_function_evidence.py,ee37d06e67e1fc436d3dcf5d041d7bcf07c7a0c27a1848ff406e33693793e82b,tool-or-support,2,0
tools/ghidra_run.ps1,54085a29cfa890d3919131075aa55abb6baccd7abbd0b81b29e2612a222fdcd5,tool-or-support,1,1
tools/package_source.py,5a1979db9b0e34e3def3a21bdfcdfe6002d1e43c329e7184cf7a1572efbcfff5,tool-or-support,1,0
tools/recover_bgm.py,7ca90f228e5b2bea40363f7ce82786914ed44f7a43b7cc4ab25685514a014f10,tool-or-support,2,0
tools/recover_bullet_styles.py,1f7a4360fb75fb1c86743a1cece8281d947697f007948363a6f6bbba0b956bd7,tool-or-support,1,0
tools/source_manifest.py,cb2f3cdfbbef6bbda72549e94534abbda0e788aae0adc4c767084e2751a3162c,tool-or-support,3,0
tools/validate_native.py,15c3a92aef5163b5ed4665e8cee087c2f5ee71a7161faecfade08221a2153b29,tool-or-support,4,0
tools/verify_artifacts.py,7a0d0221def667e581c5757252622764510e2a06ab6469fe3c67ae2a89c9cb9f,tool-or-support,3,0
tools/verify_source_snapshot.py,2b288552b215965eb608891a20513da11d4f61b7fceb743567e9817d09dea4f6,tool-or-support,2,0
